series_id,horizonte,n,mae,rmse,mape_pct,mase,cobertura,cobertura_nominal,amplitud_media,modelo
13101,1,13,15.538,17.991,25.945,1.1792,0.4615,0.8,32.738,baseline_estacional
13101,2,13,11.846,15.492,23.203,0.899,0.6154,0.8,32.808,baseline_estacional
13101,3,13,10.154,12.166,14.798,0.7705,0.6923,0.8,32.877,baseline_estacional
13101,4,13,9.923,11.063,14.927,0.753,0.5385,0.8,32.685,baseline_estacional
13101,5,13,13.308,15.814,22.218,1.0099,0.5385,0.8,32.738,baseline_estacional
13101,6,13,12.538,15.911,24.791,0.9515,0.6154,0.8,32.785,baseline_estacional
13101,7,13,11.154,12.767,16.434,0.8464,0.6923,0.8,32.831,baseline_estacional
13101,8,13,9.615,10.923,14.377,0.7297,0.6154,0.8,32.885,baseline_estacional
13102,1,13,9.615,10.565,41.832,1.1758,0.8462,0.8,25.615,baseline_estacional
13102,2,13,8.846,10.55,43.673,1.0818,0.8462,0.8,25.692,baseline_estacional
13102,3,13,6.308,7.585,26.12,0.7713,0.8462,0.8,25.769,baseline_estacional
13102,4,13,9.154,11.855,25.136,1.1194,0.6923,0.8,25.846,baseline_estacional
13102,5,13,9.615,10.565,40.55,1.1758,0.8462,0.8,25.477,baseline_estacional
13102,6,13,8.692,10.374,41.402,1.0629,0.9231,0.8,25.254,baseline_estacional
13102,7,13,6.154,7.359,24.438,0.7525,0.9231,0.8,25.354,baseline_estacional
13102,8,13,9.154,11.855,24.88,1.1194,0.6923,0.8,25.423,baseline_estacional
13103,1,13,21.538,27.854,44.492,0.7148,0.6923,0.8,92.015,baseline_estacional
13103,2,13,19.308,22.869,30.604,0.6408,0.5385,0.8,92.154,baseline_estacional
13103,3,13,16.308,20.245,23.045,0.5412,0.6923,0.8,92.292,baseline_estacional
13103,4,13,9.923,12.194,12.986,0.3293,1.0,0.8,92.408,baseline_estacional
13103,5,13,21.308,27.675,43.466,0.7072,0.7692,0.8,92.523,baseline_estacional
13103,6,13,17.615,21.731,27.992,0.5846,0.6923,0.8,92.662,baseline_estacional
13103,7,13,14.615,18.86,20.636,0.4851,0.7692,0.8,92.8,baseline_estacional
13103,8,13,10.308,12.613,14.137,0.3421,1.0,0.8,92.915,baseline_estacional
13104,1,13,7.923,11.639,24.79,0.6499,0.8462,0.8,31.354,baseline_estacional
13104,2,13,9.538,12.551,30.528,0.7824,0.7692,0.8,31.177,baseline_estacional
13104,3,13,9.615,11.385,30.069,0.7887,0.7692,0.8,31.231,baseline_estacional
13104,4,13,8.462,10.175,22.033,0.6941,0.7692,0.8,31.277,baseline_estacional
13104,5,13,8.385,11.874,25.776,0.6878,0.8462,0.8,31.031,baseline_estacional
13104,6,13,9.385,12.453,30.414,0.7698,0.6923,0.8,31.077,baseline_estacional
13104,7,13,9.077,11.073,28.717,0.7446,0.7692,0.8,31.123,baseline_estacional
13104,8,13,8.462,10.175,22.051,0.6941,0.7692,0.8,30.977,baseline_estacional
13105,1,13,9.615,11.242,34.597,1.2386,0.6923,0.8,24.2,baseline_estacional
13105,2,13,7.154,9.668,20.068,0.9215,0.8462,0.8,24.231,baseline_estacional
13105,3,13,12.923,23.485,27.442,1.6647,0.7692,0.8,24.323,baseline_estacional
13105,4,13,7.231,9.257,22.667,0.9314,0.8462,0.8,24.392,baseline_estacional
13105,5,13,10.0,11.496,36.332,1.2881,0.6923,0.8,24.462,baseline_estacional
13105,6,13,6.692,9.278,18.407,0.8621,0.8462,0.8,24.546,baseline_estacional
13105,7,13,12.538,23.362,25.724,1.6151,0.7692,0.8,24.631,baseline_estacional
13105,8,13,7.077,9.24,22.251,0.9116,0.8462,0.8,24.7,baseline_estacional
13106,1,13,5.231,7.296,26.864,0.7896,0.8462,0.8,19.508,baseline_estacional
13106,2,13,4.538,5.211,25.685,0.6851,1.0,0.8,19.654,baseline_estacional
13106,3,13,4.846,5.623,25.775,0.7315,1.0,0.8,19.569,baseline_estacional
13106,4,13,6.462,7.411,33.26,0.9753,0.7692,0.8,19.6,baseline_estacional
13106,5,13,5.154,7.27,26.434,0.7779,0.8462,0.8,19.4,baseline_estacional
13106,6,13,4.308,5.054,24.317,0.6502,1.0,0.8,19.331,baseline_estacional
13106,7,13,5.308,5.864,28.852,0.8012,1.0,0.8,19.308,baseline_estacional
13106,8,13,6.231,7.077,33.48,0.9405,0.8462,0.8,19.423,baseline_estacional
13107,1,13,8.923,11.715,43.803,0.5716,0.9231,0.8,40.323,baseline_estacional
13107,2,13,9.538,13.678,35.995,0.611,0.9231,0.8,40.408,baseline_estacional
13107,3,13,6.154,7.504,26.512,0.3942,1.0,0.8,40.8,baseline_estacional
13107,4,13,7.462,10.817,22.946,0.4779,1.0,0.8,40.385,baseline_estacional
13107,5,13,8.538,11.263,39.585,0.5469,0.9231,0.8,40.215,baseline_estacional
13107,6,13,9.308,13.618,35.306,0.5962,0.9231,0.8,39.585,baseline_estacional
13107,7,13,5.538,6.906,22.153,0.3548,1.0,0.8,39.231,baseline_estacional
13107,8,13,8.0,11.136,24.356,0.5124,0.9231,0.8,38.185,baseline_estacional
13108,1,13,16.769,18.618,47.021,1.0464,0.3846,0.8,42.462,baseline_estacional
13108,2,13,6.923,9.089,15.8,0.432,0.9231,0.8,42.585,baseline_estacional
13108,3,13,11.308,13.898,23.399,0.7056,0.6154,0.8,42.062,baseline_estacional
13108,4,13,10.231,12.767,23.234,0.6384,0.7692,0.8,42.177,baseline_estacional
13108,5,13,17.308,19.089,46.765,1.08,0.4615,0.8,42.292,baseline_estacional
13108,6,13,6.0,7.656,14.129,0.3744,0.7692,0.8,41.723,baseline_estacional
13108,7,13,11.462,14.008,23.26,0.7152,0.6923,0.8,41.231,baseline_estacional
13108,8,13,9.923,12.695,22.506,0.6192,0.7692,0.8,41.369,baseline_estacional
13109,1,13,3.308,4.029,43.543,0.793,0.9231,0.8,12.754,baseline_estacional
13109,2,13,3.308,3.813,37.602,0.793,0.8462,0.8,11.808,baseline_estacional
13109,3,13,3.077,4.076,43.695,0.7377,0.8462,0.8,12.046,baseline_estacional
13109,4,13,3.615,4.464,48.244,0.8668,0.8462,0.8,11.962,baseline_estacional
13109,5,13,3.308,4.029,43.593,0.793,0.9231,0.8,12.077,baseline_estacional
13109,6,13,2.923,3.442,34.347,0.7008,0.9231,0.8,11.662,baseline_estacional
13109,7,13,3.077,4.076,44.978,0.7377,0.8462,0.8,11.769,baseline_estacional
13109,8,13,3.769,4.599,53.629,0.9037,0.8462,0.8,11.8,baseline_estacional
13110,1,13,18.846,21.921,24.796,1.5352,0.6923,0.8,42.585,baseline_estacional
13110,2,13,22.154,24.626,23.669,1.8046,0.7692,0.8,41.885,baseline_estacional
13110,3,13,21.538,24.931,24.348,1.7545,0.6923,0.8,41.969,baseline_estacional
13110,4,13,25.154,31.042,26.053,2.049,0.4615,0.8,42.077,baseline_estacional
13110,5,13,18.846,21.921,24.792,1.5352,0.6923,0.8,42.154,baseline_estacional
13110,6,13,21.154,24.279,22.578,1.7231,0.7692,0.8,42.231,baseline_estacional
13110,7,13,21.231,24.869,23.975,1.7294,0.6923,0.8,42.308,baseline_estacional
13110,8,13,25.923,31.215,26.928,2.1116,0.4615,0.8,42.385,baseline_estacional
13111,1,13,8.692,11.167,44.595,1.4455,0.6923,0.8,20.108,baseline_estacional
13111,2,13,10.385,13.047,36.552,1.727,0.6923,0.8,20.015,baseline_estacional
13111,3,13,11.769,12.431,41.721,1.9572,0.7692,0.8,20.092,baseline_estacional
13111,4,13,12.385,13.731,41.168,2.0596,0.3846,0.8,20.169,baseline_estacional
13111,5,13,8.615,11.136,44.091,1.4328,0.6923,0.8,20.169,baseline_estacional
13111,6,13,10.538,13.106,36.802,1.7526,0.6923,0.8,20.2,baseline_estacional
13111,7,13,10.615,11.516,38.033,1.7654,0.6923,0.8,20.015,baseline_estacional
13111,8,13,13.231,14.655,41.603,2.2003,0.3077,0.8,20.085,baseline_estacional
13112,1,13,10.385,13.618,25.814,0.9613,0.6923,0.8,33.492,baseline_estacional
13112,2,13,6.923,9.274,14.931,0.6409,0.9231,0.8,33.6,baseline_estacional
13112,3,13,11.462,13.402,25.817,1.061,0.7692,0.8,33.708,baseline_estacional
13112,4,13,10.692,14.377,24.541,0.9898,0.8462,0.8,33.831,baseline_estacional
13112,5,13,9.231,12.878,22.925,0.8545,0.7692,0.8,33.954,baseline_estacional
13112,6,13,8.308,10.663,19.085,0.769,0.8462,0.8,34.062,baseline_estacional
13112,7,13,12.462,14.093,28.792,1.1536,0.6923,0.8,34.169,baseline_estacional
13112,8,13,10.538,14.269,24.523,0.9755,0.8462,0.8,34.292,baseline_estacional
13113,1,13,6.308,8.367,56.632,1.2517,0.7692,0.8,15.215,baseline_estacional
13113,2,13,4.692,5.357,34.137,0.9311,0.9231,0.8,14.854,baseline_estacional
13113,3,13,4.846,6.083,42.189,0.9616,0.8462,0.8,14.846,baseline_estacional
13113,4,13,5.231,6.013,36.455,1.038,0.8462,0.8,15.0,baseline_estacional
13113,5,13,6.923,8.867,58.2,1.3738,0.6923,0.8,15.0,baseline_estacional
13113,6,13,4.462,5.248,31.145,0.8853,0.9231,0.8,14.846,baseline_estacional
13113,7,13,4.538,5.385,30.406,0.9006,0.8462,0.8,14.846,baseline_estacional
13113,8,13,5.231,6.013,36.839,1.038,0.8462,0.8,15.0,baseline_estacional
13114,1,13,6.538,8.801,218.994,1.0141,0.7692,0.8,18.292,baseline_estacional
13114,2,13,9.0,9.77,353.98,1.3959,0.6154,0.8,18.938,baseline_estacional
13114,3,13,5.769,6.627,108.105,0.8948,0.8462,0.8,18.092,baseline_estacional
13114,4,13,11.769,17.774,272.482,1.8254,0.6154,0.8,18.408,baseline_estacional
13114,5,13,7.077,9.072,236.202,1.0976,0.7692,0.8,18.277,baseline_estacional
13114,6,13,8.692,9.515,353.553,1.3482,0.6154,0.8,18.938,baseline_estacional
13114,7,13,6.0,6.748,110.925,0.9306,0.6923,0.8,18.108,baseline_estacional
13114,8,13,11.538,17.716,271.062,1.7896,0.6154,0.8,18.538,baseline_estacional
13115,1,13,2.538,2.842,67.165,1.383,0.8462,0.8,5.523,baseline_estacional
13115,2,13,1.385,1.754,71.667,0.7543,0.8462,0.8,5.846,baseline_estacional
13115,3,13,2.231,2.869,123.81,1.2153,0.7692,0.8,5.277,baseline_estacional
13115,4,13,2.0,3.351,38.472,1.0896,0.9231,0.8,5.762,baseline_estacional
13115,5,13,2.308,2.717,58.074,1.2572,0.8462,0.8,5.523,baseline_estacional
13115,6,13,1.308,1.732,67.5,0.7124,1.0,0.8,6.038,baseline_estacional
13115,7,13,2.385,3.026,120.476,1.2991,0.7692,0.8,5.462,baseline_estacional
13115,8,13,2.0,3.351,38.472,1.0896,0.9231,0.8,5.823,baseline_estacional
13116,1,13,6.769,8.936,23.173,0.7577,0.9231,0.8,25.892,baseline_estacional
13116,2,13,6.923,8.779,22.306,0.7749,0.8462,0.8,25.946,baseline_estacional
13116,3,13,4.308,5.378,12.258,0.4822,1.0,0.8,25.615,baseline_estacional
13116,4,13,8.231,10.187,22.076,0.9213,0.6923,0.8,25.692,baseline_estacional
13116,5,13,6.615,8.884,22.629,0.7405,0.9231,0.8,25.769,baseline_estacional
13116,6,13,7.077,8.832,23.113,0.7921,0.8462,0.8,25.854,baseline_estacional
13116,7,13,5.308,7.066,14.19,0.5941,0.9231,0.8,25.938,baseline_estacional
13116,8,13,7.692,9.56,21.138,0.861,0.7692,0.8,25.554,baseline_estacional
13117,1,13,8.923,11.052,23.667,1.195,0.6154,0.8,20.815,baseline_estacional
13117,2,13,7.154,12.394,13.917,0.958,0.7692,0.8,20.869,baseline_estacional
13117,3,13,7.769,9.958,19.159,1.0405,0.6923,0.8,20.923,baseline_estacional
13117,4,13,7.769,9.203,20.054,1.0405,0.8462,0.8,20.992,baseline_estacional
13117,5,13,8.0,10.451,21.166,1.0714,0.6154,0.8,21.062,baseline_estacional
13117,6,13,6.769,11.576,15.342,0.9065,0.7692,0.8,21.146,baseline_estacional
13117,7,13,7.154,9.253,17.592,0.958,0.7692,0.8,21.231,baseline_estacional
13117,8,13,7.538,8.987,19.761,1.0096,0.7692,0.8,21.323,baseline_estacional
13118,1,13,4.462,5.233,84.732,0.9103,0.9231,0.8,14.908,baseline_estacional
13118,2,13,4.846,5.929,44.162,0.9887,1.0,0.8,14.231,baseline_estacional
13118,3,13,4.077,5.196,70.319,0.8318,0.9231,0.8,14.938,baseline_estacional
13118,4,13,4.385,5.24,63.138,0.8946,0.6923,0.8,14.877,baseline_estacional
13118,5,13,4.231,5.122,82.704,0.8632,0.9231,0.8,14.969,baseline_estacional
13118,6,13,5.462,7.238,42.995,1.1143,0.9231,0.8,14.362,baseline_estacional
13118,7,13,3.538,3.961,48.291,0.7219,1.0,0.8,14.923,baseline_estacional
13118,8,13,4.154,5.129,61.273,0.8475,0.6923,0.8,14.915,baseline_estacional
13119,1,13,21.308,27.136,26.075,1.4015,0.6923,0.8,47.292,baseline_estacional
13119,2,13,19.308,25.907,19.996,1.2699,0.6154,0.8,46.954,baseline_estacional
13119,3,13,21.231,25.185,22.988,1.3964,0.5385,0.8,47.031,baseline_estacional
13119,4,13,23.0,27.017,23.784,1.5128,0.6154,0.8,46.846,baseline_estacional
13119,5,13,19.846,26.344,24.458,1.3053,0.6154,0.8,46.923,baseline_estacional
13119,6,13,20.077,26.143,21.239,1.3205,0.6154,0.8,46.977,baseline_estacional
13119,7,13,20.385,24.966,21.664,1.3407,0.5385,0.8,47.031,baseline_estacional
13119,8,13,21.846,26.391,22.373,1.4369,0.6154,0.8,47.092,baseline_estacional
13120,1,13,8.769,10.168,36.835,1.1154,0.7692,0.8,26.015,baseline_estacional
13120,2,13,9.077,10.983,34.023,1.1546,0.6154,0.8,25.908,baseline_estacional
13120,3,13,8.154,9.961,24.575,1.0371,0.9231,0.8,25.954,baseline_estacional
13120,4,13,6.308,7.275,22.382,0.8023,1.0,0.8,26.0,baseline_estacional
13120,5,13,8.846,10.194,37.249,1.1252,0.7692,0.8,26.046,baseline_estacional
13120,6,13,7.923,10.05,30.824,1.0078,0.7692,0.8,25.954,baseline_estacional
13120,7,13,8.0,9.79,25.065,1.0176,0.9231,0.8,25.969,baseline_estacional
13120,8,13,6.769,7.706,24.58,0.861,1.0,0.8,25.977,baseline_estacional
13121,1,13,7.0,9.612,24.986,0.9032,0.7692,0.8,23.215,baseline_estacional
13121,2,13,7.538,10.221,28.402,0.9727,0.7692,0.8,22.677,baseline_estacional
13121,3,13,4.538,5.582,13.979,0.5856,1.0,0.8,22.385,baseline_estacional
13121,4,13,7.385,9.648,20.515,0.9529,0.7692,0.8,22.254,baseline_estacional
13121,5,13,6.769,9.576,24.287,0.8734,0.7692,0.8,22.292,baseline_estacional
13121,6,13,7.615,10.239,28.631,0.9826,0.7692,0.8,22.338,baseline_estacional
13121,7,13,4.769,6.038,15.674,0.6154,0.9231,0.8,22.385,baseline_estacional
13121,8,13,6.769,8.348,20.708,0.8734,0.7692,0.8,22.438,baseline_estacional
13122,1,13,13.077,17.056,29.062,0.9542,0.6923,0.8,33.262,baseline_estacional
13122,2,13,12.231,14.156,22.118,0.8925,0.9231,0.8,33.392,baseline_estacional
13122,3,13,9.385,11.642,17.463,0.6848,0.6923,0.8,33.108,baseline_estacional
13122,4,13,15.846,18.225,28.433,1.1563,0.6923,0.8,32.485,baseline_estacional
13122,5,13,13.462,17.113,29.816,0.9823,0.6923,0.8,32.138,baseline_estacional
13122,6,13,11.769,13.792,20.917,0.8588,0.8462,0.8,32.177,baseline_estacional
13122,7,13,10.692,12.869,19.601,0.7802,0.6923,0.8,32.277,baseline_estacional
13122,8,13,16.308,18.601,28.616,1.19,0.6923,0.8,32.338,baseline_estacional
13123,1,13,15.231,18.263,33.971,1.0778,0.6923,0.8,40.108,baseline_estacional
13123,2,13,14.385,17.18,25.815,1.0179,0.6923,0.8,40.162,baseline_estacional
13123,3,13,14.0,17.187,25.719,0.9907,0.6923,0.8,40.215,baseline_estacional
13123,4,13,22.231,38.041,35.927,1.5731,0.8462,0.8,40.262,baseline_estacional
13123,5,13,14.462,18.009,32.338,1.0233,0.7692,0.8,40.308,baseline_estacional
13123,6,13,13.692,16.834,24.343,0.9689,0.6923,0.8,40.354,baseline_estacional
13123,7,13,13.923,17.144,25.189,0.9852,0.7692,0.8,40.4,baseline_estacional
13123,8,13,21.308,37.798,33.984,1.5078,0.8462,0.8,40.438,baseline_estacional
13124,1,13,14.538,19.253,35.862,1.0843,0.8462,0.8,41.492,baseline_estacional
13124,2,13,9.077,11.76,17.823,0.677,0.8462,0.8,40.923,baseline_estacional
13124,3,13,4.692,5.877,9.035,0.35,1.0,0.8,41.031,baseline_estacional
13124,4,13,11.385,13.033,20.286,0.8491,0.9231,0.8,41.123,baseline_estacional
13124,5,13,13.923,18.669,33.816,1.0384,0.9231,0.8,41.215,baseline_estacional
13124,6,13,8.385,10.937,16.416,0.6253,0.9231,0.8,41.338,baseline_estacional
13124,7,13,6.462,9.821,10.919,0.4819,0.9231,0.8,41.462,baseline_estacional
13124,8,13,10.615,12.366,18.489,0.7917,1.0,0.8,41.085,baseline_estacional
13125,1,13,14.154,16.248,26.713,1.2745,0.5385,0.8,36.369,baseline_estacional
13125,2,13,9.615,13.601,18.402,0.8658,0.9231,0.8,36.454,baseline_estacional
13125,3,13,10.154,11.852,17.906,0.9143,0.7692,0.8,36.538,baseline_estacional
13125,4,13,13.462,15.613,22.495,1.2122,0.6923,0.8,36.638,baseline_estacional
13125,5,13,13.0,14.954,25.0,1.1706,0.6154,0.8,36.738,baseline_estacional
13125,6,13,10.769,14.304,21.071,0.9697,0.9231,0.8,36.738,baseline_estacional
13125,7,13,10.231,11.965,18.84,0.9213,0.6923,0.8,36.846,baseline_estacional
13125,8,13,14.538,17.0,25.642,1.3092,0.6154,0.8,36.369,baseline_estacional
13126,1,13,5.462,6.343,31.616,0.8975,0.9231,0.8,18.431,baseline_estacional
13126,2,13,5.0,7.458,25.056,0.8216,0.9231,0.8,18.338,baseline_estacional
13126,3,13,4.692,6.208,24.272,0.7711,0.9231,0.8,18.477,baseline_estacional
13126,4,13,5.077,5.961,29.521,0.8343,1.0,0.8,18.323,baseline_estacional
13126,5,13,5.231,6.288,30.077,0.8595,0.9231,0.8,18.277,baseline_estacional
13126,6,13,5.0,7.458,24.979,0.8216,0.9231,0.8,18.185,baseline_estacional
13126,7,13,5.231,6.587,26.435,0.8595,0.9231,0.8,18.262,baseline_estacional
13126,8,13,5.615,6.355,31.222,0.9227,1.0,0.8,18.3,baseline_estacional
13127,1,13,67.154,90.501,22.105,0.7512,0.7692,0.8,226.923,baseline_estacional
13127,2,13,46.231,54.591,12.353,0.5172,0.9231,0.8,223.654,baseline_estacional
13127,3,13,40.385,52.1,10.95,0.4518,1.0,0.8,221.308,baseline_estacional
13127,4,13,43.385,58.54,11.001,0.4853,0.9231,0.8,220.415,baseline_estacional
13127,5,13,65.0,89.856,21.583,0.7271,0.6923,0.8,218.538,baseline_estacional
13127,6,13,45.769,54.252,12.319,0.512,0.9231,0.8,215.646,baseline_estacional
13127,7,13,45.308,55.13,12.67,0.5068,1.0,0.8,213.431,baseline_estacional
13127,8,13,40.231,56.372,10.033,0.45,0.9231,0.8,211.469,baseline_estacional
13128,1,13,9.462,13.579,27.83,1.0475,0.7692,0.8,29.508,baseline_estacional
13128,2,13,11.769,13.459,34.48,1.3029,0.6154,0.8,29.323,baseline_estacional
13128,3,13,7.615,9.572,22.592,0.8431,0.7692,0.8,29.354,baseline_estacional
13128,4,13,8.692,9.864,23.429,0.9623,0.9231,0.8,29.377,baseline_estacional
13128,5,13,9.615,13.635,28.083,1.0645,0.6923,0.8,29.4,baseline_estacional
13128,6,13,11.0,13.053,32.756,1.2178,0.6154,0.8,29.423,baseline_estacional
13128,7,13,8.077,9.715,24.131,0.8942,0.7692,0.8,29.446,baseline_estacional
13128,8,13,8.615,9.806,22.833,0.9538,0.9231,0.8,29.469,baseline_estacional
13129,1,13,5.615,7.83,37.86,1.0577,0.7692,0.8,16.0,baseline_estacional
13129,2,13,8.846,13.937,61.677,1.6662,0.6154,0.8,16.0,baseline_estacional
13129,3,13,3.077,4.206,26.506,0.5795,0.9231,0.8,16.0,baseline_estacional
13129,4,13,5.538,6.276,38.592,1.0432,0.8462,0.8,16.0,baseline_estacional
13129,5,13,5.154,6.889,37.983,0.9707,0.7692,0.8,16.0,baseline_estacional
13129,6,13,8.769,13.923,61.195,1.6517,0.6154,0.8,16.0,baseline_estacional
13129,7,13,3.385,4.42,27.802,0.6375,0.9231,0.8,16.0,baseline_estacional
13129,8,13,5.385,6.226,37.716,1.0142,0.8462,0.8,16.0,baseline_estacional
13130,1,13,16.462,25.057,29.619,0.8009,0.8462,0.8,52.6,baseline_estacional
13130,2,13,17.846,19.678,27.033,0.8683,0.9231,0.8,52.162,baseline_estacional
13130,3,13,16.077,20.079,21.719,0.7822,0.7692,0.8,51.846,baseline_estacional
13130,4,13,12.154,15.407,16.784,0.5914,0.9231,0.8,50.792,baseline_estacional
13130,5,13,17.154,25.263,30.389,0.8346,0.8462,0.8,50.954,baseline_estacional
13130,6,13,17.692,19.67,26.781,0.8608,0.9231,0.8,51.115,baseline_estacional
13130,7,13,16.615,20.358,22.873,0.8084,0.7692,0.8,51.277,baseline_estacional
13130,8,13,12.462,15.566,17.342,0.6063,0.9231,0.8,50.177,baseline_estacional
13131,1,13,11.846,16.205,20.523,0.6522,0.9231,0.8,48.354,baseline_estacional
13131,2,13,11.846,14.277,19.395,0.6522,0.9231,0.8,47.846,baseline_estacional
13131,3,13,10.846,14.253,16.192,0.5971,0.8462,0.8,47.938,baseline_estacional
13131,4,13,13.769,17.964,18.783,0.758,1.0,0.8,48.054,baseline_estacional
13131,5,13,13.231,17.038,22.408,0.7284,0.9231,0.8,48.169,baseline_estacional
13131,6,13,10.154,12.508,16.556,0.559,0.9231,0.8,48.285,baseline_estacional
13131,7,13,11.308,14.605,16.64,0.6225,0.8462,0.8,48.4,baseline_estacional
13131,8,13,14.077,18.032,19.326,0.775,1.0,0.8,47.915,baseline_estacional
13201,1,13,22.077,33.306,22.675,0.8277,0.8462,0.8,90.308,baseline_estacional
13201,2,13,16.077,18.862,13.54,0.6028,1.0,0.8,84.746,baseline_estacional
13201,3,13,12.846,14.387,11.102,0.4817,1.0,0.8,79.215,baseline_estacional
13201,4,13,13.923,18.185,11.646,0.522,1.0,0.8,74.438,baseline_estacional
13201,5,13,23.692,34.002,23.836,0.8883,0.8462,0.8,72.185,baseline_estacional
13201,6,13,14.462,17.205,12.173,0.5422,1.0,0.8,70.008,baseline_estacional
13201,7,13,13.308,14.892,11.328,0.499,1.0,0.8,67.123,baseline_estacional
13201,8,13,15.692,20.081,12.724,0.5884,0.9231,0.8,65.892,baseline_estacional
13202,1,13,3.0,4.549,144.954,0.9287,0.8462,0.8,9.8,baseline_estacional
13202,2,13,1.462,1.732,29.493,0.4525,1.0,0.8,9.862,baseline_estacional
13202,3,13,2.615,3.305,55.678,0.8097,0.8462,0.8,10.154,baseline_estacional
13202,4,13,3.077,4.095,85.386,0.9525,0.7692,0.8,9.662,baseline_estacional
13202,5,13,3.154,4.616,146.328,0.9763,0.8462,0.8,9.908,baseline_estacional
13202,6,13,1.462,1.732,29.982,0.4525,1.0,0.8,9.808,baseline_estacional
13202,7,13,2.923,3.573,58.028,0.9049,0.8462,0.8,9.923,baseline_estacional
13202,8,13,3.231,4.132,93.719,1.0002,0.7692,0.8,9.2,baseline_estacional
13203,1,13,4.462,5.262,69.356,1.1378,0.8462,0.8,11.554,baseline_estacional
13203,2,13,2.923,3.464,51.841,0.7455,1.0,0.8,11.246,baseline_estacional
13203,3,13,4.308,5.144,42.34,1.0986,0.8462,0.8,11.292,baseline_estacional
13203,4,13,3.385,4.261,45.758,0.8632,0.9231,0.8,12.046,baseline_estacional
13203,5,13,5.308,6.083,74.057,1.3536,0.7692,0.8,11.477,baseline_estacional
13203,6,13,2.923,3.464,69.148,0.7455,1.0,0.8,10.969,baseline_estacional
13203,7,13,4.154,5.084,39.593,1.0594,0.8462,0.8,11.446,baseline_estacional
13203,8,13,3.385,4.261,45.575,0.8632,0.9231,0.8,11.954,baseline_estacional
13301,1,13,13.154,16.312,42.832,0.6634,0.7692,0.8,58.6,baseline_estacional
13301,2,13,10.308,13.834,34.462,0.5198,0.7692,0.8,58.077,baseline_estacional
13301,3,13,10.0,12.304,28.871,0.5043,0.6923,0.8,57.492,baseline_estacional
13301,4,13,6.538,9.0,16.883,0.3297,0.9231,0.8,57.6,baseline_estacional
13301,5,13,13.385,16.544,44.611,0.675,0.6154,0.8,57.708,baseline_estacional
13301,6,13,10.538,13.909,35.097,0.5315,0.7692,0.8,57.808,baseline_estacional
13301,7,13,9.385,12.051,27.167,0.4733,0.6923,0.8,57.908,baseline_estacional
13301,8,13,5.154,6.912,13.196,0.2599,1.0,0.8,57.254,baseline_estacional
13302,1,13,15.615,19.153,43.781,1.1489,0.5385,0.8,37.877,baseline_estacional
13302,2,13,11.615,14.302,29.443,0.8546,0.7692,0.8,37.792,baseline_estacional
13302,3,13,9.154,10.688,26.042,0.6735,1.0,0.8,37.862,baseline_estacional
13302,4,13,11.154,13.986,25.683,0.8206,0.9231,0.8,37.808,baseline_estacional
13302,5,13,14.077,17.648,35.21,1.0357,0.6154,0.8,37.846,baseline_estacional
13302,6,13,11.385,14.245,28.798,0.8376,0.7692,0.8,37.854,baseline_estacional
13302,7,13,9.846,11.708,26.042,0.7244,0.8462,0.8,37.754,baseline_estacional
13302,8,13,11.308,14.052,26.353,0.8319,0.9231,0.8,37.8,baseline_estacional
13303,1,13,4.154,6.152,78.959,0.8275,0.7692,0.8,13.815,baseline_estacional
13303,2,13,3.154,4.104,62.517,0.6283,0.8462,0.8,14.138,baseline_estacional
13303,3,13,3.385,3.762,37.583,0.6743,1.0,0.8,13.538,baseline_estacional
13303,4,13,4.0,5.349,69.316,0.7969,0.7692,0.8,13.938,baseline_estacional
13303,5,13,3.154,4.78,54.6,0.6283,0.8462,0.8,13.892,baseline_estacional
13303,6,13,3.077,4.019,65.402,0.613,0.8462,0.8,14.438,baseline_estacional
13303,7,13,3.231,3.721,35.019,0.6436,1.0,0.8,13.877,baseline_estacional
13303,8,13,3.692,5.054,61.431,0.7356,0.8462,0.8,14.154,baseline_estacional
13401,1,13,13.462,20.094,16.519,0.8046,0.8462,0.8,46.738,baseline_estacional
13401,2,13,11.538,13.593,13.28,0.6897,0.8462,0.8,46.2,baseline_estacional
13401,3,13,18.615,22.518,20.307,1.1127,0.6154,0.8,45.446,baseline_estacional
13401,4,13,19.462,30.487,17.19,1.1633,0.7692,0.8,45.223,baseline_estacional
13401,5,13,13.308,20.071,16.327,0.7954,0.7692,0.8,45.323,baseline_estacional
13401,6,13,11.538,13.593,13.322,0.6897,0.8462,0.8,45.438,baseline_estacional
13401,7,13,17.231,21.188,18.74,1.0299,0.6923,0.8,45.231,baseline_estacional
13401,8,13,17.154,25.181,16.774,1.0253,0.7692,0.8,45.346,baseline_estacional
13402,1,13,11.231,12.818,35.134,1.5748,0.6923,0.8,22.985,baseline_estacional
13402,2,13,8.769,10.919,34.066,1.2296,0.6923,0.8,23.062,baseline_estacional
13402,3,13,8.154,9.274,28.357,1.1433,0.8462,0.8,23.138,baseline_estacional
13402,4,13,8.308,10.325,29.846,1.1649,0.7692,0.8,23.231,baseline_estacional
13402,5,13,10.923,12.746,33.984,1.5316,0.6923,0.8,22.954,baseline_estacional
13402,6,13,8.385,10.688,32.801,1.1757,0.6923,0.8,22.831,baseline_estacional
13402,7,13,7.769,9.169,26.434,1.0894,0.8462,0.8,22.646,baseline_estacional
13402,8,13,8.462,10.385,30.216,1.1865,0.7692,0.8,22.569,baseline_estacional
13403,1,13,1.385,2.038,24.771,0.6992,0.9231,0.8,6.738,baseline_estacional
13403,2,13,2.385,3.0,51.96,1.2042,0.8462,0.8,6.362,baseline_estacional
13403,3,13,2.923,3.53,77.179,1.4761,0.7692,0.8,5.754,baseline_estacional
13403,4,13,2.615,3.013,85.94,1.3207,0.6923,0.8,6.377,baseline_estacional
13403,5,13,1.462,2.13,44.002,0.7381,0.9231,0.8,6.846,baseline_estacional
13403,6,13,2.692,3.199,55.806,1.3596,0.8462,0.8,6.385,baseline_estacional
13403,7,13,3.769,4.844,76.588,1.9034,0.6923,0.8,5.846,baseline_estacional
13403,8,13,2.538,2.922,91.325,1.2819,0.7692,0.8,6.385,baseline_estacional
13404,1,13,5.385,6.528,69.433,1.1431,0.6923,0.8,14.923,baseline_estacional
13404,2,13,3.923,4.969,29.175,0.8328,0.8462,0.8,14.646,baseline_estacional
13404,3,13,4.154,4.574,31.975,0.8818,1.0,0.8,14.108,baseline_estacional
13404,4,13,3.846,5.084,111.669,0.8165,0.8462,0.8,14.492,baseline_estacional
13404,5,13,5.462,6.581,68.546,1.1594,0.7692,0.8,14.969,baseline_estacional
13404,6,13,3.923,4.969,28.842,0.8328,0.8462,0.8,14.838,baseline_estacional
13404,7,13,3.846,4.297,29.823,0.8165,1.0,0.8,14.308,baseline_estacional
13404,8,13,3.923,5.181,113.727,0.8328,0.8462,0.8,14.523,baseline_estacional
13501,1,13,8.462,9.985,17.585,0.8395,1.0,0.8,30.523,baseline_estacional
13501,2,13,15.923,18.636,38.197,1.5798,0.6923,0.8,30.262,baseline_estacional
13501,3,13,10.385,12.493,21.782,1.0303,0.8462,0.8,30.323,baseline_estacional
13501,4,13,8.923,11.273,17.262,0.8853,0.9231,0.8,30.392,baseline_estacional
13501,5,13,8.692,10.134,18.394,0.8624,0.9231,0.8,30.462,baseline_estacional
13501,6,13,14.231,16.823,35.404,1.4119,0.6923,0.8,30.546,baseline_estacional
13501,7,13,10.0,12.416,20.927,0.9922,0.8462,0.8,30.523,baseline_estacional
13501,8,13,9.077,11.327,17.724,0.9006,0.9231,0.8,30.577,baseline_estacional
13502,1,13,1.769,2.434,50.641,1.2059,0.8462,0.8,4.385,baseline_estacional
13502,2,13,2.077,2.527,129.167,1.4157,0.8462,0.8,4.692,baseline_estacional
13502,3,13,2.538,3.385,111.538,1.7303,0.7692,0.8,4.385,baseline_estacional
13502,4,13,1.769,2.76,50.256,1.2059,0.9231,0.8,4.538,baseline_estacional
13502,5,13,1.923,2.496,55.769,1.3108,0.8462,0.8,4.385,baseline_estacional
13502,6,13,1.923,2.465,125.0,1.3108,0.8462,0.8,4.692,baseline_estacional
13502,7,13,2.385,3.199,115.385,1.6254,0.7692,0.8,4.538,baseline_estacional
13502,8,13,1.538,2.148,55.385,1.0486,0.9231,0.8,4.692,baseline_estacional
13503,1,13,4.077,5.554,20.025,0.7256,0.8462,0.8,16.554,baseline_estacional
13503,2,13,4.538,6.697,25.102,0.8078,0.7692,0.8,16.508,baseline_estacional
13503,3,13,5.154,5.994,27.393,0.9173,0.8462,0.8,16.523,baseline_estacional
13503,4,13,6.923,8.218,33.362,1.2322,0.6154,0.8,16.531,baseline_estacional
13503,5,13,3.846,5.449,18.944,0.6846,0.8462,0.8,16.538,baseline_estacional
13503,6,13,4.615,6.702,25.614,0.8215,0.7692,0.8,16.538,baseline_estacional
13503,7,13,5.077,5.923,25.979,0.9036,0.8462,0.8,16.538,baseline_estacional
13503,8,13,6.846,8.195,32.538,1.2185,0.6154,0.8,16.546,baseline_estacional
13504,1,13,3.231,4.279,90.0,1.1341,0.6923,0.8,8.738,baseline_estacional
13504,2,13,3.385,4.114,73.235,1.1881,0.7692,0.8,8.623,baseline_estacional
13504,3,13,2.462,2.987,51.801,0.8641,0.8462,0.8,8.846,baseline_estacional
13504,4,13,2.846,3.363,56.63,0.9991,0.8462,0.8,8.631,baseline_estacional
13504,5,13,3.308,4.306,93.59,1.1611,0.6923,0.8,8.8,baseline_estacional
13504,6,13,3.538,4.188,74.609,1.2421,0.7692,0.8,8.615,baseline_estacional
13504,7,13,2.538,3.0,53.339,0.8911,0.8462,0.8,8.769,baseline_estacional
13504,8,13,3.0,3.453,63.04,1.0531,0.8462,0.8,8.554,baseline_estacional
13505,1,13,1.923,2.496,64.615,0.7289,0.9231,0.8,6.369,baseline_estacional
13505,2,13,3.692,4.961,59.853,1.3996,0.6923,0.8,5.692,baseline_estacional
13505,3,13,2.692,3.27,86.41,1.0205,0.8462,0.8,5.923,baseline_estacional
13505,4,13,2.615,3.234,62.051,0.9914,0.8462,0.8,6.077,baseline_estacional
13505,5,13,1.923,2.496,60.769,0.7289,0.9231,0.8,6.154,baseline_estacional
13505,6,13,3.692,4.961,61.136,1.3996,0.6923,0.8,5.769,baseline_estacional
13505,7,13,2.462,3.013,81.923,0.9331,0.9231,0.8,6.077,baseline_estacional
13505,8,13,2.538,3.174,62.051,0.9622,0.8462,0.8,6.077,baseline_estacional
13601,1,13,9.231,11.903,22.459,1.1567,0.8462,0.8,25.2,baseline_estacional
13601,2,13,9.385,11.668,21.984,1.176,0.8462,0.8,24.9,baseline_estacional
13601,3,13,7.462,9.194,17.286,0.935,0.7692,0.8,24.969,baseline_estacional
13601,4,13,7.615,9.691,17.672,0.9543,0.7692,0.8,25.038,baseline_estacional
13601,5,13,9.077,11.878,22.136,1.1374,0.8462,0.8,24.769,baseline_estacional
13601,6,13,9.154,11.439,21.866,1.1471,0.8462,0.8,24.846,baseline_estacional
13601,7,13,7.462,9.194,17.179,0.935,0.7692,0.8,24.923,baseline_estacional
13601,8,13,6.923,9.29,15.892,0.8675,0.7692,0.8,24.992,baseline_estacional
13602,1,13,3.846,4.624,57.873,0.8585,0.9231,0.8,13.923,baseline_estacional
13602,2,13,4.769,5.491,57.52,1.0645,0.8462,0.8,13.738,baseline_estacional
13602,3,13,4.308,4.899,74.765,0.9615,0.9231,0.8,14.523,baseline_estacional
13602,4,13,4.231,5.031,67.267,0.9443,0.8462,0.8,13.531,baseline_estacional
13602,5,13,3.923,4.649,58.514,0.8756,0.9231,0.8,13.846,baseline_estacional
13602,6,13,4.846,5.512,58.214,1.0817,0.9231,0.8,13.846,baseline_estacional
13602,7,13,4.154,4.867,73.227,0.9271,0.9231,0.8,14.538,baseline_estacional
13602,8,13,4.077,4.875,67.136,0.91,0.9231,0.8,13.615,baseline_estacional
13603,1,13,6.231,9.144,30.091,1.0936,0.8462,0.8,18.6,baseline_estacional
13603,2,13,7.385,9.115,34.489,1.2961,0.7692,0.8,18.262,baseline_estacional
13603,3,13,5.769,7.54,33.25,1.0126,0.8462,0.8,18.692,baseline_estacional
13603,4,13,6.385,8.213,34.606,1.1206,0.6923,0.8,18.738,baseline_estacional
13603,5,13,6.077,9.077,28.701,1.0666,0.8462,0.8,18.723,baseline_estacional
13603,6,13,7.385,9.115,32.758,1.2961,0.7692,0.8,18.285,baseline_estacional
13603,7,13,6.077,7.701,34.352,1.0666,0.8462,0.8,18.738,baseline_estacional
13603,8,13,6.769,8.376,36.223,1.1881,0.6923,0.8,18.792,baseline_estacional
13604,1,13,7.462,9.857,32.33,0.9154,0.8462,0.8,25.031,baseline_estacional
13604,2,13,7.462,8.888,28.166,0.9154,0.7692,0.8,24.969,baseline_estacional
13604,3,13,9.231,12.153,28.766,1.1324,0.8462,0.8,24.785,baseline_estacional
13604,4,13,6.462,7.656,24.029,0.7927,0.8462,0.8,24.908,baseline_estacional
13604,5,13,7.538,9.868,32.576,0.9248,0.8462,0.8,25.031,baseline_estacional
13604,6,13,7.846,9.038,29.347,0.9626,0.6923,0.8,25.177,baseline_estacional
13604,7,13,10.615,13.243,31.78,1.3023,0.7692,0.8,24.862,baseline_estacional
13604,8,13,6.385,7.611,23.93,0.7833,0.9231,0.8,25.023,baseline_estacional
13605,1,13,14.077,16.56,35.89,1.1699,0.7692,0.8,38.154,baseline_estacional
13605,2,13,10.077,12.382,25.524,0.8374,0.8462,0.8,37.846,baseline_estacional
13605,3,13,11.692,14.905,28.456,0.9717,0.7692,0.8,37.354,baseline_estacional
13605,4,13,9.462,12.307,26.131,0.7863,0.8462,0.8,36.885,baseline_estacional
13605,5,13,14.308,16.816,33.938,1.189,0.6154,0.8,37.338,baseline_estacional
13605,6,13,9.615,11.926,23.367,0.7991,0.8462,0.8,37.554,baseline_estacional
13605,7,13,11.769,14.907,28.67,0.9781,0.7692,0.8,37.615,baseline_estacional
13605,8,13,8.923,12.153,24.636,0.7416,0.8462,0.8,37.146,baseline_estacional
RM,1,13,257.615,432.864,15.449,1.159,0.5385,0.8,521.523,baseline_estacional
RM,2,13,106.385,137.146,5.002,0.4786,0.9231,0.8,518.446,baseline_estacional
RM,3,13,142.538,183.614,6.488,0.6413,0.9231,0.8,515.631,baseline_estacional
RM,4,13,184.308,221.657,8.383,0.8292,1.0,0.8,516.269,baseline_estacional
RM,5,13,259.308,433.368,15.498,1.1666,0.6154,0.8,513.431,baseline_estacional
RM,6,13,104.154,135.518,4.908,0.4686,0.9231,0.8,507.385,baseline_estacional
RM,7,13,148.538,185.175,6.779,0.6683,0.9231,0.8,501.923,baseline_estacional
RM,8,13,177.846,218.042,8.089,0.8001,1.0,0.8,495.031,baseline_estacional
13101,1,13,15.574,20.947,27.039,1.1818,0.4615,0.8,32.738,baseline_estacional_drift
13101,2,13,13.325,17.678,25.975,1.0112,0.6154,0.8,32.808,baseline_estacional_drift
13101,3,13,13.479,14.769,19.45,1.0229,0.6923,0.8,32.877,baseline_estacional_drift
13101,4,13,9.994,11.942,15.239,0.7584,0.5385,0.8,32.685,baseline_estacional_drift
13101,5,13,14.953,18.895,26.127,1.1347,0.5385,0.8,32.738,baseline_estacional_drift
13101,6,13,14.692,18.394,28.128,1.1149,0.6154,0.8,32.785,baseline_estacional_drift
13101,7,13,13.663,15.178,19.912,1.0368,0.6154,0.8,32.831,baseline_estacional_drift
13101,8,13,11.059,11.875,16.367,0.8392,0.6154,0.8,32.885,baseline_estacional_drift
13102,1,13,6.456,7.607,25.368,0.7894,0.8462,0.8,25.615,baseline_estacional_drift
13102,2,13,7.189,9.639,33.293,0.8791,0.8462,0.8,25.692,baseline_estacional_drift
13102,3,13,7.728,8.827,30.302,0.945,0.8462,0.8,25.769,baseline_estacional_drift
13102,4,13,10.408,13.868,29.276,1.2728,0.6923,0.8,25.846,baseline_estacional_drift
13102,5,13,7.414,8.479,28.686,0.9066,0.8462,0.8,25.477,baseline_estacional_drift
13102,6,13,8.456,9.987,38.209,1.034,0.9231,0.8,25.254,baseline_estacional_drift
13102,7,13,7.172,8.901,27.406,0.877,0.9231,0.8,25.354,baseline_estacional_drift
13102,8,13,11.284,14.896,31.511,1.3799,0.6923,0.8,25.423,baseline_estacional_drift
13103,1,13,19.834,25.892,41.651,0.6583,0.6923,0.8,92.015,baseline_estacional_drift
13103,2,13,19.13,22.74,29.051,0.6349,0.5385,0.8,92.154,baseline_estacional_drift
13103,3,13,21.479,23.977,29.316,0.7128,0.6923,0.8,92.292,baseline_estacional_drift
13103,4,13,14.018,16.828,18.05,0.4652,1.0,0.8,92.408,baseline_estacional_drift
13103,5,13,19.746,27.279,41.084,0.6553,0.7692,0.8,92.523,baseline_estacional_drift
13103,6,13,19.769,23.849,29.263,0.6561,0.6923,0.8,92.662,baseline_estacional_drift
13103,7,13,17.893,22.435,24.191,0.5938,0.7692,0.8,92.8,baseline_estacional_drift
13103,8,13,12.852,15.255,17.194,0.4265,1.0,0.8,92.915,baseline_estacional_drift
13104,1,13,8.036,11.571,24.527,0.6591,0.8462,0.8,31.354,baseline_estacional_drift
13104,2,13,9.817,13.558,30.613,0.8052,0.7692,0.8,31.177,baseline_estacional_drift
13104,3,13,8.935,10.669,27.965,0.7329,0.7692,0.8,31.231,baseline_estacional_drift
13104,4,13,8.68,10.914,21.906,0.7121,0.7692,0.8,31.277,baseline_estacional_drift
13104,5,13,7.763,11.721,22.98,0.6368,0.8462,0.8,31.031,baseline_estacional_drift
13104,6,13,9.485,13.086,30.77,0.7781,0.6923,0.8,31.077,baseline_estacional_drift
13104,7,13,9.686,11.058,30.115,0.7946,0.7692,0.8,31.123,baseline_estacional_drift
13104,8,13,8.112,10.503,20.782,0.6655,0.7692,0.8,30.977,baseline_estacional_drift
13105,1,13,9.657,11.031,32.915,1.2439,0.6923,0.8,24.2,baseline_estacional_drift
13105,2,13,8.97,11.54,25.419,1.1555,0.8462,0.8,24.231,baseline_estacional_drift
13105,3,13,13.036,22.327,28.734,1.6791,0.7692,0.8,24.323,baseline_estacional_drift
13105,4,13,6.112,7.969,19.641,0.7874,0.8462,0.8,24.392,baseline_estacional_drift
13105,5,13,12.089,13.389,40.574,1.5572,0.6923,0.8,24.462,baseline_estacional_drift
13105,6,13,8.249,11.536,22.491,1.0625,0.8462,0.8,24.546,baseline_estacional_drift
13105,7,13,12.568,22.057,26.63,1.6189,0.7692,0.8,24.631,baseline_estacional_drift
13105,8,13,6.396,8.869,20.065,0.8239,0.8462,0.8,24.7,baseline_estacional_drift
13106,1,13,5.704,7.59,29.448,0.861,0.8462,0.8,19.508,baseline_estacional_drift
13106,2,13,4.302,5.144,25.074,0.6493,1.0,0.8,19.654,baseline_estacional_drift
13106,3,13,5.45,6.114,29.015,0.8226,1.0,0.8,19.569,baseline_estacional_drift
13106,4,13,6.876,7.706,36.537,1.0378,0.7692,0.8,19.6,baseline_estacional_drift
13106,5,13,5.923,7.558,29.919,0.894,0.8462,0.8,19.4,baseline_estacional_drift
13106,6,13,4.355,5.1,25.351,0.6574,1.0,0.8,19.331,baseline_estacional_drift
13106,7,13,4.716,5.621,26.155,0.7118,1.0,0.8,19.308,baseline_estacional_drift
13106,8,13,6.243,7.014,34.87,0.9423,0.8462,0.8,19.423,baseline_estacional_drift
13107,1,13,8.432,10.424,39.293,0.5401,0.9231,0.8,40.323,baseline_estacional_drift
13107,2,13,8.337,11.933,30.686,0.534,0.9231,0.8,40.408,baseline_estacional_drift
13107,3,13,6.953,8.072,29.166,0.4453,1.0,0.8,40.8,baseline_estacional_drift
13107,4,13,9.538,12.831,29.869,0.611,1.0,0.8,40.385,baseline_estacional_drift
13107,5,13,8.828,10.995,38.964,0.5655,0.9231,0.8,40.215,baseline_estacional_drift
13107,6,13,8.367,12.434,30.542,0.5359,0.9231,0.8,39.585,baseline_estacional_drift
13107,7,13,6.976,8.332,27.742,0.4469,1.0,0.8,39.231,baseline_estacional_drift
13107,8,13,9.805,12.474,31.507,0.628,0.9231,0.8,38.185,baseline_estacional_drift
13108,1,13,16.444,19.081,47.027,1.026,0.3846,0.8,42.462,baseline_estacional_drift
13108,2,13,6.609,8.551,14.725,0.4124,0.9231,0.8,42.585,baseline_estacional_drift
13108,3,13,12.355,15.152,25.321,0.7709,0.6154,0.8,42.062,baseline_estacional_drift
13108,4,13,9.692,12.717,21.712,0.6048,0.7692,0.8,42.177,baseline_estacional_drift
13108,5,13,16.45,19.096,45.724,1.0264,0.4615,0.8,42.292,baseline_estacional_drift
13108,6,13,6.053,7.398,14.55,0.3777,0.7692,0.8,41.723,baseline_estacional_drift
13108,7,13,13.03,15.491,26.559,0.813,0.6923,0.8,41.231,baseline_estacional_drift
13108,8,13,10.698,13.696,24.709,0.6675,0.7692,0.8,41.369,baseline_estacional_drift
13109,1,13,3.26,4.062,45.0,0.7817,0.9231,0.8,12.754,baseline_estacional_drift
13109,2,13,3.556,4.177,41.732,0.8526,0.8462,0.8,11.808,baseline_estacional_drift
13109,3,13,3.515,4.662,50.508,0.8427,0.8462,0.8,12.046,baseline_estacional_drift
13109,4,13,3.556,4.648,47.526,0.8526,0.8462,0.8,11.962,baseline_estacional_drift
13109,5,13,3.497,4.433,48.47,0.8384,0.9231,0.8,12.077,baseline_estacional_drift
13109,6,13,2.935,3.525,34.595,0.7036,0.9231,0.8,11.662,baseline_estacional_drift
13109,7,13,3.42,4.425,48.831,0.82,0.8462,0.8,11.769,baseline_estacional_drift
13109,8,13,3.959,4.845,57.894,0.9491,0.8462,0.8,11.8,baseline_estacional_drift
13110,1,13,16.805,19.584,23.287,1.3689,0.6154,0.8,42.585,baseline_estacional_drift
13110,2,13,13.817,18.975,14.973,1.1255,0.7692,0.8,41.885,baseline_estacional_drift
13110,3,13,17.651,20.858,20.589,1.4378,0.6923,0.8,41.969,baseline_estacional_drift
13110,4,13,21.16,25.487,24.082,1.7236,0.4615,0.8,42.077,baseline_estacional_drift
13110,5,13,19.799,22.494,26.588,1.6128,0.6923,0.8,42.154,baseline_estacional_drift
13110,6,13,17.183,21.48,18.821,1.3997,0.7692,0.8,42.231,baseline_estacional_drift
13110,7,13,20.361,23.933,23.963,1.6586,0.6923,0.8,42.308,baseline_estacional_drift
13110,8,13,23.55,27.259,25.995,1.9184,0.4615,0.8,42.385,baseline_estacional_drift
13111,1,13,9.876,11.956,65.301,1.6424,0.6923,0.8,20.108,baseline_estacional_drift
13111,2,13,8.314,9.466,32.132,1.3826,0.6923,0.8,20.015,baseline_estacional_drift
13111,3,13,3.426,4.11,11.868,0.5698,0.7692,0.8,20.092,baseline_estacional_drift
13111,4,13,7.604,9.431,29.644,1.2645,0.3846,0.8,20.169,baseline_estacional_drift
13111,5,13,9.479,11.693,63.897,1.5764,0.6923,0.8,20.169,baseline_estacional_drift
13111,6,13,7.663,8.72,29.329,1.2743,0.6923,0.8,20.2,baseline_estacional_drift
13111,7,13,4.083,5.251,14.218,0.679,0.6923,0.8,20.015,baseline_estacional_drift
13111,8,13,8.059,9.581,30.027,1.3403,0.3077,0.8,20.085,baseline_estacional_drift
13112,1,13,11.083,13.616,25.773,1.0259,0.6923,0.8,33.492,baseline_estacional_drift
13112,2,13,8.805,11.16,18.111,0.8151,0.9231,0.8,33.6,baseline_estacional_drift
13112,3,13,13.888,16.137,30.16,1.2856,0.7692,0.8,33.708,baseline_estacional_drift
13112,4,13,10.361,14.278,22.52,0.9591,0.8462,0.8,33.831,baseline_estacional_drift
13112,5,13,9.467,13.622,22.386,0.8764,0.7692,0.8,33.954,baseline_estacional_drift
13112,6,13,10.367,13.295,23.036,0.9597,0.8462,0.8,34.062,baseline_estacional_drift
13112,7,13,13.822,16.394,30.07,1.2795,0.6923,0.8,34.169,baseline_estacional_drift
13112,8,13,9.426,14.588,20.526,0.8726,0.8462,0.8,34.292,baseline_estacional_drift
13113,1,13,4.947,7.286,42.671,0.9816,0.7692,0.8,15.215,baseline_estacional_drift
13113,2,13,3.793,4.759,26.926,0.7526,0.9231,0.8,14.854,baseline_estacional_drift
13113,3,13,5.154,6.481,43.718,1.0227,0.8462,0.8,14.846,baseline_estacional_drift
13113,4,13,4.355,5.582,29.455,0.8642,0.8462,0.8,15.0,baseline_estacional_drift
13113,5,13,5.562,8.106,44.69,1.1037,0.6923,0.8,15.0,baseline_estacional_drift
13113,6,13,3.669,5.102,25.469,0.728,0.9231,0.8,14.846,baseline_estacional_drift
13113,7,13,4.669,5.753,33.462,0.9264,0.8462,0.8,14.846,baseline_estacional_drift
13113,8,13,4.994,6.06,34.354,0.991,0.8462,0.8,15.0,baseline_estacional_drift
13114,1,13,5.888,7.678,195.379,0.9132,0.7692,0.8,18.656,baseline_estacional_drift
13114,2,13,6.503,8.609,153.693,1.0086,0.6154,0.8,18.938,baseline_estacional_drift
13114,3,13,5.154,6.472,64.987,0.7994,0.8462,0.8,18.613,baseline_estacional_drift
13114,4,13,9.426,14.952,218.97,1.462,0.6154,0.8,18.467,baseline_estacional_drift
13114,5,13,6.509,8.262,221.786,1.0095,0.7692,0.8,18.567,baseline_estacional_drift
13114,6,13,5.58,8.386,163.263,0.8655,0.6154,0.8,18.938,baseline_estacional_drift
13114,7,13,4.538,5.837,59.068,0.7039,0.6923,0.8,18.658,baseline_estacional_drift
13114,8,13,9.367,15.524,226.603,1.4528,0.6154,0.8,18.846,baseline_estacional_drift
13115,1,13,1.911,2.35,44.196,1.0413,0.7692,0.8,5.523,baseline_estacional_drift
13115,2,13,1.657,2.045,81.56,0.9026,0.8462,0.8,5.846,baseline_estacional_drift
13115,3,13,2.337,2.977,128.736,1.2734,0.7692,0.8,5.277,baseline_estacional_drift
13115,4,13,2.047,3.499,39.444,1.1154,0.9231,0.8,5.762,baseline_estacional_drift
13115,5,13,1.799,2.272,39.184,0.98,0.8462,0.8,5.523,baseline_estacional_drift
13115,6,13,1.438,1.877,73.697,0.7834,1.0,0.8,6.038,baseline_estacional_drift
13115,7,13,2.29,2.863,111.557,1.2476,0.7692,0.8,5.462,baseline_estacional_drift
13115,8,13,2.047,3.509,40.513,1.1154,0.9231,0.8,5.823,baseline_estacional_drift
13116,1,13,7.923,10.016,27.384,0.8868,0.9231,0.8,25.892,baseline_estacional_drift
13116,2,13,8.325,9.708,28.407,0.9319,0.8462,0.8,25.946,baseline_estacional_drift
13116,3,13,5.828,6.795,17.626,0.6524,1.0,0.8,25.615,baseline_estacional_drift
13116,4,13,7.195,8.961,19.342,0.8054,0.6923,0.8,25.692,baseline_estacional_drift
13116,5,13,8.077,10.37,28.151,0.904,0.9231,0.8,25.769,baseline_estacional_drift
13116,6,13,7.284,8.952,25.123,0.8153,0.8462,0.8,25.854,baseline_estacional_drift
13116,7,13,6.0,7.698,16.871,0.6716,0.9231,0.8,25.938,baseline_estacional_drift
13116,8,13,5.923,7.806,15.868,0.663,0.7692,0.8,25.554,baseline_estacional_drift
13117,1,13,8.781,12.349,25.991,1.176,0.6154,0.8,20.815,baseline_estacional_drift
13117,2,13,8.314,10.41,18.809,1.1134,0.7692,0.8,20.869,baseline_estacional_drift
13117,3,13,5.769,7.156,15.588,0.7726,0.6923,0.8,20.923,baseline_estacional_drift
13117,4,13,6.03,8.43,17.072,0.8075,0.8462,0.8,20.992,baseline_estacional_drift
13117,5,13,8.154,11.617,24.306,1.092,0.6154,0.8,21.062,baseline_estacional_drift
13117,6,13,10.012,12.129,24.983,1.3408,0.7692,0.8,21.146,baseline_estacional_drift
13117,7,13,6.444,8.057,17.048,0.863,0.7692,0.8,21.231,baseline_estacional_drift
13117,8,13,6.959,8.698,19.645,0.9319,0.7692,0.8,21.323,baseline_estacional_drift
13118,1,13,4.361,5.452,87.563,0.8898,0.9231,0.8,14.908,baseline_estacional_drift
13118,2,13,5.124,6.423,45.741,1.0455,1.0,0.8,14.231,baseline_estacional_drift
13118,3,13,3.574,4.419,58.546,0.7292,0.9231,0.8,14.938,baseline_estacional_drift
13118,4,13,5.302,6.087,72.952,1.0817,0.6923,0.8,14.877,baseline_estacional_drift
13118,5,13,4.556,5.517,86.817,0.9296,0.8462,0.8,14.969,baseline_estacional_drift
13118,6,13,5.74,7.258,45.805,1.171,0.9231,0.8,14.362,baseline_estacional_drift
13118,7,13,2.929,3.52,36.681,0.5976,1.0,0.8,14.923,baseline_estacional_drift
13118,8,13,5.047,5.857,69.451,1.0298,0.6923,0.8,14.915,baseline_estacional_drift
13119,1,13,18.432,24.719,25.996,1.2123,0.6923,0.8,47.292,baseline_estacional_drift
13119,2,13,15.923,18.851,18.566,1.0473,0.6154,0.8,46.954,baseline_estacional_drift
13119,3,13,17.692,21.281,21.432,1.1637,0.5385,0.8,47.031,baseline_estacional_drift
13119,4,13,13.781,17.392,15.596,0.9064,0.6154,0.8,46.846,baseline_estacional_drift
13119,5,13,21.124,26.635,29.103,1.3894,0.6154,0.8,46.923,baseline_estacional_drift
13119,6,13,19.26,23.334,22.487,1.2668,0.6154,0.8,46.977,baseline_estacional_drift
13119,7,13,19.982,23.844,23.51,1.3143,0.5385,0.8,47.031,baseline_estacional_drift
13119,8,13,15.988,18.683,17.894,1.0516,0.6154,0.8,47.092,baseline_estacional_drift
13120,1,13,9.521,11.735,40.773,1.211,0.7692,0.8,26.015,baseline_estacional_drift
13120,2,13,8.893,11.16,34.565,1.1312,0.6154,0.8,25.908,baseline_estacional_drift
13120,3,13,9.615,11.747,30.051,1.223,0.9231,0.8,25.954,baseline_estacional_drift
13120,4,13,6.148,7.774,22.52,0.782,1.0,0.8,26.0,baseline_estacional_drift
13120,5,13,10.284,11.793,43.056,1.3081,0.7692,0.8,26.046,baseline_estacional_drift
13120,6,13,8.024,10.83,32.981,1.0206,0.7692,0.8,25.954,baseline_estacional_drift
13120,7,13,9.473,11.405,30.557,1.205,0.9231,0.8,25.969,baseline_estacional_drift
13120,8,13,7.947,9.301,29.448,1.0108,1.0,0.8,25.977,baseline_estacional_drift
13121,1,13,6.692,9.648,24.533,0.8635,0.7692,0.8,23.215,baseline_estacional_drift
13121,2,13,7.846,11.025,29.581,1.0124,0.7692,0.8,22.677,baseline_estacional_drift
13121,3,13,4.136,5.107,12.459,0.5337,1.0,0.8,22.385,baseline_estacional_drift
13121,4,13,7.124,9.938,19.726,0.9193,0.7692,0.8,22.254,baseline_estacional_drift
13121,5,13,6.959,9.638,25.356,0.8979,0.7692,0.8,22.292,baseline_estacional_drift
13121,6,13,8.42,11.349,31.605,1.0865,0.7692,0.8,22.338,baseline_estacional_drift
13121,7,13,4.32,5.068,14.008,0.5574,0.9231,0.8,22.385,baseline_estacional_drift
13121,8,13,6.367,7.37,19.395,0.8215,0.7692,0.8,22.438,baseline_estacional_drift
13122,1,13,14.142,20.592,33.922,1.032,0.6923,0.8,33.262,baseline_estacional_drift
13122,2,13,8.219,9.818,15.077,0.5997,0.9231,0.8,33.392,baseline_estacional_drift
13122,3,13,11.976,14.146,24.584,0.8739,0.6923,0.8,33.108,baseline_estacional_drift
13122,4,13,13.041,16.254,25.261,0.9517,0.6923,0.8,32.485,baseline_estacional_drift
13122,5,13,13.024,21.127,32.012,0.9504,0.6923,0.8,32.138,baseline_estacional_drift
13122,6,13,9.521,11.139,17.598,0.6947,0.8462,0.8,32.177,baseline_estacional_drift
13122,7,13,12.314,14.623,23.685,0.8985,0.6923,0.8,32.277,baseline_estacional_drift
13122,8,13,14.118,18.082,26.926,1.0302,0.6923,0.8,32.338,baseline_estacional_drift
13123,1,13,14.331,18.616,30.887,1.0141,0.6923,0.8,40.108,baseline_estacional_drift
13123,2,13,13.189,17.258,24.007,0.9333,0.6923,0.8,40.162,baseline_estacional_drift
13123,3,13,11.302,14.078,22.152,0.7998,0.6923,0.8,40.215,baseline_estacional_drift
13123,4,13,26.243,38.935,44.383,1.857,0.8462,0.8,40.262,baseline_estacional_drift
13123,5,13,13.976,18.157,29.238,0.989,0.7692,0.8,40.308,baseline_estacional_drift
13123,6,13,16.225,19.563,29.474,1.1481,0.6923,0.8,40.354,baseline_estacional_drift
13123,7,13,10.574,13.599,19.033,0.7483,0.7692,0.8,40.4,baseline_estacional_drift
13123,8,13,25.852,39.514,42.326,1.8294,0.8462,0.8,40.438,baseline_estacional_drift
13124,1,13,12.805,17.157,31.712,0.955,0.8462,0.8,41.492,baseline_estacional_drift
13124,2,13,11.793,14.351,22.357,0.8795,0.8462,0.8,40.923,baseline_estacional_drift
13124,3,13,5.053,6.17,9.754,0.3769,1.0,0.8,41.031,baseline_estacional_drift
13124,4,13,11.757,13.523,20.347,0.8769,0.9231,0.8,41.123,baseline_estacional_drift
13124,5,13,12.509,17.016,30.546,0.9329,0.9231,0.8,41.215,baseline_estacional_drift
13124,6,13,10.97,13.908,20.655,0.8182,0.9231,0.8,41.338,baseline_estacional_drift
13124,7,13,7.308,10.178,12.307,0.545,0.9231,0.8,41.462,baseline_estacional_drift
13124,8,13,11.355,13.05,19.734,0.8469,1.0,0.8,41.085,baseline_estacional_drift
13125,1,13,10.822,13.254,19.904,0.9745,0.5385,0.8,36.369,baseline_estacional_drift
13125,2,13,10.249,13.079,17.893,0.9229,0.9231,0.8,36.454,baseline_estacional_drift
13125,3,13,10.361,11.965,17.368,0.933,0.7692,0.8,36.538,baseline_estacional_drift
13125,4,13,13.408,17.152,21.502,1.2074,0.6923,0.8,36.638,baseline_estacional_drift
13125,5,13,9.361,12.18,17.395,0.8429,0.6154,0.8,36.738,baseline_estacional_drift
13125,6,13,11.355,13.807,20.556,1.0225,0.9231,0.8,36.738,baseline_estacional_drift
13125,7,13,9.704,11.07,16.735,0.8738,0.6923,0.8,36.846,baseline_estacional_drift
13125,8,13,13.527,16.381,23.215,1.218,0.6154,0.8,36.369,baseline_estacional_drift
13126,1,13,5.947,7.209,35.285,0.9772,0.9231,0.8,18.431,baseline_estacional_drift
13126,2,13,5.142,7.844,27.596,0.845,0.9231,0.8,18.338,baseline_estacional_drift
13126,3,13,4.633,6.092,24.075,0.7613,0.9231,0.8,18.477,baseline_estacional_drift
13126,4,13,4.888,5.852,29.263,0.8031,1.0,0.8,18.323,baseline_estacional_drift
13126,5,13,6.118,7.655,35.949,1.0054,0.9231,0.8,18.277,baseline_estacional_drift
13126,6,13,5.166,7.677,27.841,0.8488,0.9231,0.8,18.185,baseline_estacional_drift
13126,7,13,5.692,6.878,29.308,0.9354,0.9231,0.8,18.262,baseline_estacional_drift
13126,8,13,6.16,6.64,36.72,1.0122,1.0,0.8,18.3,baseline_estacional_drift
13127,1,13,62.178,93.814,21.329,0.6955,0.7692,0.8,226.923,baseline_estacional_drift
13127,2,13,53.905,61.435,14.677,0.603,0.9231,0.8,223.654,baseline_estacional_drift
13127,3,13,46.059,54.219,12.541,0.5152,1.0,0.8,221.308,baseline_estacional_drift
13127,4,13,40.16,53.9,10.152,0.4492,0.9231,0.8,220.415,baseline_estacional_drift
13127,5,13,70.0,99.256,23.475,0.783,0.6923,0.8,218.538,baseline_estacional_drift
13127,6,13,56.509,65.704,15.599,0.6321,0.9231,0.8,215.646,baseline_estacional_drift
13127,7,13,52.675,61.069,14.809,0.5892,1.0,0.8,213.431,baseline_estacional_drift
13127,8,13,39.479,49.943,9.97,0.4416,0.9231,0.8,211.469,baseline_estacional_drift
13128,1,13,9.538,13.219,28.083,1.056,0.7692,0.8,29.508,baseline_estacional_drift
13128,2,13,13.041,14.772,38.159,1.4438,0.6154,0.8,29.323,baseline_estacional_drift
13128,3,13,8.296,10.753,24.589,0.9184,0.7692,0.8,29.354,baseline_estacional_drift
13128,4,13,8.757,9.767,23.3,0.9695,0.9231,0.8,29.377,baseline_estacional_drift
13128,5,13,9.846,13.241,28.16,1.09,0.6923,0.8,29.4,baseline_estacional_drift
13128,6,13,11.373,13.752,33.834,1.259,0.6154,0.8,29.423,baseline_estacional_drift
13128,7,13,8.604,10.816,26.27,0.9525,0.7692,0.8,29.446,baseline_estacional_drift
13128,8,13,8.101,9.073,21.598,0.8968,0.9231,0.8,29.469,baseline_estacional_drift
13129,1,13,7.331,8.722,46.606,1.3809,0.7692,0.8,16.0,baseline_estacional_drift
13129,2,13,8.834,14.047,60.091,1.664,0.6154,0.8,16.0,baseline_estacional_drift
13129,3,13,3.385,4.726,27.761,0.6375,0.9231,0.8,16.0,baseline_estacional_drift
13129,4,13,4.533,5.894,29.995,0.8537,0.8462,0.8,16.0,baseline_estacional_drift
13129,5,13,4.846,6.056,34.987,0.9128,0.7692,0.8,16.0,baseline_estacional_drift
13129,6,13,8.722,13.653,59.237,1.6428,0.6154,0.8,16.0,baseline_estacional_drift
13129,7,13,4.166,5.314,30.909,0.7846,0.9231,0.8,16.0,baseline_estacional_drift
13129,8,13,4.852,5.953,33.158,0.9139,0.8462,0.8,16.0,baseline_estacional_drift
13130,1,13,17.178,24.04,27.859,0.8358,0.8462,0.8,52.6,baseline_estacional_drift
13130,2,13,10.574,12.976,15.692,0.5145,0.9231,0.8,52.162,baseline_estacional_drift
13130,3,13,15.148,18.878,19.706,0.737,0.7692,0.8,51.846,baseline_estacional_drift
13130,4,13,13.355,15.804,17.707,0.6498,0.9231,0.8,50.792,baseline_estacional_drift
13130,5,13,17.148,23.054,27.065,0.8343,0.8462,0.8,50.954,baseline_estacional_drift
13130,6,13,9.497,12.506,13.77,0.4621,0.9231,0.8,51.115,baseline_estacional_drift
13130,7,13,15.686,19.429,20.606,0.7632,0.7692,0.8,51.277,baseline_estacional_drift
13130,8,13,16.041,18.215,21.498,0.7805,0.9231,0.8,50.177,baseline_estacional_drift
13131,1,13,14.243,16.554,26.132,0.7841,0.9231,0.8,48.354,baseline_estacional_drift
13131,2,13,11.852,14.158,19.838,0.6525,0.9231,0.8,47.846,baseline_estacional_drift
13131,3,13,10.249,13.713,16.218,0.5642,0.8462,0.8,47.938,baseline_estacional_drift
13131,4,13,10.828,13.075,16.289,0.5961,1.0,0.8,48.054,baseline_estacional_drift
13131,5,13,14.515,16.69,26.335,0.7991,0.9231,0.8,48.169,baseline_estacional_drift
13131,6,13,11.13,12.989,18.168,0.6127,0.9231,0.8,48.285,baseline_estacional_drift
13131,7,13,11.172,13.777,17.71,0.615,0.8462,0.8,48.4,baseline_estacional_drift
13131,8,13,11.089,12.916,16.413,0.6105,1.0,0.8,47.915,baseline_estacional_drift
13201,1,13,22.266,33.749,23.029,0.8348,0.8462,0.8,90.308,baseline_estacional_drift
13201,2,13,16.68,18.868,14.204,0.6254,1.0,0.8,84.746,baseline_estacional_drift
13201,3,13,12.74,14.406,11.24,0.4777,1.0,0.8,79.215,baseline_estacional_drift
13201,4,13,13.201,17.806,11.156,0.495,1.0,0.8,74.438,baseline_estacional_drift
13201,5,13,25.231,34.623,25.214,0.946,0.8462,0.8,72.185,baseline_estacional_drift
13201,6,13,14.58,17.994,12.556,0.5467,1.0,0.8,70.008,baseline_estacional_drift
13201,7,13,13.071,15.002,11.228,0.4901,1.0,0.8,67.123,baseline_estacional_drift
13201,8,13,14.391,18.876,11.667,0.5396,0.9231,0.8,65.892,baseline_estacional_drift
13202,1,13,3.154,4.702,147.725,0.9763,0.8462,0.8,9.83,baseline_estacional_drift
13202,2,13,1.787,1.955,32.938,0.5532,1.0,0.8,9.862,baseline_estacional_drift
13202,3,13,2.396,3.208,51.998,0.7419,0.8462,0.8,10.154,baseline_estacional_drift
13202,4,13,3.189,4.145,86.568,0.9873,0.7692,0.8,9.662,baseline_estacional_drift
13202,5,13,3.101,4.574,140.454,0.9599,0.8462,0.8,9.955,baseline_estacional_drift
13202,6,13,1.609,1.83,35.158,0.4982,1.0,0.8,9.808,baseline_estacional_drift
13202,7,13,2.68,3.566,52.352,0.8298,0.8462,0.8,9.923,baseline_estacional_drift
13202,8,13,3.497,4.323,98.862,1.0826,0.7692,0.8,9.2,baseline_estacional_drift
13203,1,13,4.675,5.593,74.197,1.1922,0.8462,0.8,11.554,baseline_estacional_drift
13203,2,13,3.314,4.155,56.922,0.8451,1.0,0.8,11.246,baseline_estacional_drift
13203,3,13,3.68,4.423,37.417,0.9386,0.8462,0.8,11.292,baseline_estacional_drift
13203,4,13,3.562,4.646,49.15,0.9085,0.9231,0.8,12.046,baseline_estacional_drift
13203,5,13,5.781,6.506,82.442,1.4744,0.7692,0.8,11.477,baseline_estacional_drift
13203,6,13,3.29,3.964,75.535,0.839,1.0,0.8,10.969,baseline_estacional_drift
13203,7,13,3.941,4.842,38.377,1.005,0.8462,0.8,11.446,baseline_estacional_drift
13203,8,13,3.337,4.579,45.712,0.8511,0.9231,0.8,11.954,baseline_estacional_drift
13301,1,13,13.03,15.623,40.453,0.6571,0.7692,0.8,58.6,baseline_estacional_drift
13301,2,13,10.408,14.028,33.763,0.5249,0.7692,0.8,58.077,baseline_estacional_drift
13301,3,13,8.254,9.526,23.71,0.4163,0.6923,0.8,57.492,baseline_estacional_drift
13301,4,13,9.231,10.756,22.577,0.4655,0.9231,0.8,57.6,baseline_estacional_drift
13301,5,13,13.178,15.475,42.241,0.6646,0.6154,0.8,57.708,baseline_estacional_drift
13301,6,13,11.266,14.496,36.174,0.5682,0.7692,0.8,57.808,baseline_estacional_drift
13301,7,13,9.13,10.559,26.341,0.4604,0.6923,0.8,57.908,baseline_estacional_drift
13301,8,13,8.284,9.265,20.64,0.4178,1.0,0.8,57.254,baseline_estacional_drift
13302,1,13,13.609,15.628,39.433,1.0013,0.5385,0.8,37.877,baseline_estacional_drift
13302,2,13,15.195,17.864,38.159,1.1179,0.7692,0.8,37.792,baseline_estacional_drift
13302,3,13,7.751,9.19,22.292,0.5703,1.0,0.8,37.862,baseline_estacional_drift
13302,4,13,9.775,12.481,23.489,0.7192,0.9231,0.8,37.808,baseline_estacional_drift
13302,5,13,11.858,14.603,30.67,0.8724,0.6154,0.8,37.846,baseline_estacional_drift
13302,6,13,15.071,18.076,37.569,1.1088,0.7692,0.8,37.854,baseline_estacional_drift
13302,7,13,8.538,9.609,23.6,0.6282,0.8462,0.8,37.754,baseline_estacional_drift
13302,8,13,12.26,15.354,29.834,0.902,0.9231,0.8,37.8,baseline_estacional_drift
13303,1,13,4.296,5.769,78.474,0.8558,0.7692,0.8,13.815,baseline_estacional_drift
13303,2,13,3.296,4.308,56.668,0.6566,0.8462,0.8,14.138,baseline_estacional_drift
13303,3,13,4.509,4.989,50.313,0.8982,1.0,0.8,13.598,baseline_estacional_drift
13303,4,13,3.822,5.099,63.051,0.7615,0.7692,0.8,13.938,baseline_estacional_drift
13303,5,13,3.272,4.214,53.604,0.6519,0.8462,0.8,13.892,baseline_estacional_drift
13303,6,13,3.112,3.938,57.19,0.62,0.8462,0.8,14.438,baseline_estacional_drift
13303,7,13,4.408,5.039,46.878,0.8782,1.0,0.8,13.954,baseline_estacional_drift
13303,8,13,3.385,4.53,50.488,0.6743,0.8462,0.8,14.154,baseline_estacional_drift
13401,1,13,17.118,25.762,21.588,1.0232,0.8462,0.8,46.738,baseline_estacional_drift
13401,2,13,12.047,16.152,14.669,0.7201,0.8462,0.8,46.2,baseline_estacional_drift
13401,3,13,20.343,23.317,22.946,1.216,0.6154,0.8,45.446,baseline_estacional_drift
13401,4,13,22.112,31.015,20.381,1.3217,0.7692,0.8,45.223,baseline_estacional_drift
13401,5,13,16.266,24.275,20.462,0.9723,0.7692,0.8,45.323,baseline_estacional_drift
13401,6,13,16.296,19.465,19.395,0.974,0.8462,0.8,45.438,baseline_estacional_drift
13401,7,13,19.314,22.699,21.765,1.1544,0.6923,0.8,45.231,baseline_estacional_drift
13401,8,13,20.74,26.467,21.134,1.2396,0.7692,0.8,45.346,baseline_estacional_drift
13402,1,13,8.065,8.766,26.485,1.1309,0.6923,0.8,22.985,baseline_estacional_drift
13402,2,13,9.935,11.767,43.941,1.3931,0.6923,0.8,23.062,baseline_estacional_drift
13402,3,13,6.349,6.798,22.856,0.8903,0.8462,0.8,23.138,baseline_estacional_drift
13402,4,13,7.84,9.898,33.099,1.0994,0.7692,0.8,23.231,baseline_estacional_drift
13402,5,13,7.142,8.722,22.528,1.0015,0.6923,0.8,22.954,baseline_estacional_drift
13402,6,13,11.278,12.629,49.055,1.5814,0.6923,0.8,22.831,baseline_estacional_drift
13402,7,13,7.112,7.628,25.561,0.9973,0.8462,0.8,22.646,baseline_estacional_drift
13402,8,13,8.444,10.232,33.972,1.184,0.7692,0.8,22.569,baseline_estacional_drift
13403,1,13,1.893,2.155,35.338,0.9562,0.9231,0.8,6.738,baseline_estacional_drift
13403,2,13,2.077,2.837,48.563,1.0488,0.8462,0.8,6.362,baseline_estacional_drift
13403,3,13,2.639,3.123,88.303,1.3327,0.7692,0.8,5.754,baseline_estacional_drift
13403,4,13,2.355,2.774,83.55,1.1893,0.6923,0.8,6.377,baseline_estacional_drift
13403,5,13,1.911,2.287,62.612,0.9651,0.9231,0.8,6.846,baseline_estacional_drift
13403,6,13,2.231,2.837,58.066,1.1265,0.8462,0.8,6.385,baseline_estacional_drift
13403,7,13,3.189,4.193,78.31,1.6106,0.6923,0.8,5.846,baseline_estacional_drift
13403,8,13,2.444,2.917,97.311,1.2341,0.7692,0.8,6.385,baseline_estacional_drift
13404,1,13,5.639,6.881,73.54,1.1971,0.6923,0.8,14.923,baseline_estacional_drift
13404,2,13,4.568,5.638,32.528,0.9698,0.8462,0.8,14.646,baseline_estacional_drift
13404,3,13,4.432,4.831,33.925,0.9409,1.0,0.8,14.108,baseline_estacional_drift
13404,4,13,4.278,5.677,131.346,0.9082,0.8462,0.8,14.492,baseline_estacional_drift
13404,5,13,6.142,7.059,73.275,1.3039,0.7692,0.8,14.969,baseline_estacional_drift
13404,6,13,4.213,5.359,30.661,0.8944,0.8462,0.8,14.838,baseline_estacional_drift
13404,7,13,3.686,4.092,29.117,0.7826,1.0,0.8,14.308,baseline_estacional_drift
13404,8,13,3.964,5.108,115.695,0.8416,0.8462,0.8,14.523,baseline_estacional_drift
13501,1,13,6.692,7.632,14.861,0.664,1.0,0.8,30.523,baseline_estacional_drift
13501,2,13,15.692,18.461,39.673,1.5569,0.6154,0.8,30.262,baseline_estacional_drift
13501,3,13,9.728,12.162,20.971,0.9652,0.8462,0.8,30.323,baseline_estacional_drift
13501,4,13,6.609,8.338,13.231,0.6558,0.9231,0.8,30.392,baseline_estacional_drift
13501,5,13,6.781,8.028,15.622,0.6728,0.9231,0.8,30.462,baseline_estacional_drift
13501,6,13,14.142,17.431,37.516,1.4031,0.6923,0.8,30.546,baseline_estacional_drift
13501,7,13,9.473,11.88,20.607,0.9399,0.8462,0.8,30.523,baseline_estacional_drift
13501,8,13,5.438,7.904,10.769,0.5395,0.9231,0.8,30.577,baseline_estacional_drift
13502,1,13,2.095,2.491,81.874,1.4278,0.8462,0.8,4.396,baseline_estacional_drift
13502,2,13,2.16,2.436,141.934,1.4721,0.8462,0.8,4.746,baseline_estacional_drift
13502,3,13,2.639,3.383,125.986,1.7988,0.7692,0.8,4.396,baseline_estacional_drift
13502,4,13,1.846,2.564,64.477,1.2584,0.9231,0.8,4.538,baseline_estacional_drift
13502,5,13,2.355,2.702,87.465,1.6052,0.8462,0.8,4.432,baseline_estacional_drift
13502,6,13,2.243,2.558,144.498,1.5286,0.8462,0.8,4.781,baseline_estacional_drift
13502,7,13,2.669,3.523,140.335,1.819,0.7692,0.8,4.639,baseline_estacional_drift
13502,8,13,1.651,2.289,68.442,1.1253,0.9231,0.8,4.692,baseline_estacional_drift
13503,1,13,4.462,5.692,22.942,0.7941,0.8462,0.8,16.554,baseline_estacional_drift
13503,2,13,4.757,6.109,27.991,0.8467,0.7692,0.8,16.508,baseline_estacional_drift
13503,3,13,4.012,5.272,24.048,0.7141,0.8462,0.8,16.523,baseline_estacional_drift
13503,4,13,6.87,7.877,34.465,1.2227,0.6154,0.8,16.531,baseline_estacional_drift
13503,5,13,4.136,5.247,21.412,0.7362,0.8462,0.8,16.538,baseline_estacional_drift
13503,6,13,5.118,6.671,30.805,0.911,0.7692,0.8,16.538,baseline_estacional_drift
13503,7,13,4.148,5.226,23.016,0.7383,0.8462,0.8,16.538,baseline_estacional_drift
13503,8,13,6.698,7.642,33.066,1.1922,0.6154,0.8,16.546,baseline_estacional_drift
13504,1,13,3.367,4.332,101.331,1.1819,0.6923,0.8,8.738,baseline_estacional_drift
13504,2,13,3.142,4.078,65.47,1.103,0.7692,0.8,8.623,baseline_estacional_drift
13504,3,13,2.538,3.078,54.363,0.8911,0.8462,0.8,8.846,baseline_estacional_drift
13504,4,13,3.124,3.66,63.102,1.0967,0.8462,0.8,8.643,baseline_estacional_drift
13504,5,13,3.172,4.155,89.122,1.1134,0.6923,0.8,8.8,baseline_estacional_drift
13504,6,13,3.462,4.258,73.358,1.2151,0.7692,0.8,8.627,baseline_estacional_drift
13504,7,13,2.793,3.251,59.098,0.9804,0.8462,0.8,8.769,baseline_estacional_drift
13504,8,13,3.041,3.59,63.598,1.0677,0.6923,0.8,8.554,baseline_estacional_drift
13505,1,13,2.444,2.885,116.065,0.9263,0.9231,0.8,6.369,baseline_estacional_drift
13505,2,13,2.769,3.697,44.36,1.0497,0.6923,0.8,5.692,baseline_estacional_drift
13505,3,13,2.562,3.251,108.555,0.9712,0.8462,0.8,5.923,baseline_estacional_drift
13505,4,13,2.178,2.741,67.294,0.8254,0.8462,0.8,6.077,baseline_estacional_drift
13505,5,13,2.586,3.106,118.911,0.9802,0.9231,0.8,6.154,baseline_estacional_drift
13505,6,13,2.746,3.671,48.883,1.0407,0.6923,0.8,5.769,baseline_estacional_drift
13505,7,13,2.639,3.276,119.527,1.0003,0.9231,0.8,6.077,baseline_estacional_drift
13505,8,13,2.479,3.052,75.185,0.9398,0.8462,0.8,6.077,baseline_estacional_drift
13601,1,13,9.497,12.74,23.326,1.1901,0.8462,0.8,25.2,baseline_estacional_drift
13601,2,13,9.213,11.725,21.559,1.1545,0.8462,0.8,24.9,baseline_estacional_drift
13601,3,13,8.118,9.577,18.956,1.0173,0.7692,0.8,24.969,baseline_estacional_drift
13601,4,13,8.734,10.952,20.304,1.0944,0.7692,0.8,25.038,baseline_estacional_drift
13601,5,13,9.296,12.505,23.366,1.1649,0.8462,0.8,24.769,baseline_estacional_drift
13601,6,13,7.834,11.087,18.702,0.9817,0.8462,0.8,24.846,baseline_estacional_drift
13601,7,13,8.876,10.788,20.651,1.1122,0.7692,0.8,24.923,baseline_estacional_drift
13601,8,13,8.503,10.652,19.364,1.0655,0.7692,0.8,24.992,baseline_estacional_drift
13602,1,13,3.87,4.714,52.393,0.8637,0.9231,0.8,13.923,baseline_estacional_drift
13602,2,13,5.645,6.269,64.911,1.26,0.8462,0.8,13.738,baseline_estacional_drift
13602,3,13,4.509,5.575,72.782,1.0064,0.9231,0.8,14.523,baseline_estacional_drift
13602,4,13,4.751,5.808,74.175,1.0605,0.8462,0.8,13.531,baseline_estacional_drift
13602,5,13,4.018,4.877,51.147,0.8968,0.9231,0.8,13.846,baseline_estacional_drift
13602,6,13,5.237,6.053,63.467,1.1688,0.9231,0.8,13.846,baseline_estacional_drift
13602,7,13,4.746,5.871,81.947,1.0592,0.9231,0.8,14.538,baseline_estacional_drift
13602,8,13,4.988,6.103,81.215,1.1134,0.9231,0.8,13.615,baseline_estacional_drift
13603,1,13,4.822,7.732,21.375,0.8464,0.8462,0.8,18.6,baseline_estacional_drift
13603,2,13,6.012,7.834,27.266,1.0552,0.7692,0.8,18.262,baseline_estacional_drift
13603,3,13,6.278,6.968,38.171,1.1019,0.8462,0.8,18.692,baseline_estacional_drift
13603,4,13,6.16,8.566,35.436,1.0812,0.6923,0.8,18.738,baseline_estacional_drift
13603,5,13,5.509,8.316,24.303,0.9669,0.8462,0.8,18.723,baseline_estacional_drift
13603,6,13,6.331,8.161,27.991,1.1113,0.7692,0.8,18.285,baseline_estacional_drift
13603,7,13,6.101,7.191,35.852,1.0708,0.8462,0.8,18.738,baseline_estacional_drift
13603,8,13,6.095,8.662,33.668,1.0697,0.6923,0.8,18.792,baseline_estacional_drift
13604,1,13,7.615,10.213,32.448,0.9343,0.8462,0.8,25.031,baseline_estacional_drift
13604,2,13,7.473,9.137,27.846,0.9168,0.7692,0.8,24.969,baseline_estacional_drift
13604,3,13,9.953,12.227,32.634,1.221,0.8462,0.8,24.785,baseline_estacional_drift
13604,4,13,6.817,8.149,25.497,0.8363,0.8462,0.8,24.908,baseline_estacional_drift
13604,5,13,7.077,9.651,30.109,0.8682,0.8462,0.8,25.031,baseline_estacional_drift
13604,6,13,7.254,8.602,27.07,0.89,0.6923,0.8,25.177,baseline_estacional_drift
13604,7,13,11.254,13.407,35.88,1.3807,0.7692,0.8,24.862,baseline_estacional_drift
13604,8,13,6.787,8.529,24.954,0.8326,0.9231,0.8,25.023,baseline_estacional_drift
13605,1,13,9.349,11.764,22.714,0.777,0.7692,0.8,38.154,baseline_estacional_drift
13605,2,13,9.361,11.058,22.442,0.7779,0.8462,0.8,37.846,baseline_estacional_drift
13605,3,13,9.379,12.523,24.109,0.7794,0.7692,0.8,37.354,baseline_estacional_drift
13605,4,13,10.71,12.881,29.925,0.8901,0.8462,0.8,36.885,baseline_estacional_drift
13605,5,13,10.811,13.854,24.752,0.8984,0.6154,0.8,37.338,baseline_estacional_drift
13605,6,13,10.213,12.318,24.125,0.8488,0.8462,0.8,37.554,baseline_estacional_drift
13605,7,13,9.408,12.834,24.451,0.7819,0.7692,0.8,37.615,baseline_estacional_drift
13605,8,13,10.763,12.559,29.914,0.8945,0.8462,0.8,37.146,baseline_estacional_drift
RM,1,13,235.148,428.273,14.646,1.0579,0.5385,0.8,521.523,baseline_estacional_drift
RM,2,13,138.746,168.778,6.605,0.6242,0.9231,0.8,518.446,baseline_estacional_drift
RM,3,13,144.296,184.489,6.646,0.6492,0.9231,0.8,515.631,baseline_estacional_drift
RM,4,13,160.964,192.966,7.426,0.7242,1.0,0.8,516.269,baseline_estacional_drift
RM,5,13,249.929,435.259,15.273,1.1244,0.6154,0.8,513.431,baseline_estacional_drift
RM,6,13,160.68,193.29,7.749,0.7229,0.9231,0.8,507.385,baseline_estacional_drift
RM,7,13,143.361,191.065,6.661,0.645,0.9231,0.8,501.923,baseline_estacional_drift
RM,8,13,158.136,180.798,7.3,0.7114,1.0,0.8,495.031,baseline_estacional_drift
13101,1,13,8.371,10.549,14.461,0.6352,0.9231,0.8,30.154,poisson_glm_global
13101,2,13,10.613,12.923,19.573,0.8054,0.7692,0.8,30.231,poisson_glm_global
13101,3,13,10.268,11.941,14.142,0.7792,0.7692,0.8,30.538,poisson_glm_global
13101,4,13,5.043,6.462,7.36,0.3827,1.0,0.8,30.615,poisson_glm_global
13101,5,13,8.696,11.068,15.193,0.6599,0.9231,0.8,30.769,poisson_glm_global
13101,6,13,12.461,14.049,22.911,0.9456,0.6923,0.8,30.769,poisson_glm_global
13101,7,13,9.681,12.01,13.371,0.7346,0.7692,0.8,31.0,poisson_glm_global
13101,8,13,4.947,6.451,7.132,0.3754,1.0,0.8,31.077,poisson_glm_global
13102,1,13,7.403,8.118,30.559,0.9052,0.9231,0.8,20.615,poisson_glm_global
13102,2,13,6.401,7.469,27.835,0.7828,0.8462,0.8,20.538,poisson_glm_global
13102,3,13,5.017,6.834,17.098,0.6135,0.8462,0.8,20.462,poisson_glm_global
13102,4,13,9.509,11.583,27.935,1.1629,0.6154,0.8,20.462,poisson_glm_global
13102,5,13,7.712,8.365,31.649,0.9431,0.8462,0.8,20.231,poisson_glm_global
13102,6,13,6.584,7.531,28.172,0.8051,0.8462,0.8,20.231,poisson_glm_global
13102,7,13,5.62,7.143,19.021,0.6872,0.8462,0.8,20.077,poisson_glm_global
13102,8,13,9.154,11.355,26.351,1.1194,0.6923,0.8,19.769,poisson_glm_global
13103,1,13,13.448,18.467,29.168,0.4463,0.7692,0.8,37.385,poisson_glm_global
13103,2,13,15.103,16.532,22.854,0.5012,0.7692,0.8,37.538,poisson_glm_global
13103,3,13,9.348,11.255,12.072,0.3102,0.9231,0.8,37.846,poisson_glm_global
13103,4,13,8.243,9.789,10.774,0.2736,1.0,0.8,37.692,poisson_glm_global
13103,5,13,12.961,18.901,28.873,0.4301,0.7692,0.8,37.538,poisson_glm_global
13103,6,13,15.762,17.4,24.302,0.5231,0.6923,0.8,37.538,poisson_glm_global
13103,7,13,9.782,11.498,12.939,0.3246,0.9231,0.8,37.769,poisson_glm_global
13103,8,13,9.678,11.604,13.991,0.3212,0.9231,0.8,37.692,poisson_glm_global
13104,1,13,9.034,11.394,23.459,0.7411,0.6923,0.8,24.923,poisson_glm_global
13104,2,13,8.531,10.45,23.278,0.6998,0.8462,0.8,25.154,poisson_glm_global
13104,3,13,6.205,6.867,18.618,0.509,0.9231,0.8,24.769,poisson_glm_global
13104,4,13,7.099,8.489,17.089,0.5823,0.7692,0.8,24.538,poisson_glm_global
13104,5,13,8.761,11.307,22.634,0.7187,0.6923,0.8,24.154,poisson_glm_global
13104,6,13,7.879,9.888,21.837,0.6463,0.8462,0.8,24.077,poisson_glm_global
13104,7,13,6.185,6.877,18.475,0.5073,0.9231,0.8,23.846,poisson_glm_global
13104,8,13,6.679,8.187,16.157,0.5478,0.8462,0.8,23.615,poisson_glm_global
13105,1,13,7.825,11.134,23.227,1.0079,0.7692,0.8,24.308,poisson_glm_global
13105,2,13,5.527,8.369,14.669,0.7119,0.8462,0.8,24.0,poisson_glm_global
13105,3,13,9.365,19.644,17.621,1.2063,0.9231,0.8,24.077,poisson_glm_global
13105,4,13,3.812,4.51,11.983,0.491,1.0,0.8,24.154,poisson_glm_global
13105,5,13,7.756,11.177,23.568,0.999,0.7692,0.8,24.077,poisson_glm_global
13105,6,13,5.823,8.338,15.549,0.7501,0.8462,0.8,24.0,poisson_glm_global
13105,7,13,8.994,19.567,16.186,1.1585,0.8462,0.8,24.077,poisson_glm_global
13105,8,13,3.577,4.231,11.33,0.4608,1.0,0.8,23.846,poisson_glm_global
13106,1,13,4.013,4.762,19.036,0.6057,0.8462,0.8,12.538,poisson_glm_global
13106,2,13,3.107,4.193,18.866,0.4689,0.8462,0.8,12.615,poisson_glm_global
13106,3,13,3.554,4.741,18.152,0.5364,0.8462,0.8,12.385,poisson_glm_global
13106,4,13,5.167,5.811,27.767,0.7799,0.6923,0.8,12.308,poisson_glm_global
13106,5,13,4.254,4.921,20.187,0.6422,0.8462,0.8,12.308,poisson_glm_global
13106,6,13,3.013,4.049,18.337,0.4547,0.7692,0.8,12.308,poisson_glm_global
13106,7,13,3.794,4.809,20.086,0.5727,0.6923,0.8,12.231,poisson_glm_global
13106,8,13,4.391,4.949,25.021,0.6628,0.7692,0.8,12.231,poisson_glm_global
13107,1,13,7.588,9.171,37.358,0.486,0.6923,0.8,25.692,poisson_glm_global
13107,2,13,5.002,6.355,21.015,0.3204,1.0,0.8,25.846,poisson_glm_global
13107,3,13,6.434,8.61,32.642,0.4121,0.8462,0.8,26.154,poisson_glm_global
13107,4,13,8.015,10.091,32.884,0.5134,0.8462,0.8,26.231,poisson_glm_global
13107,5,13,6.612,8.267,31.234,0.4235,0.7692,0.8,25.462,poisson_glm_global
13107,6,13,4.64,6.018,19.417,0.2972,1.0,0.8,24.231,poisson_glm_global
13107,7,13,5.904,7.491,27.688,0.3782,0.8462,0.8,24.154,poisson_glm_global
13107,8,13,6.603,8.854,25.433,0.423,0.8462,0.8,23.846,poisson_glm_global
13108,1,13,8.304,9.56,23.511,0.5181,1.0,0.8,35.462,poisson_glm_global
13108,2,13,10.974,12.365,24.786,0.6847,0.9231,0.8,35.231,poisson_glm_global
13108,3,13,12.403,15.592,22.431,0.7739,0.8462,0.8,35.231,poisson_glm_global
13108,4,13,10.106,13.234,20.33,0.6306,0.8462,0.8,35.231,poisson_glm_global
13108,5,13,8.259,9.723,22.675,0.5154,1.0,0.8,34.846,poisson_glm_global
13108,6,13,10.203,12.06,23.35,0.6367,0.8462,0.8,34.769,poisson_glm_global
13108,7,13,12.424,15.574,22.202,0.7752,0.8462,0.8,35.462,poisson_glm_global
13108,8,13,10.245,13.47,20.643,0.6392,0.8462,0.8,34.769,poisson_glm_global
13109,1,13,2.791,3.706,31.548,0.6691,0.7692,0.8,7.615,poisson_glm_global
13109,2,13,2.054,2.597,22.923,0.4924,0.8462,0.8,7.692,poisson_glm_global
13109,3,13,1.303,1.679,18.672,0.3125,1.0,0.8,7.769,poisson_glm_global
13109,4,13,2.852,3.343,32.213,0.6837,0.7692,0.8,7.538,poisson_glm_global
13109,5,13,2.698,3.563,31.097,0.6468,0.7692,0.8,7.615,poisson_glm_global
13109,6,13,2.094,2.649,23.038,0.502,0.8462,0.8,7.538,poisson_glm_global
13109,7,13,1.505,1.939,24.359,0.3609,1.0,0.8,7.538,poisson_glm_global
13109,8,13,2.884,3.341,34.646,0.6914,0.8462,0.8,7.538,poisson_glm_global
13110,1,13,14.159,16.039,17.626,1.1533,0.8462,0.8,47.077,poisson_glm_global
13110,2,13,20.387,22.716,21.57,1.6606,0.5385,0.8,47.462,poisson_glm_global
13110,3,13,14.612,18.837,15.709,1.1903,0.7692,0.8,47.154,poisson_glm_global
13110,4,13,20.916,24.09,22.054,1.7037,0.6923,0.8,47.462,poisson_glm_global
13110,5,13,14.478,16.405,18.089,1.1793,0.7692,0.8,47.231,poisson_glm_global
13110,6,13,20.367,22.569,21.567,1.6591,0.7692,0.8,47.077,poisson_glm_global
13110,7,13,14.236,18.594,15.305,1.1597,0.7692,0.8,47.077,poisson_glm_global
13110,8,13,21.56,24.209,22.82,1.7563,0.7692,0.8,46.846,poisson_glm_global
13111,1,13,9.964,12.402,39.674,1.657,0.9231,0.8,31.769,poisson_glm_global
13111,2,13,11.677,13.272,40.982,1.9419,0.8462,0.8,31.692,poisson_glm_global
13111,3,13,13.738,14.544,45.765,2.2846,0.7692,0.8,31.769,poisson_glm_global
13111,4,13,13.187,14.979,42.135,2.193,0.7692,0.8,31.692,poisson_glm_global
13111,5,13,10.273,12.648,40.657,1.7084,0.8462,0.8,31.615,poisson_glm_global
13111,6,13,11.984,13.505,41.349,1.993,0.7692,0.8,31.462,poisson_glm_global
13111,7,13,13.506,14.323,45.247,2.2461,0.8462,0.8,31.462,poisson_glm_global
13111,8,13,14.671,16.74,44.112,2.4398,0.6154,0.8,31.231,poisson_glm_global
13112,1,13,10.013,11.744,22.961,0.9269,0.7692,0.8,29.692,poisson_glm_global
13112,2,13,7.177,10.131,13.92,0.6643,0.7692,0.8,29.769,poisson_glm_global
13112,3,13,10.945,12.999,24.1,1.0132,0.6154,0.8,29.385,poisson_glm_global
13112,4,13,8.752,12.333,20.382,0.8102,0.8462,0.8,29.154,poisson_glm_global
13112,5,13,10.014,11.654,22.929,0.927,0.7692,0.8,29.231,poisson_glm_global
13112,6,13,7.242,10.181,14.993,0.6704,0.8462,0.8,28.923,poisson_glm_global
13112,7,13,11.174,12.954,25.252,1.0344,0.6154,0.8,28.769,poisson_glm_global
13112,8,13,8.526,12.255,20.057,0.7892,0.8462,0.8,28.615,poisson_glm_global
13113,1,13,3.388,4.339,27.794,0.6723,0.8462,0.8,9.692,poisson_glm_global
13113,2,13,2.693,2.995,20.659,0.5344,1.0,0.8,9.846,poisson_glm_global
13113,3,13,2.886,3.492,22.457,0.5726,0.8462,0.8,9.923,poisson_glm_global
13113,4,13,2.915,4.059,17.834,0.5784,0.9231,0.8,9.923,poisson_glm_global
13113,5,13,3.557,4.614,26.02,0.7057,0.7692,0.8,9.923,poisson_glm_global
13113,6,13,2.79,3.088,20.691,0.5537,1.0,0.8,10.0,poisson_glm_global
13113,7,13,2.792,3.38,18.055,0.554,1.0,0.8,10.077,poisson_glm_global
13113,8,13,2.767,4.02,16.872,0.549,0.9231,0.8,10.154,poisson_glm_global
13114,1,13,4.394,5.136,106.077,0.6815,0.6923,0.8,13.154,poisson_glm_global
13114,2,13,5.822,6.443,204.836,0.903,0.6923,0.8,13.077,poisson_glm_global
13114,3,13,2.966,3.688,60.65,0.46,0.9231,0.8,13.154,poisson_glm_global
13114,4,13,3.451,3.956,67.336,0.5352,0.9231,0.8,13.231,poisson_glm_global
13114,5,13,4.978,5.569,115.02,0.7721,0.6923,0.8,13.154,poisson_glm_global
13114,6,13,5.37,5.924,202.535,0.8329,0.6923,0.8,13.154,poisson_glm_global
13114,7,13,2.558,3.21,58.455,0.3967,0.9231,0.8,13.154,poisson_glm_global
13114,8,13,3.269,3.916,66.09,0.5071,0.9231,0.8,13.154,poisson_glm_global
13115,1,13,1.899,2.327,42.845,1.0346,0.8462,0.8,5.077,poisson_glm_global
13115,2,13,1.078,1.474,37.211,0.5871,0.9231,0.8,5.154,poisson_glm_global
13115,3,13,1.491,2.105,49.263,0.8125,0.9231,0.8,5.154,poisson_glm_global
13115,4,13,1.925,2.271,60.929,1.0485,0.8462,0.8,5.154,poisson_glm_global
13115,5,13,1.879,2.327,41.602,1.0239,0.8462,0.8,5.154,poisson_glm_global
13115,6,13,1.061,1.452,37.435,0.5781,1.0,0.8,5.154,poisson_glm_global
13115,7,13,1.797,2.373,55.589,0.9791,0.8462,0.8,5.154,poisson_glm_global
13115,8,13,1.951,2.286,63.682,1.0627,0.8462,0.8,5.154,poisson_glm_global
13116,1,13,4.706,5.96,15.673,0.5267,1.0,0.8,18.923,poisson_glm_global
13116,2,13,6.501,7.604,19.755,0.7277,0.7692,0.8,18.538,poisson_glm_global
13116,3,13,5.514,6.987,15.859,0.6172,0.8462,0.8,18.385,poisson_glm_global
13116,4,13,4.774,6.496,12.106,0.5344,0.8462,0.8,18.231,poisson_glm_global
13116,5,13,4.608,5.917,15.39,0.5157,0.8462,0.8,17.923,poisson_glm_global
13116,6,13,6.706,7.725,21.215,0.7506,0.6923,0.8,17.923,poisson_glm_global
13116,7,13,5.445,6.871,14.446,0.6095,0.8462,0.8,17.846,poisson_glm_global
13116,8,13,3.851,5.618,9.839,0.4311,0.8462,0.8,17.615,poisson_glm_global
13117,1,13,8.296,11.181,19.255,1.111,0.9231,0.8,32.231,poisson_glm_global
13117,2,13,10.184,14.358,21.231,1.3638,0.8462,0.8,32.0,poisson_glm_global
13117,3,13,7.715,9.153,19.604,1.0332,1.0,0.8,31.923,poisson_glm_global
13117,4,13,9.309,11.311,21.474,1.2467,0.9231,0.8,31.692,poisson_glm_global
13117,5,13,8.268,11.158,19.177,1.1073,0.9231,0.8,31.538,poisson_glm_global
13117,6,13,8.253,12.199,18.062,1.1052,0.9231,0.8,31.385,poisson_glm_global
13117,7,13,8.128,9.741,20.218,1.0885,0.9231,0.8,31.231,poisson_glm_global
13117,8,13,8.509,10.829,19.592,1.1396,0.9231,0.8,30.846,poisson_glm_global
13118,1,13,3.44,4.424,54.389,0.7019,0.7692,0.8,9.615,poisson_glm_global
13118,2,13,3.754,4.33,42.859,0.766,0.7692,0.8,9.538,poisson_glm_global
13118,3,13,2.847,3.205,49.705,0.5809,0.9231,0.8,9.308,poisson_glm_global
13118,4,13,2.186,2.648,39.005,0.446,0.9231,0.8,9.231,poisson_glm_global
13118,5,13,3.304,4.297,53.977,0.6741,0.7692,0.8,9.385,poisson_glm_global
13118,6,13,5.185,7.704,46.792,1.0579,0.7692,0.8,9.538,poisson_glm_global
13118,7,13,2.778,3.121,44.758,0.5667,0.9231,0.8,9.462,poisson_glm_global
13118,8,13,2.051,2.53,38.246,0.4186,0.9231,0.8,9.538,poisson_glm_global
13119,1,13,14.676,18.646,17.011,0.9653,0.6923,0.8,53.846,poisson_glm_global
13119,2,13,15.606,19.867,16.136,1.0264,0.7692,0.8,53.385,poisson_glm_global
13119,3,13,17.018,20.29,17.912,1.1193,0.8462,0.8,52.692,poisson_glm_global
13119,4,13,16.893,21.049,16.732,1.1111,0.6923,0.8,52.769,poisson_glm_global
13119,5,13,14.122,18.592,16.606,0.9288,0.6923,0.8,52.923,poisson_glm_global
13119,6,13,16.188,20.107,17.244,1.0648,0.7692,0.8,52.231,poisson_glm_global
13119,7,13,16.595,19.688,17.58,1.0915,0.7692,0.8,51.0,poisson_glm_global
13119,8,13,16.479,20.088,16.604,1.0839,0.6154,0.8,49.846,poisson_glm_global
13120,1,13,4.943,5.674,20.879,0.6287,0.9231,0.8,17.923,poisson_glm_global
13120,2,13,6.795,8.665,23.862,0.8643,0.7692,0.8,17.846,poisson_glm_global
13120,3,13,5.955,7.652,16.482,0.7575,0.8462,0.8,17.692,poisson_glm_global
13120,4,13,4.331,5.472,15.411,0.5508,0.8462,0.8,17.769,poisson_glm_global
13120,5,13,5.097,5.87,21.483,0.6483,0.9231,0.8,17.769,poisson_glm_global
13120,6,13,6.749,8.587,23.715,0.8584,0.8462,0.8,17.769,poisson_glm_global
13120,7,13,5.832,7.555,16.506,0.7418,0.7692,0.8,17.846,poisson_glm_global
13120,8,13,4.217,5.331,15.538,0.5363,0.8462,0.8,17.769,poisson_glm_global
13121,1,13,5.87,7.15,21.59,0.7575,0.7692,0.8,20.385,poisson_glm_global
13121,2,13,6.054,7.621,21.491,0.7811,0.7692,0.8,20.615,poisson_glm_global
13121,3,13,6.345,7.25,18.59,0.8187,0.8462,0.8,20.692,poisson_glm_global
13121,4,13,6.917,8.641,18.079,0.8925,0.7692,0.8,20.462,poisson_glm_global
13121,5,13,5.835,7.181,21.425,0.7529,0.7692,0.8,20.308,poisson_glm_global
13121,6,13,6.071,7.553,21.045,0.7834,0.7692,0.8,20.077,poisson_glm_global
13121,7,13,5.747,6.669,17.461,0.7416,0.8462,0.8,20.231,poisson_glm_global
13121,8,13,6.75,8.447,18.469,0.871,0.6923,0.8,20.231,poisson_glm_global
13122,1,13,16.848,19.455,29.943,1.2294,1.0,0.8,61.385,poisson_glm_global
13122,2,13,19.389,21.076,33.78,1.4149,1.0,0.8,60.923,poisson_glm_global
13122,3,13,17.048,19.487,30.167,1.244,0.9231,0.8,60.846,poisson_glm_global
13122,4,13,20.483,23.079,33.919,1.4947,0.8462,0.8,60.692,poisson_glm_global
13122,5,13,16.941,19.77,29.745,1.2362,1.0,0.8,60.615,poisson_glm_global
13122,6,13,19.708,21.291,34.09,1.4381,1.0,0.8,60.077,poisson_glm_global
13122,7,13,18.227,19.949,32.273,1.33,0.9231,0.8,60.0,poisson_glm_global
13122,8,13,21.389,23.881,34.633,1.5608,0.9231,0.8,59.846,poisson_glm_global
13123,1,13,12.546,15.661,27.197,0.8878,0.8462,0.8,42.769,poisson_glm_global
13123,2,13,11.394,14.724,19.982,0.8063,0.9231,0.8,43.231,poisson_glm_global
13123,3,13,11.341,13.32,20.694,0.8025,0.7692,0.8,43.231,poisson_glm_global
13123,4,13,15.573,30.886,18.8,1.102,0.7692,0.8,43.538,poisson_glm_global
13123,5,13,12.941,16.103,28.362,0.9157,0.8462,0.8,43.538,poisson_glm_global
13123,6,13,12.39,15.436,22.153,0.8768,0.7692,0.8,43.923,poisson_glm_global
13123,7,13,11.3,13.68,20.282,0.7996,0.7692,0.8,44.154,poisson_glm_global
13123,8,13,16.044,31.305,19.861,1.1353,0.7692,0.8,44.231,poisson_glm_global
13124,1,13,9.153,11.381,20.87,0.6827,0.8462,0.8,27.923,poisson_glm_global
13124,2,13,10.854,12.733,19.615,0.8095,0.6154,0.8,27.538,poisson_glm_global
13124,3,13,8.155,9.346,14.734,0.6082,0.8462,0.8,27.231,poisson_glm_global
13124,4,13,8.758,11.686,14.637,0.6532,0.8462,0.8,27.308,poisson_glm_global
13124,5,13,8.385,11.282,19.613,0.6253,0.8462,0.8,27.462,poisson_glm_global
13124,6,13,11.093,12.743,20.045,0.8274,0.6154,0.8,27.154,poisson_glm_global
13124,7,13,9.586,11.451,16.348,0.7149,0.7692,0.8,26.846,poisson_glm_global
13124,8,13,8.379,11.603,15.457,0.625,0.8462,0.8,26.846,poisson_glm_global
13125,1,13,10.594,12.404,20.768,0.9539,0.7692,0.8,26.923,poisson_glm_global
13125,2,13,10.513,13.408,18.222,0.9467,0.7692,0.8,26.923,poisson_glm_global
13125,3,13,7.21,8.727,13.087,0.6492,0.9231,0.8,26.846,poisson_glm_global
13125,4,13,6.803,8.257,11.297,0.6126,0.9231,0.8,26.538,poisson_glm_global
13125,5,13,11.243,13.03,22.277,1.0124,0.7692,0.8,26.462,poisson_glm_global
13125,6,13,11.551,14.0,20.822,1.0401,0.5385,0.8,26.231,poisson_glm_global
13125,7,13,8.162,9.369,15.068,0.735,0.9231,0.8,26.077,poisson_glm_global
13125,8,13,6.778,8.55,12.026,0.6103,0.8462,0.8,26.0,poisson_glm_global
13126,1,13,4.172,5.864,20.328,0.6856,0.9231,0.8,15.692,poisson_glm_global
13126,2,13,6.023,6.979,30.194,0.9897,0.6923,0.8,15.769,poisson_glm_global
13126,3,13,4.447,5.295,21.88,0.7308,0.9231,0.8,15.615,poisson_glm_global
13126,4,13,5.11,5.79,27.274,0.8397,0.8462,0.8,15.462,poisson_glm_global
13126,5,13,4.079,5.797,19.753,0.6703,0.9231,0.8,15.308,poisson_glm_global
13126,6,13,5.991,7.008,29.601,0.9845,0.7692,0.8,15.308,poisson_glm_global
13126,7,13,4.991,5.707,24.135,0.8202,0.8462,0.8,15.154,poisson_glm_global
13126,8,13,5.611,6.737,28.139,0.922,0.8462,0.8,15.077,poisson_glm_global
13127,1,13,52.298,70.527,17.472,0.585,0.6923,0.8,131.077,poisson_glm_global
13127,2,13,40.455,46.933,10.775,0.4525,0.8462,0.8,131.231,poisson_glm_global
13127,3,13,42.186,50.19,11.46,0.4719,0.6154,0.8,132.538,poisson_glm_global
13127,4,13,32.336,38.076,8.352,0.3617,0.9231,0.8,134.308,poisson_glm_global
13127,5,13,55.411,75.043,18.391,0.6198,0.6923,0.8,136.615,poisson_glm_global
13127,6,13,46.502,53.227,12.612,0.5202,0.7692,0.8,137.462,poisson_glm_global
13127,7,13,50.874,59.777,14.272,0.5691,0.6154,0.8,140.0,poisson_glm_global
13127,8,13,31.482,38.468,7.936,0.3522,0.9231,0.8,140.692,poisson_glm_global
13128,1,13,8.35,9.994,22.176,0.9244,0.6923,0.8,21.462,poisson_glm_global
13128,2,13,8.65,10.613,26.065,0.9576,0.6154,0.8,21.692,poisson_glm_global
13128,3,13,5.358,7.003,15.729,0.5931,0.8462,0.8,21.769,poisson_glm_global
13128,4,13,4.091,5.039,10.96,0.4529,1.0,0.8,21.769,poisson_glm_global
13128,5,13,8.279,10.202,21.869,0.9166,0.6923,0.8,21.846,poisson_glm_global
13128,6,13,8.692,10.768,26.069,0.9623,0.6923,0.8,21.615,poisson_glm_global
13128,7,13,5.66,7.178,16.727,0.6265,0.8462,0.8,21.923,poisson_glm_global
13128,8,13,3.799,4.908,9.816,0.4206,1.0,0.8,21.923,poisson_glm_global
13129,1,13,4.857,6.224,30.883,0.9149,0.7692,0.8,12.692,poisson_glm_global
13129,2,13,3.168,3.954,19.464,0.5968,0.8462,0.8,12.692,poisson_glm_global
13129,3,13,3.741,4.89,34.861,0.7047,0.8462,0.8,12.692,poisson_glm_global
13129,4,13,3.851,4.789,27.605,0.7254,0.7692,0.8,12.769,poisson_glm_global
13129,5,13,3.96,4.622,28.734,0.7459,0.8462,0.8,12.538,poisson_glm_global
13129,6,13,3.305,3.978,20.255,0.6225,0.8462,0.8,12.615,poisson_glm_global
13129,7,13,3.885,4.978,35.267,0.7317,0.8462,0.8,12.538,poisson_glm_global
13129,8,13,3.885,4.803,28.14,0.7317,0.8462,0.8,12.462,poisson_glm_global
13130,1,13,18.418,22.757,31.25,0.8961,0.9231,0.8,62.385,poisson_glm_global
13130,2,13,21.964,25.204,36.473,1.0687,0.7692,0.8,62.538,poisson_glm_global
13130,3,13,13.739,16.234,19.512,0.6685,0.9231,0.8,62.077,poisson_glm_global
13130,4,13,16.238,19.113,24.026,0.7901,0.9231,0.8,62.0,poisson_glm_global
13130,5,13,16.981,22.389,29.326,0.8262,0.9231,0.8,61.308,poisson_glm_global
13130,6,13,20.949,24.609,34.93,1.0193,0.7692,0.8,60.538,poisson_glm_global
13130,7,13,13.963,16.98,20.633,0.6794,0.9231,0.8,60.077,poisson_glm_global
13130,8,13,16.378,19.608,24.584,0.7969,0.9231,0.8,59.692,poisson_glm_global
13131,1,13,10.555,12.116,17.671,0.5811,0.8462,0.8,37.769,poisson_glm_global
13131,2,13,11.329,12.441,18.038,0.6237,0.9231,0.8,38.0,poisson_glm_global
13131,3,13,11.471,16.032,15.572,0.6315,0.7692,0.8,37.846,poisson_glm_global
13131,4,13,15.87,18.456,22.141,0.8737,0.7692,0.8,37.538,poisson_glm_global
13131,5,13,11.987,13.334,19.732,0.6599,0.7692,0.8,37.385,poisson_glm_global
13131,6,13,11.063,12.142,17.529,0.6091,0.8462,0.8,37.231,poisson_glm_global
13131,7,13,12.069,16.25,16.445,0.6644,0.7692,0.8,36.923,poisson_glm_global
13131,8,13,15.387,18.311,21.141,0.8471,0.6923,0.8,36.692,poisson_glm_global
13201,1,13,12.269,16.533,12.425,0.46,0.8462,0.8,34.385,poisson_glm_global
13201,2,13,8.928,10.967,7.599,0.3347,0.8462,0.8,34.462,poisson_glm_global
13201,3,13,9.787,12.173,8.656,0.367,0.6923,0.8,34.154,poisson_glm_global
13201,4,13,9.161,10.916,7.488,0.3435,0.9231,0.8,34.615,poisson_glm_global
13201,5,13,13.01,17.65,13.015,0.4878,0.8462,0.8,34.846,poisson_glm_global
13201,6,13,9.145,10.873,7.697,0.3429,0.8462,0.8,34.385,poisson_glm_global
13201,7,13,8.957,11.717,7.736,0.3358,0.6923,0.8,34.462,poisson_glm_global
13201,8,13,10.76,13.03,8.454,0.4034,0.7692,0.8,34.538,poisson_glm_global
13202,1,13,1.858,2.298,65.938,0.5753,0.8462,0.8,6.231,poisson_glm_global
13202,2,13,1.452,1.844,29.955,0.4494,1.0,0.8,6.231,poisson_glm_global
13202,3,13,1.657,1.881,35.563,0.513,1.0,0.8,6.077,poisson_glm_global
13202,4,13,2.479,3.071,54.337,0.7675,0.7692,0.8,6.308,poisson_glm_global
13202,5,13,1.844,2.327,65.785,0.5708,0.8462,0.8,6.231,poisson_glm_global
13202,6,13,1.252,1.58,27.494,0.3877,1.0,0.8,6.231,poisson_glm_global
13202,7,13,1.848,2.126,36.31,0.5721,1.0,0.8,6.231,poisson_glm_global
13202,8,13,2.553,3.148,63.616,0.7902,0.6923,0.8,6.308,poisson_glm_global
13203,1,13,2.53,3.334,41.02,0.6453,0.7692,0.8,8.077,poisson_glm_global
13203,2,13,2.59,3.027,53.065,0.6605,0.9231,0.8,8.231,poisson_glm_global
13203,3,13,2.754,3.378,27.819,0.7023,0.8462,0.8,8.077,poisson_glm_global
13203,4,13,1.952,2.151,24.034,0.4977,1.0,0.8,8.154,poisson_glm_global
13203,5,13,3.251,4.336,45.225,0.829,0.6923,0.8,8.154,poisson_glm_global
13203,6,13,2.809,3.448,101.544,0.7165,0.8462,0.8,8.231,poisson_glm_global
13203,7,13,2.733,3.396,26.97,0.6969,0.8462,0.8,8.231,poisson_glm_global
13203,8,13,1.833,2.069,22.125,0.4676,1.0,0.8,8.231,poisson_glm_global
13301,1,13,8.368,10.692,28.703,0.422,0.8462,0.8,26.0,poisson_glm_global
13301,2,13,10.063,12.033,36.446,0.5075,0.6923,0.8,26.0,poisson_glm_global
13301,3,13,6.998,8.972,21.503,0.3529,0.8462,0.8,25.462,poisson_glm_global
13301,4,13,8.244,9.407,23.48,0.4157,0.9231,0.8,25.615,poisson_glm_global
13301,5,13,8.314,10.829,29.137,0.4193,0.7692,0.8,25.615,poisson_glm_global
13301,6,13,9.908,11.971,35.944,0.4997,0.6923,0.8,25.462,poisson_glm_global
13301,7,13,6.867,9.1,21.247,0.3463,0.7692,0.8,25.385,poisson_glm_global
13301,8,13,8.137,9.374,23.262,0.4103,0.8462,0.8,25.0,poisson_glm_global
13302,1,13,7.503,10.185,19.906,0.552,0.7692,0.8,22.462,poisson_glm_global
13302,2,13,7.117,9.968,16.748,0.5236,0.7692,0.8,22.385,poisson_glm_global
13302,3,13,4.677,5.899,13.168,0.3441,1.0,0.8,22.308,poisson_glm_global
13302,4,13,6.957,8.641,15.505,0.5119,0.7692,0.8,22.615,poisson_glm_global
13302,5,13,6.904,9.466,16.502,0.508,0.8462,0.8,22.385,poisson_glm_global
13302,6,13,7.079,9.915,16.56,0.5208,0.8462,0.8,22.462,poisson_glm_global
13302,7,13,5.378,6.894,14.139,0.3957,1.0,0.8,22.385,poisson_glm_global
13302,8,13,6.871,8.77,15.406,0.5055,0.7692,0.8,22.615,poisson_glm_global
13303,1,13,2.063,2.643,39.805,0.4111,0.9231,0.8,8.769,poisson_glm_global
13303,2,13,3.123,3.642,72.643,0.6222,0.6154,0.8,8.615,poisson_glm_global
13303,3,13,2.674,2.831,30.44,0.5328,0.9231,0.8,8.846,poisson_glm_global
13303,4,13,2.058,2.737,42.914,0.4099,0.9231,0.8,8.846,poisson_glm_global
13303,5,13,2.197,2.84,46.181,0.4376,0.8462,0.8,8.692,poisson_glm_global
13303,6,13,3.44,3.925,81.978,0.6854,0.6154,0.8,8.769,poisson_glm_global
13303,7,13,2.626,2.781,29.889,0.5231,0.9231,0.8,8.923,poisson_glm_global
13303,8,13,1.838,2.542,38.131,0.3662,0.9231,0.8,8.846,poisson_glm_global
13401,1,13,10.815,12.379,13.031,0.6464,1.0,0.8,41.615,poisson_glm_global
13401,2,13,7.835,8.842,9.106,0.4683,1.0,0.8,41.462,poisson_glm_global
13401,3,13,9.036,10.239,9.801,0.5401,0.9231,0.8,41.462,poisson_glm_global
13401,4,13,14.231,24.555,12.081,0.8506,0.8462,0.8,41.615,poisson_glm_global
13401,5,13,10.482,11.871,12.582,0.6266,1.0,0.8,41.769,poisson_glm_global
13401,6,13,8.015,9.115,9.389,0.479,1.0,0.8,41.462,poisson_glm_global
13401,7,13,10.208,11.517,10.888,0.6101,0.8462,0.8,41.692,poisson_glm_global
13401,8,13,10.976,15.956,10.774,0.656,0.8462,0.8,41.538,poisson_glm_global
13402,1,13,7.085,8.832,21.624,0.9934,0.6154,0.8,17.615,poisson_glm_global
13402,2,13,4.757,5.617,19.796,0.667,0.8462,0.8,17.692,poisson_glm_global
13402,3,13,5.646,6.997,18.856,0.7917,0.9231,0.8,18.0,poisson_glm_global
13402,4,13,5.357,6.384,21.063,0.7512,0.7692,0.8,18.0,poisson_glm_global
13402,5,13,7.341,9.081,22.502,1.0294,0.6154,0.8,18.077,poisson_glm_global
13402,6,13,4.929,5.766,20.454,0.6911,0.8462,0.8,18.077,poisson_glm_global
13402,7,13,5.907,7.375,19.843,0.8282,0.8462,0.8,18.308,poisson_glm_global
13402,8,13,5.484,6.492,21.337,0.769,0.7692,0.8,18.308,poisson_glm_global
13403,1,13,2.011,2.653,30.56,1.0157,0.8462,0.8,5.923,poisson_glm_global
13403,2,13,2.085,2.739,54.444,1.0531,0.9231,0.8,5.923,poisson_glm_global
13403,3,13,2.009,2.337,79.756,1.0145,0.8462,0.8,6.0,poisson_glm_global
13403,4,13,2.248,2.8,74.277,1.1353,0.8462,0.8,6.0,poisson_glm_global
13403,5,13,2.21,2.793,51.358,1.1158,0.8462,0.8,6.077,poisson_glm_global
13403,6,13,2.374,3.006,57.025,1.199,0.9231,0.8,6.077,poisson_glm_global
13403,7,13,2.522,3.393,65.067,1.2738,0.8462,0.8,6.077,poisson_glm_global
13403,8,13,2.291,2.817,79.786,1.1568,0.8462,0.8,6.0,poisson_glm_global
13404,1,13,3.238,4.157,45.369,0.6875,0.7692,0.8,10.308,poisson_glm_global
13404,2,13,3.157,3.894,23.704,0.6701,0.8462,0.8,10.231,poisson_glm_global
13404,3,13,2.007,2.789,14.318,0.426,0.9231,0.8,10.154,poisson_glm_global
13404,4,13,3.789,4.73,118.842,0.8044,0.6923,0.8,9.846,poisson_glm_global
13404,5,13,2.912,3.989,41.234,0.6182,0.6923,0.8,9.769,poisson_glm_global
13404,6,13,3.474,4.02,25.82,0.7375,0.7692,0.8,9.769,poisson_glm_global
13404,7,13,2.059,2.798,14.756,0.437,0.9231,0.8,9.692,poisson_glm_global
13404,8,13,3.257,4.278,113.582,0.6914,0.7692,0.8,9.769,poisson_glm_global
13501,1,13,5.748,7.483,11.694,0.5703,0.8462,0.8,21.769,poisson_glm_global
13501,2,13,9.299,11.194,22.945,0.9226,0.6154,0.8,21.692,poisson_glm_global
13501,3,13,6.44,7.757,12.819,0.6389,0.7692,0.8,21.385,poisson_glm_global
13501,4,13,6.735,9.313,12.41,0.6682,0.7692,0.8,21.538,poisson_glm_global
13501,5,13,6.156,7.894,12.869,0.6108,0.8462,0.8,21.923,poisson_glm_global
13501,6,13,8.438,10.539,21.677,0.8372,0.6923,0.8,21.308,poisson_glm_global
13501,7,13,6.157,7.583,12.27,0.6109,0.6923,0.8,21.231,poisson_glm_global
13501,8,13,6.965,9.196,13.149,0.691,0.7692,0.8,21.385,poisson_glm_global
13502,1,13,1.709,2.115,51.335,1.1649,0.7692,0.8,4.615,poisson_glm_global
13502,2,13,1.334,1.725,56.437,0.9089,0.9231,0.8,4.615,poisson_glm_global
13502,3,13,1.525,2.221,42.736,1.0396,0.9231,0.8,4.615,poisson_glm_global
13502,4,13,1.994,2.603,51.555,1.359,0.8462,0.8,4.615,poisson_glm_global
13502,5,13,1.755,2.131,49.637,1.1964,0.7692,0.8,4.615,poisson_glm_global
13502,6,13,1.31,1.701,55.363,0.8932,0.9231,0.8,4.615,poisson_glm_global
13502,7,13,1.268,2.011,37.452,0.8646,0.9231,0.8,4.538,poisson_glm_global
13502,8,13,1.59,1.931,48.161,1.0838,0.9231,0.8,4.462,poisson_glm_global
13503,1,13,4.173,4.982,19.924,0.7427,0.9231,0.8,13.385,poisson_glm_global
13503,2,13,4.69,6.776,21.795,0.8348,0.9231,0.8,13.154,poisson_glm_global
13503,3,13,4.69,5.607,22.762,0.8347,0.8462,0.8,13.308,poisson_glm_global
13503,4,13,3.951,5.148,18.807,0.7032,0.8462,0.8,13.308,poisson_glm_global
13503,5,13,4.026,4.88,19.262,0.7165,0.8462,0.8,13.385,poisson_glm_global
13503,6,13,4.736,6.676,22.195,0.843,0.8462,0.8,13.462,poisson_glm_global
13503,7,13,4.398,5.484,20.337,0.7828,0.7692,0.8,13.385,poisson_glm_global
13503,8,13,3.847,5.095,17.498,0.6847,0.8462,0.8,13.231,poisson_glm_global
13504,1,13,2.579,3.145,88.461,0.9054,0.6154,0.8,6.154,poisson_glm_global
13504,2,13,2.387,2.974,50.781,0.8379,0.8462,0.8,6.154,poisson_glm_global
13504,3,13,1.54,1.8,35.232,0.5406,1.0,0.8,6.308,poisson_glm_global
13504,4,13,0.763,1.036,16.658,0.2679,1.0,0.8,6.154,poisson_glm_global
13504,5,13,2.736,3.227,92.993,0.9603,0.6154,0.8,6.231,poisson_glm_global
13504,6,13,2.306,2.953,47.966,0.8094,0.8462,0.8,6.385,poisson_glm_global
13504,7,13,1.517,1.769,34.184,0.5324,1.0,0.8,6.385,poisson_glm_global
13504,8,13,0.958,1.309,23.378,0.3363,1.0,0.8,6.308,poisson_glm_global
13505,1,13,1.53,1.84,63.815,0.5798,0.9231,0.8,6.308,poisson_glm_global
13505,2,13,2.849,3.972,36.656,1.0798,0.7692,0.8,6.308,poisson_glm_global
13505,3,13,1.671,2.109,58.902,0.6335,0.8462,0.8,6.308,poisson_glm_global
13505,4,13,2.015,2.318,46.057,0.7638,0.8462,0.8,6.231,poisson_glm_global
13505,5,13,1.522,1.826,62.132,0.577,0.9231,0.8,6.231,poisson_glm_global
13505,6,13,2.962,4.004,41.973,1.1227,0.7692,0.8,6.154,poisson_glm_global
13505,7,13,1.8,2.316,59.733,0.6822,0.8462,0.8,6.308,poisson_glm_global
13505,8,13,1.835,2.167,43.538,0.6956,0.9231,0.8,6.385,poisson_glm_global
13601,1,13,7.921,9.765,18.034,0.9925,0.6154,0.8,19.385,poisson_glm_global
13601,2,13,6.906,7.926,14.527,0.8654,0.7692,0.8,19.154,poisson_glm_global
13601,3,13,6.427,7.771,14.337,0.8054,0.8462,0.8,19.077,poisson_glm_global
13601,4,13,3.667,4.122,8.331,0.4595,1.0,0.8,19.231,poisson_glm_global
13601,5,13,8.05,9.937,18.344,1.0088,0.6154,0.8,19.154,poisson_glm_global
13601,6,13,5.899,6.534,12.711,0.7392,0.8462,0.8,19.154,poisson_glm_global
13601,7,13,6.932,8.33,15.242,0.8686,0.7692,0.8,19.077,poisson_glm_global
13601,8,13,3.607,4.139,8.174,0.452,1.0,0.8,19.0,poisson_glm_global
13602,1,13,2.319,2.941,42.21,0.5176,0.9231,0.8,8.923,poisson_glm_global
13602,2,13,3.046,3.75,41.461,0.6798,0.8462,0.8,8.769,poisson_glm_global
13602,3,13,3.003,3.599,58.154,0.6703,0.8462,0.8,8.769,poisson_glm_global
13602,4,13,3.068,3.503,64.144,0.6847,0.8462,0.8,8.769,poisson_glm_global
13602,5,13,2.155,2.914,39.553,0.481,0.7692,0.8,8.615,poisson_glm_global
13602,6,13,2.858,3.62,38.448,0.6378,0.8462,0.8,8.385,poisson_glm_global
13602,7,13,2.994,3.57,57.616,0.6682,0.8462,0.8,8.462,poisson_glm_global
13602,8,13,2.771,3.286,61.065,0.6185,0.8462,0.8,8.462,poisson_glm_global
13603,1,13,4.686,6.381,23.221,0.8225,0.9231,0.8,14.231,poisson_glm_global
13603,2,13,5.408,6.364,27.748,0.9493,0.6923,0.8,14.154,poisson_glm_global
13603,3,13,4.645,5.263,29.784,0.8153,0.8462,0.8,14.154,poisson_glm_global
13603,4,13,3.894,5.517,19.628,0.6836,0.9231,0.8,14.231,poisson_glm_global
13603,5,13,4.586,6.424,22.221,0.8049,0.9231,0.8,14.308,poisson_glm_global
13603,6,13,5.146,6.177,23.59,0.9031,0.8462,0.8,14.154,poisson_glm_global
13603,7,13,4.871,5.421,30.176,0.855,0.8462,0.8,14.231,poisson_glm_global
13603,8,13,4.152,5.68,20.432,0.7288,0.9231,0.8,14.462,poisson_glm_global
13604,1,13,4.221,5.103,17.928,0.5179,0.9231,0.8,17.077,poisson_glm_global
13604,2,13,6.629,7.507,24.286,0.8133,0.8462,0.8,17.154,poisson_glm_global
13604,3,13,7.295,9.433,23.388,0.8949,0.6923,0.8,17.154,poisson_glm_global
13604,4,13,4.525,4.879,17.678,0.5551,1.0,0.8,16.846,poisson_glm_global
13604,5,13,4.051,5.065,17.386,0.497,0.9231,0.8,16.846,poisson_glm_global
13604,6,13,6.603,7.365,23.847,0.81,0.7692,0.8,16.923,poisson_glm_global
13604,7,13,8.252,10.353,24.959,1.0124,0.5385,0.8,16.923,poisson_glm_global
13604,8,13,4.72,5.032,18.326,0.5791,1.0,0.8,16.615,poisson_glm_global
13605,1,13,8.724,12.029,23.475,0.725,0.6154,0.8,21.692,poisson_glm_global
13605,2,13,6.561,7.947,16.57,0.5452,0.8462,0.8,22.0,poisson_glm_global
13605,3,13,6.707,8.971,14.755,0.5574,0.8462,0.8,21.846,poisson_glm_global
13605,4,13,5.97,6.976,16.943,0.4961,0.9231,0.8,21.923,poisson_glm_global
13605,5,13,8.242,11.57,20.465,0.685,0.6154,0.8,21.923,poisson_glm_global
13605,6,13,5.778,7.588,13.896,0.4802,0.8462,0.8,21.846,poisson_glm_global
13605,7,13,6.481,8.883,14.12,0.5386,0.8462,0.8,21.923,poisson_glm_global
13605,8,13,5.707,6.692,16.223,0.4742,0.8462,0.8,21.692,poisson_glm_global
RM,1,13,189.465,318.073,11.506,0.8524,0.9231,0.8,514.308,poisson_glm_global
RM,2,13,123.782,172.084,6.135,0.5569,0.8462,0.8,508.923,poisson_glm_global
RM,3,13,111.191,141.105,5.317,0.5002,0.9231,0.8,541.231,poisson_glm_global
RM,4,13,76.168,109.801,3.482,0.3427,1.0,0.8,503.615,poisson_glm_global
RM,5,13,179.614,331.51,11.295,0.8081,0.7692,0.8,499.0,poisson_glm_global
RM,6,13,163.933,206.126,8.188,0.7375,0.7692,0.8,509.846,poisson_glm_global
RM,7,13,134.635,169.181,6.492,0.6057,0.8462,0.8,537.154,poisson_glm_global
RM,8,13,107.119,133.436,5.074,0.4819,1.0,0.8,532.462,poisson_glm_global
13101,1,13,9.149,12.711,16.651,0.6943,0.7692,0.8,23.029,lightgbm_global
13101,2,13,10.116,13.55,20.13,0.7677,0.6154,0.8,23.03,lightgbm_global
13101,3,13,7.769,9.234,11.256,0.5896,0.6923,0.8,24.121,lightgbm_global
13101,4,13,4.151,5.874,6.352,0.315,0.9231,0.8,24.247,lightgbm_global
13101,5,13,9.849,13.063,17.756,0.7474,0.8462,0.8,23.906,lightgbm_global
13101,6,13,12.621,15.012,24.045,0.9577,0.5385,0.8,25.402,lightgbm_global
13101,7,13,7.816,9.079,11.071,0.5931,0.8462,0.8,25.057,lightgbm_global
13101,8,13,4.801,5.741,7.146,0.3643,1.0,0.8,24.6,lightgbm_global
13102,1,13,5.062,6.409,24.423,0.619,0.8462,0.8,19.712,lightgbm_global
13102,2,13,6.642,8.515,31.562,0.8123,0.6923,0.8,22.973,lightgbm_global
13102,3,13,4.564,6.138,16.961,0.5581,0.8462,0.8,22.439,lightgbm_global
13102,4,13,8.975,11.149,27.861,1.0975,0.6923,0.8,20.901,lightgbm_global
13102,5,13,6.047,7.323,25.552,0.7395,0.7692,0.8,20.895,lightgbm_global
13102,6,13,6.79,8.026,30.874,0.8303,0.6154,0.8,21.96,lightgbm_global
13102,7,13,5.942,8.16,20.729,0.7266,0.7692,0.8,21.925,lightgbm_global
13102,8,13,9.731,11.967,29.677,1.1899,0.6923,0.8,23.002,lightgbm_global
13103,1,13,14.075,21.108,32.896,0.4671,0.6154,0.8,29.926,lightgbm_global
13103,2,13,13.698,15.744,22.056,0.4546,0.5385,0.8,30.562,lightgbm_global
13103,3,13,9.356,10.142,13.107,0.3105,0.8462,0.8,31.92,lightgbm_global
13103,4,13,9.17,10.809,12.266,0.3043,0.7692,0.8,32.193,lightgbm_global
13103,5,13,13.398,22.578,33.49,0.4447,0.6923,0.8,33.514,lightgbm_global
13103,6,13,15.315,17.793,24.811,0.5083,0.5385,0.8,33.804,lightgbm_global
13103,7,13,9.712,11.226,13.44,0.3223,0.7692,0.8,34.42,lightgbm_global
13103,8,13,9.652,11.262,13.851,0.3203,0.7692,0.8,33.715,lightgbm_global
13104,1,13,9.432,12.093,28.237,0.7737,0.6923,0.8,20.829,lightgbm_global
13104,2,13,6.718,9.031,19.932,0.5511,0.6923,0.8,21.418,lightgbm_global
13104,3,13,5.015,6.136,16.073,0.4114,0.8462,0.8,20.153,lightgbm_global
13104,4,13,7.003,8.104,17.837,0.5745,0.7692,0.8,20.955,lightgbm_global
13104,5,13,9.202,12.068,27.424,0.7548,0.7692,0.8,21.025,lightgbm_global
13104,6,13,6.977,8.291,21.461,0.5723,0.6923,0.8,20.289,lightgbm_global
13104,7,13,5.281,6.48,16.936,0.4332,0.6923,0.8,19.806,lightgbm_global
13104,8,13,6.697,7.692,17.199,0.5493,0.7692,0.8,19.836,lightgbm_global
13105,1,13,8.505,10.81,27.904,1.0956,0.6154,0.8,18.643,lightgbm_global
13105,2,13,6.606,8.674,18.758,0.851,0.6923,0.8,18.28,lightgbm_global
13105,3,13,9.376,19.563,18.119,1.2077,0.7692,0.8,18.8,lightgbm_global
13105,4,13,4.185,5.019,13.651,0.5391,0.8462,0.8,18.991,lightgbm_global
13105,5,13,8.363,10.952,27.836,1.0772,0.6154,0.8,18.696,lightgbm_global
13105,6,13,5.974,8.266,16.438,0.7695,0.7692,0.8,17.926,lightgbm_global
13105,7,13,9.037,19.327,16.481,1.1641,0.6923,0.8,17.805,lightgbm_global
13105,8,13,4.052,4.744,13.243,0.5219,0.7692,0.8,16.584,lightgbm_global
13106,1,13,4.609,5.411,22.936,0.6958,0.7692,0.8,12.238,lightgbm_global
13106,2,13,3.374,4.032,20.708,0.5093,0.8462,0.8,12.247,lightgbm_global
13106,3,13,4.197,5.06,22.233,0.6335,0.6154,0.8,12.285,lightgbm_global
13106,4,13,4.594,5.27,25.144,0.6934,0.6923,0.8,11.186,lightgbm_global
13106,5,13,4.468,5.313,21.878,0.6745,0.6923,0.8,12.363,lightgbm_global
13106,6,13,3.114,4.051,19.322,0.47,0.7692,0.8,11.81,lightgbm_global
13106,7,13,4.255,5.138,23.341,0.6423,0.6154,0.8,12.135,lightgbm_global
13106,8,13,4.125,4.71,24.184,0.6226,0.6923,0.8,11.719,lightgbm_global
13107,1,13,5.335,6.368,25.385,0.3417,0.9231,0.8,18.123,lightgbm_global
13107,2,13,3.949,4.976,15.021,0.2529,0.8462,0.8,16.514,lightgbm_global
13107,3,13,6.316,7.522,28.611,0.4046,0.8462,0.8,16.862,lightgbm_global
13107,4,13,6.6,7.859,25.144,0.4228,0.6923,0.8,17.518,lightgbm_global
13107,5,13,5.719,7.478,26.682,0.3663,0.7692,0.8,17.001,lightgbm_global
13107,6,13,4.035,5.256,15.994,0.2585,0.9231,0.8,17.21,lightgbm_global
13107,7,13,6.308,7.138,27.697,0.404,0.6154,0.8,16.58,lightgbm_global
13107,8,13,7.065,9.308,25.324,0.4526,0.6923,0.8,16.851,lightgbm_global
13108,1,13,9.404,12.882,30.525,0.5868,0.6923,0.8,27.028,lightgbm_global
13108,2,13,6.862,8.425,18.286,0.4282,0.7692,0.8,26.076,lightgbm_global
13108,3,13,9.182,11.874,18.453,0.5729,0.6923,0.8,25.588,lightgbm_global
13108,4,13,7.746,9.281,17.932,0.4833,0.7692,0.8,25.348,lightgbm_global
13108,5,13,7.227,11.806,24.526,0.451,0.7692,0.8,24.963,lightgbm_global
13108,6,13,7.339,8.867,19.634,0.4579,0.7692,0.8,26.567,lightgbm_global
13108,7,13,8.723,11.271,16.638,0.5443,0.8462,0.8,26.72,lightgbm_global
13108,8,13,8.018,10.407,18.135,0.5003,0.6923,0.8,26.484,lightgbm_global
13109,1,13,2.914,3.59,35.139,0.6987,0.6154,0.8,6.969,lightgbm_global
13109,2,13,1.948,2.582,22.221,0.4671,0.8462,0.8,7.009,lightgbm_global
13109,3,13,1.626,2.059,24.607,0.3898,0.9231,0.8,7.105,lightgbm_global
13109,4,13,2.847,3.379,33.875,0.6825,0.6154,0.8,7.424,lightgbm_global
13109,5,13,2.615,3.367,31.483,0.6269,0.7692,0.8,7.47,lightgbm_global
13109,6,13,1.968,2.476,23.326,0.4719,0.8462,0.8,7.233,lightgbm_global
13109,7,13,1.655,1.984,27.078,0.3967,0.8462,0.8,6.745,lightgbm_global
13109,8,13,2.902,3.395,37.024,0.6957,0.5385,0.8,6.698,lightgbm_global
13110,1,13,12.578,15.733,18.018,1.0246,0.6154,0.8,36.054,lightgbm_global
13110,2,13,12.48,16.293,12.846,1.0166,0.7692,0.8,34.662,lightgbm_global
13110,3,13,12.729,14.37,14.632,1.0369,0.6923,0.8,36.953,lightgbm_global
13110,4,13,16.745,19.898,18.632,1.364,0.7692,0.8,35.075,lightgbm_global
13110,5,13,12.966,14.576,17.548,1.0562,0.4615,0.8,37.131,lightgbm_global
13110,6,13,13.145,16.729,13.761,1.0707,0.7692,0.8,36.452,lightgbm_global
13110,7,13,12.883,16.319,14.339,1.0494,0.6154,0.8,36.308,lightgbm_global
13110,8,13,20.045,23.082,21.957,1.6328,0.6923,0.8,34.761,lightgbm_global
13111,1,13,7.683,9.369,52.107,1.2776,0.5385,0.8,20.876,lightgbm_global
13111,2,13,5.172,6.697,22.49,0.8601,0.7692,0.8,20.179,lightgbm_global
13111,3,13,5.349,5.92,17.926,0.8895,0.9231,0.8,20.254,lightgbm_global
13111,4,13,6.561,7.869,23.07,1.0911,0.6923,0.8,20.133,lightgbm_global
13111,5,13,7.478,9.193,44.554,1.2436,0.5385,0.8,19.314,lightgbm_global
13111,6,13,5.749,7.241,23.202,0.9561,0.7692,0.8,19.492,lightgbm_global
13111,7,13,5.945,7.302,19.079,0.9887,0.9231,0.8,19.357,lightgbm_global
13111,8,13,8.506,9.887,27.051,1.4145,0.6154,0.8,20.151,lightgbm_global
13112,1,13,10.665,12.27,25.026,0.9873,0.7692,0.8,25.758,lightgbm_global
13112,2,13,7.754,9.465,15.411,0.7178,0.8462,0.8,26.146,lightgbm_global
13112,3,13,10.002,12.351,23.486,0.9258,0.6923,0.8,26.575,lightgbm_global
13112,4,13,8.271,11.503,20.042,0.7656,0.6154,0.8,27.201,lightgbm_global
13112,5,13,10.387,12.654,24.821,0.9615,0.6923,0.8,27.857,lightgbm_global
13112,6,13,9.346,10.712,20.078,0.8651,0.7692,0.8,28.04,lightgbm_global
13112,7,13,11.028,12.904,25.435,1.0208,0.6154,0.8,27.093,lightgbm_global
13112,8,13,9.39,13.084,21.813,0.8693,0.6923,0.8,27.447,lightgbm_global
13113,1,13,3.053,3.845,26.689,0.6058,0.7692,0.8,9.529,lightgbm_global
13113,2,13,2.228,2.67,17.801,0.4421,0.9231,0.8,8.991,lightgbm_global
13113,3,13,2.703,3.15,21.208,0.5364,0.9231,0.8,8.801,lightgbm_global
13113,4,13,3.048,4.005,19.698,0.6049,0.8462,0.8,8.292,lightgbm_global
13113,5,13,3.352,4.33,25.378,0.6652,0.8462,0.8,8.287,lightgbm_global
13113,6,13,2.849,3.292,22.045,0.5654,0.6923,0.8,8.577,lightgbm_global
13113,7,13,2.317,2.892,14.826,0.4598,0.9231,0.8,8.641,lightgbm_global
13113,8,13,3.173,4.198,20.547,0.6296,0.6923,0.8,8.586,lightgbm_global
13114,1,13,4.623,5.811,146.494,0.717,0.6154,0.8,10.293,lightgbm_global
13114,2,13,5.167,6.115,185.769,0.8014,0.6154,0.8,10.018,lightgbm_global
13114,3,13,3.502,3.883,64.822,0.5432,0.8462,0.8,9.973,lightgbm_global
13114,4,13,3.555,4.509,74.662,0.5513,0.7692,0.8,9.422,lightgbm_global
13114,5,13,4.469,5.319,125.702,0.6932,0.6154,0.8,9.27,lightgbm_global
13114,6,13,6.08,6.86,222.953,0.943,0.4615,0.8,9.256,lightgbm_global
13114,7,13,3.237,3.576,62.991,0.502,0.7692,0.8,8.43,lightgbm_global
13114,8,13,3.992,4.94,89.273,0.6192,0.6923,0.8,9.549,lightgbm_global
13115,1,13,1.407,1.944,26.372,0.7664,0.8462,0.8,5.835,lightgbm_global
13115,2,13,1.292,1.645,50.811,0.7039,0.8462,0.8,5.316,lightgbm_global
13115,3,13,1.808,2.289,73.52,0.9847,0.6923,0.8,5.006,lightgbm_global
13115,4,13,1.758,1.988,68.419,0.958,0.8462,0.8,5.259,lightgbm_global
13115,5,13,1.523,2.01,29.124,0.8296,0.8462,0.8,5.033,lightgbm_global
13115,6,13,1.166,1.508,50.14,0.6351,0.8462,0.8,5.055,lightgbm_global
13115,7,13,1.94,2.299,75.621,1.057,0.6154,0.8,5.182,lightgbm_global
13115,8,13,1.791,2.042,67.701,0.9757,0.7692,0.8,5.112,lightgbm_global
13116,1,13,4.785,6.346,17.105,0.5355,0.9231,0.8,16.94,lightgbm_global
13116,2,13,7.012,8.055,22.479,0.7848,0.6923,0.8,17.546,lightgbm_global
13116,3,13,5.004,6.169,14.816,0.5601,0.7692,0.8,16.554,lightgbm_global
13116,4,13,4.46,6.151,11.718,0.4992,0.8462,0.8,16.733,lightgbm_global
13116,5,13,4.98,6.762,17.347,0.5574,0.9231,0.8,16.492,lightgbm_global
13116,6,13,6.637,7.342,22.499,0.7429,0.6923,0.8,16.793,lightgbm_global
13116,7,13,4.503,5.771,12.331,0.504,0.7692,0.8,16.725,lightgbm_global
13116,8,13,3.676,5.255,9.804,0.4114,0.9231,0.8,16.751,lightgbm_global
13117,1,13,6.908,9.961,19.116,0.9252,0.7692,0.8,19.784,lightgbm_global
13117,2,13,6.155,9.582,12.912,0.8243,0.7692,0.8,18.626,lightgbm_global
13117,3,13,3.797,4.724,11.055,0.5085,0.8462,0.8,19.175,lightgbm_global
13117,4,13,6.5,7.744,16.738,0.8705,0.6923,0.8,19.387,lightgbm_global
13117,5,13,6.485,8.909,17.559,0.8685,0.7692,0.8,19.443,lightgbm_global
13117,6,13,5.469,9.332,12.034,0.7325,0.8462,0.8,18.98,lightgbm_global
13117,7,13,4.94,6.199,13.852,0.6616,0.7692,0.8,19.746,lightgbm_global
13117,8,13,6.586,7.355,17.043,0.882,0.6923,0.8,19.596,lightgbm_global
13118,1,13,3.353,4.512,59.139,0.684,0.6923,0.8,9.267,lightgbm_global
13118,2,13,3.636,4.176,46.115,0.7418,0.5385,0.8,9.031,lightgbm_global
13118,3,13,3.031,3.542,58.331,0.6184,0.7692,0.8,9.345,lightgbm_global
13118,4,13,2.306,2.828,43.41,0.4706,0.8462,0.8,8.95,lightgbm_global
13118,5,13,3.274,4.299,58.19,0.6679,0.7692,0.8,9.033,lightgbm_global
13118,6,13,5.105,7.539,49.593,1.0416,0.5385,0.8,8.602,lightgbm_global
13118,7,13,2.684,3.049,45.819,0.5477,0.8462,0.8,8.731,lightgbm_global
13118,8,13,2.346,2.726,42.465,0.4787,0.8462,0.8,8.979,lightgbm_global
13119,1,13,14.569,16.906,19.175,0.9582,0.5385,0.8,33.333,lightgbm_global
13119,2,13,10.128,12.575,11.969,0.6662,0.6154,0.8,34.205,lightgbm_global
13119,3,13,10.649,13.58,12.299,0.7004,0.5385,0.8,35.055,lightgbm_global
13119,4,13,13.994,16.048,14.797,0.9204,0.6154,0.8,36.756,lightgbm_global
13119,5,13,15.353,19.068,20.436,1.0098,0.4615,0.8,37.17,lightgbm_global
13119,6,13,14.115,16.795,16.4,0.9284,0.6154,0.8,36.925,lightgbm_global
13119,7,13,16.129,18.29,18.348,1.0609,0.5385,0.8,38.94,lightgbm_global
13119,8,13,13.878,17.047,14.601,0.9128,0.5385,0.8,37.239,lightgbm_global
13120,1,13,6.734,7.931,28.875,0.8565,0.6923,0.8,15.899,lightgbm_global
13120,2,13,6.894,8.611,24.77,0.8769,0.7692,0.8,15.453,lightgbm_global
13120,3,13,6.026,7.346,17.504,0.7665,0.6923,0.8,16.588,lightgbm_global
13120,4,13,4.105,4.949,14.967,0.5222,0.9231,0.8,16.914,lightgbm_global
13120,5,13,5.96,6.865,25.69,0.7581,0.7692,0.8,17.43,lightgbm_global
13120,6,13,6.79,8.777,24.882,0.8636,0.6923,0.8,17.098,lightgbm_global
13120,7,13,5.811,7.367,16.914,0.7392,0.6923,0.8,17.085,lightgbm_global
13120,8,13,4.256,5.257,15.986,0.5414,0.8462,0.8,16.65,lightgbm_global
13121,1,13,7.039,9.652,28.693,0.9083,0.6154,0.8,17.646,lightgbm_global
13121,2,13,6.85,7.91,25.018,0.8839,0.5385,0.8,15.946,lightgbm_global
13121,3,13,4.557,5.313,14.005,0.588,0.7692,0.8,16.655,lightgbm_global
13121,4,13,6.082,7.407,16.941,0.7848,0.6154,0.8,16.516,lightgbm_global
13121,5,13,7.034,9.154,28.321,0.9077,0.6923,0.8,16.29,lightgbm_global
13121,6,13,6.143,7.295,22.312,0.7926,0.6154,0.8,15.991,lightgbm_global
13121,7,13,4.715,5.356,15.06,0.6083,0.7692,0.8,16.007,lightgbm_global
13121,8,13,6.222,7.453,17.945,0.8029,0.5385,0.8,15.905,lightgbm_global
13122,1,13,9.778,12.978,23.331,0.7135,0.6923,0.8,26.255,lightgbm_global
13122,2,13,6.628,7.609,12.77,0.4837,0.9231,0.8,28.327,lightgbm_global
13122,3,13,7.771,9.477,15.672,0.5671,0.8462,0.8,28.893,lightgbm_global
13122,4,13,9.162,11.466,17.248,0.6685,0.7692,0.8,28.371,lightgbm_global
13122,5,13,9.862,12.912,23.241,0.7196,0.7692,0.8,28.74,lightgbm_global
13122,6,13,5.796,6.902,10.495,0.423,0.8462,0.8,26.796,lightgbm_global
13122,7,13,7.161,8.252,13.189,0.5226,0.7692,0.8,27.017,lightgbm_global
13122,8,13,9.666,11.95,17.339,0.7054,0.6923,0.8,25.107,lightgbm_global
13123,1,13,12.69,15.541,29.006,0.898,0.7692,0.8,30.716,lightgbm_global
13123,2,13,8.62,10.615,16.359,0.61,0.8462,0.8,30.785,lightgbm_global
13123,3,13,9.687,11.505,18.656,0.6855,0.6923,0.8,30.4,lightgbm_global
13123,4,13,15.954,29.685,21.119,1.129,0.6923,0.8,29.284,lightgbm_global
13123,5,13,10.445,14.123,25.811,0.7391,0.6923,0.8,27.518,lightgbm_global
13123,6,13,10.58,12.553,19.665,0.7487,0.6154,0.8,27.673,lightgbm_global
13123,7,13,9.424,11.353,17.432,0.6669,0.6923,0.8,26.358,lightgbm_global
13123,8,13,17.003,31.289,22.639,1.2032,0.4615,0.8,26.87,lightgbm_global
13124,1,13,9.531,12.446,22.877,0.7109,0.6923,0.8,24.526,lightgbm_global
13124,2,13,8.818,9.946,17.088,0.6577,0.6154,0.8,23.326,lightgbm_global
13124,3,13,6.127,7.492,11.655,0.4569,0.8462,0.8,24.245,lightgbm_global
13124,4,13,8.78,12.1,15.071,0.6548,0.6923,0.8,23.902,lightgbm_global
13124,5,13,9.06,13.576,22.76,0.6757,0.6923,0.8,23.565,lightgbm_global
13124,6,13,9.283,10.737,17.137,0.6924,0.5385,0.8,23.316,lightgbm_global
13124,7,13,7.759,10.438,13.423,0.5787,0.4615,0.8,22.138,lightgbm_global
13124,8,13,7.508,9.994,14.123,0.56,0.7692,0.8,21.251,lightgbm_global
13125,1,13,12.465,15.247,24.637,1.1225,0.6154,0.8,26.487,lightgbm_global
13125,2,13,8.868,11.159,15.095,0.7985,0.6923,0.8,25.21,lightgbm_global
13125,3,13,7.902,9.529,14.385,0.7116,0.9231,0.8,25.677,lightgbm_global
13125,4,13,8.854,10.749,14.744,0.7973,0.7692,0.8,24.946,lightgbm_global
13125,5,13,12.55,14.434,24.983,1.1301,0.6923,0.8,25.561,lightgbm_global
13125,6,13,10.531,13.626,19.534,0.9483,0.5385,0.8,24.341,lightgbm_global
13125,7,13,8.847,10.548,16.532,0.7967,0.7692,0.8,25.516,lightgbm_global
13125,8,13,8.015,9.648,14.329,0.7217,0.8462,0.8,23.676,lightgbm_global
13126,1,13,2.811,3.947,15.994,0.4619,0.8462,0.8,12.636,lightgbm_global
13126,2,13,5.216,6.267,28.766,0.8572,0.4615,0.8,12.703,lightgbm_global
13126,3,13,2.471,3.315,12.241,0.4061,0.8462,0.8,12.634,lightgbm_global
13126,4,13,4.568,5.23,27.049,0.7506,0.6154,0.8,13.185,lightgbm_global
13126,5,13,4.118,5.362,22.943,0.6767,0.8462,0.8,13.612,lightgbm_global
13126,6,13,5.277,6.025,28.925,0.8671,0.6154,0.8,12.694,lightgbm_global
13126,7,13,3.466,4.287,16.573,0.5696,0.9231,0.8,13.257,lightgbm_global
13126,8,13,5.11,5.834,27.754,0.8396,0.6154,0.8,13.105,lightgbm_global
13127,1,13,61.206,83.315,20.5,0.6847,0.6923,0.8,135.194,lightgbm_global
13127,2,13,43.249,53.144,11.672,0.4838,0.6154,0.8,146.718,lightgbm_global
13127,3,13,48.782,57.439,13.306,0.5457,0.6923,0.8,148.361,lightgbm_global
13127,4,13,39.052,46.437,10.319,0.4368,0.8462,0.8,129.581,lightgbm_global
13127,5,13,62.062,78.47,20.119,0.6942,0.6154,0.8,137.189,lightgbm_global
13127,6,13,45.72,52.95,12.795,0.5114,0.5385,0.8,123.312,lightgbm_global
13127,7,13,45.191,52.396,12.581,0.5055,0.6923,0.8,126.134,lightgbm_global
13127,8,13,38.661,45.653,9.912,0.4325,0.8462,0.8,127.272,lightgbm_global
13128,1,13,8.408,10.58,23.569,0.9308,0.6923,0.8,21.224,lightgbm_global
13128,2,13,9.275,10.843,27.676,1.0268,0.6154,0.8,20.214,lightgbm_global
13128,3,13,5.449,6.576,16.016,0.6032,0.7692,0.8,20.674,lightgbm_global
13128,4,13,3.657,4.822,9.836,0.4049,0.9231,0.8,19.909,lightgbm_global
13128,5,13,7.893,10.599,21.893,0.8738,0.6923,0.8,19.42,lightgbm_global
13128,6,13,9.024,10.685,26.938,0.999,0.5385,0.8,19.037,lightgbm_global
13128,7,13,5.996,7.184,17.891,0.6638,0.8462,0.8,19.149,lightgbm_global
13128,8,13,3.368,4.617,8.583,0.3728,1.0,0.8,19.152,lightgbm_global
13129,1,13,4.615,6.033,30.448,0.8692,0.6923,0.8,11.978,lightgbm_global
13129,2,13,2.788,4.319,17.559,0.5252,0.8462,0.8,11.497,lightgbm_global
13129,3,13,3.513,4.52,32.22,0.6617,0.7692,0.8,12.56,lightgbm_global
13129,4,13,4.29,5.233,30.807,0.8081,0.6923,0.8,11.964,lightgbm_global
13129,5,13,3.589,4.734,27.319,0.6759,0.7692,0.8,11.772,lightgbm_global
13129,6,13,2.717,3.714,16.903,0.5117,0.8462,0.8,11.558,lightgbm_global
13129,7,13,3.666,4.671,32.333,0.6906,0.6154,0.8,11.213,lightgbm_global
13129,8,13,3.919,4.958,28.179,0.7381,0.8462,0.8,10.882,lightgbm_global
13130,1,13,8.867,14.156,16.234,0.4314,0.8462,0.8,27.916,lightgbm_global
13130,2,13,9.244,11.679,15.688,0.4498,0.6923,0.8,25.516,lightgbm_global
13130,3,13,7.425,9.033,9.709,0.3612,0.6923,0.8,26.384,lightgbm_global
13130,4,13,10.383,12.189,14.576,0.5052,0.7692,0.8,27.238,lightgbm_global
13130,5,13,12.149,16.677,21.217,0.5911,0.5385,0.8,26.363,lightgbm_global
13130,6,13,11.386,14.159,19.146,0.554,0.6923,0.8,25.911,lightgbm_global
13130,7,13,8.806,10.01,12.127,0.4284,0.6154,0.8,24.168,lightgbm_global
13130,8,13,9.064,11.601,13.045,0.441,0.6923,0.8,23.691,lightgbm_global
13131,1,13,8.083,11.114,15.863,0.445,0.8462,0.8,28.23,lightgbm_global
13131,2,13,6.491,7.948,11.522,0.3574,0.8462,0.8,26.94,lightgbm_global
13131,3,13,9.464,12.861,13.576,0.521,0.6923,0.8,27.735,lightgbm_global
13131,4,13,10.714,13.364,15.602,0.5898,0.7692,0.8,27.768,lightgbm_global
13131,5,13,8.349,10.839,16.045,0.4597,0.8462,0.8,29.645,lightgbm_global
13131,6,13,6.874,8.254,11.528,0.3784,0.8462,0.8,28.301,lightgbm_global
13131,7,13,8.826,12.346,12.126,0.4859,0.8462,0.8,27.574,lightgbm_global
13131,8,13,12.246,14.666,17.433,0.6742,0.6923,0.8,28.285,lightgbm_global
13201,1,13,11.669,18.165,12.165,0.4375,0.8462,0.8,31.821,lightgbm_global
13201,2,13,10.495,11.517,8.983,0.3935,0.7692,0.8,33.33,lightgbm_global
13201,3,13,8.541,10.693,7.504,0.3202,0.8462,0.8,34.147,lightgbm_global
13201,4,13,10.404,13.24,8.454,0.3901,0.6923,0.8,33.201,lightgbm_global
13201,5,13,13.255,19.699,13.518,0.497,0.6923,0.8,32.876,lightgbm_global
13201,6,13,11.101,12.629,9.46,0.4162,0.7692,0.8,32.768,lightgbm_global
13201,7,13,8.951,10.963,7.7,0.3356,0.7692,0.8,32.471,lightgbm_global
13201,8,13,12.466,15.411,9.809,0.4674,0.6154,0.8,30.825,lightgbm_global
13202,1,13,1.813,2.339,69.281,0.5613,0.8462,0.8,5.999,lightgbm_global
13202,2,13,1.424,1.836,28.572,0.4409,0.8462,0.8,5.645,lightgbm_global
13202,3,13,1.654,1.915,36.338,0.512,0.7692,0.8,5.771,lightgbm_global
13202,4,13,2.582,3.253,56.814,0.7992,0.7692,0.8,5.541,lightgbm_global
13202,5,13,1.911,2.38,68.937,0.5916,0.7692,0.8,5.796,lightgbm_global
13202,6,13,1.253,1.636,28.157,0.3878,0.8462,0.8,5.536,lightgbm_global
13202,7,13,1.805,2.146,35.71,0.5588,0.5385,0.8,5.59,lightgbm_global
13202,8,13,2.716,3.382,65.261,0.8408,0.6923,0.8,5.533,lightgbm_global
13203,1,13,2.497,3.293,39.959,0.6369,0.6154,0.8,7.241,lightgbm_global
13203,2,13,2.77,3.091,54.062,0.7064,0.6923,0.8,7.193,lightgbm_global
13203,3,13,2.688,3.354,26.764,0.6855,0.7692,0.8,7.404,lightgbm_global
13203,4,13,2.079,2.217,25.255,0.5303,0.9231,0.8,7.401,lightgbm_global
13203,5,13,3.339,4.323,45.11,0.8514,0.5385,0.8,7.462,lightgbm_global
13203,6,13,3.042,3.559,104.326,0.7759,0.6154,0.8,7.516,lightgbm_global
13203,7,13,2.395,2.972,23.229,0.6109,0.7692,0.8,7.189,lightgbm_global
13203,8,13,1.909,2.097,22.828,0.487,1.0,0.8,7.157,lightgbm_global
13301,1,13,7.5,10.634,25.549,0.3782,0.6923,0.8,20.274,lightgbm_global
13301,2,13,6.749,8.388,24.266,0.3404,0.6923,0.8,19.194,lightgbm_global
13301,3,13,6.948,8.645,20.763,0.3504,0.7692,0.8,18.815,lightgbm_global
13301,4,13,6.678,8.475,17.694,0.3368,0.6923,0.8,18.412,lightgbm_global
13301,5,13,7.533,10.811,26.993,0.3799,0.7692,0.8,18.785,lightgbm_global
13301,6,13,7.517,9.579,27.634,0.3791,0.7692,0.8,19.073,lightgbm_global
13301,7,13,6.494,9.08,19.974,0.3275,0.7692,0.8,19.256,lightgbm_global
13301,8,13,7.079,8.596,19.322,0.357,0.6923,0.8,19.279,lightgbm_global
13302,1,13,7.269,9.67,21.701,0.5348,0.6923,0.8,22.571,lightgbm_global
13302,2,13,8.499,10.39,21.108,0.6253,0.6154,0.8,23.974,lightgbm_global
13302,3,13,4.626,5.725,13.734,0.3404,1.0,0.8,23.228,lightgbm_global
13302,4,13,5.267,7.685,11.604,0.3875,0.8462,0.8,22.618,lightgbm_global
13302,5,13,6.636,9.005,17.66,0.4883,0.7692,0.8,22.623,lightgbm_global
13302,6,13,8.501,11.137,20.703,0.6254,0.6154,0.8,21.862,lightgbm_global
13302,7,13,4.083,5.696,11.604,0.3004,0.9231,0.8,23.057,lightgbm_global
13302,8,13,6.75,9.274,15.419,0.4966,0.7692,0.8,22.419,lightgbm_global
13303,1,13,1.859,2.431,36.271,0.3703,0.9231,0.8,8.257,lightgbm_global
13303,2,13,3.121,3.681,71.137,0.6217,0.6154,0.8,8.217,lightgbm_global
13303,3,13,2.694,2.952,29.446,0.5367,0.5385,0.8,8.025,lightgbm_global
13303,4,13,1.939,2.485,38.764,0.3862,1.0,0.8,8.028,lightgbm_global
13303,5,13,2.19,2.828,45.761,0.4362,0.8462,0.8,8.319,lightgbm_global
13303,6,13,3.591,4.135,84.619,0.7155,0.6154,0.8,8.117,lightgbm_global
13303,7,13,2.707,2.933,31.163,0.5393,0.6923,0.8,8.081,lightgbm_global
13303,8,13,1.739,2.49,36.032,0.3464,1.0,0.8,8.066,lightgbm_global
13401,1,13,12.608,15.914,15.355,0.7536,0.6923,0.8,31.75,lightgbm_global
13401,2,13,8.182,9.047,9.42,0.489,1.0,0.8,32.606,lightgbm_global
13401,3,13,9.629,11.253,10.384,0.5755,0.9231,0.8,34.213,lightgbm_global
13401,4,13,16.853,26.357,14.754,1.0073,0.7692,0.8,34.218,lightgbm_global
13401,5,13,12.844,14.33,15.494,0.7677,0.6154,0.8,36.379,lightgbm_global
13401,6,13,8.969,10.374,10.491,0.5361,0.9231,0.8,35.353,lightgbm_global
13401,7,13,10.482,12.507,11.116,0.6265,0.8462,0.8,34.777,lightgbm_global
13401,8,13,12.391,17.36,12.293,0.7407,0.6923,0.8,32.24,lightgbm_global
13402,1,13,6.413,7.584,20.17,0.8992,0.6154,0.8,16.766,lightgbm_global
13402,2,13,5.11,5.917,22.552,0.7166,0.6923,0.8,15.942,lightgbm_global
13402,3,13,4.352,5.709,14.792,0.6103,0.8462,0.8,16.771,lightgbm_global
13402,4,13,5.81,6.588,24.188,0.8147,0.7692,0.8,16.156,lightgbm_global
13402,5,13,6.098,7.503,18.832,0.8551,0.6923,0.8,17.158,lightgbm_global
13402,6,13,5.766,6.737,25.792,0.8085,0.5385,0.8,15.926,lightgbm_global
13402,7,13,5.612,6.776,19.032,0.7869,0.7692,0.8,15.657,lightgbm_global
13402,8,13,5.651,6.506,23.172,0.7924,0.6923,0.8,16.731,lightgbm_global
13403,1,13,1.801,2.311,28.522,0.9093,0.8462,0.8,6.738,lightgbm_global
13403,2,13,2.274,2.748,69.654,1.1483,0.8462,0.8,6.631,lightgbm_global
13403,3,13,1.926,2.404,83.462,0.9728,0.6923,0.8,6.685,lightgbm_global
13403,4,13,2.262,2.766,85.016,1.1424,0.6923,0.8,6.917,lightgbm_global
13403,5,13,1.965,2.539,53.131,0.9922,0.8462,0.8,6.986,lightgbm_global
13403,6,13,2.22,2.771,62.803,1.1212,0.8462,0.8,6.851,lightgbm_global
13403,7,13,2.188,3.016,61.679,1.1049,0.7692,0.8,6.701,lightgbm_global
13403,8,13,2.373,2.864,92.901,1.1986,0.6154,0.8,6.867,lightgbm_global
13404,1,13,3.814,4.781,50.712,0.8096,0.6923,0.8,10.138,lightgbm_global
13404,2,13,3.208,3.831,23.616,0.6811,0.9231,0.8,9.128,lightgbm_global
13404,3,13,2.42,3.112,16.846,0.5137,0.8462,0.8,9.536,lightgbm_global
13404,4,13,3.513,4.435,111.091,0.7458,0.6923,0.8,9.606,lightgbm_global
13404,5,13,3.368,4.251,44.57,0.715,0.6923,0.8,10.139,lightgbm_global
13404,6,13,3.881,4.335,28.64,0.8239,0.8462,0.8,9.461,lightgbm_global
13404,7,13,2.035,2.882,14.155,0.432,0.8462,0.8,9.681,lightgbm_global
13404,8,13,3.169,4.205,113.724,0.6727,0.7692,0.8,9.702,lightgbm_global
13501,1,13,4.726,5.883,10.341,0.4689,0.9231,0.8,19.702,lightgbm_global
13501,2,13,9.15,10.958,22.838,0.9078,0.5385,0.8,18.941,lightgbm_global
13501,3,13,5.995,6.927,12.489,0.5948,0.7692,0.8,18.103,lightgbm_global
13501,4,13,6.526,8.714,12.343,0.6475,0.6923,0.8,18.707,lightgbm_global
13501,5,13,6.068,7.013,13.398,0.602,0.6154,0.8,18.395,lightgbm_global
13501,6,13,7.97,10.165,20.653,0.7908,0.7692,0.8,19.179,lightgbm_global
13501,7,13,6.748,7.581,13.856,0.6695,0.8462,0.8,18.806,lightgbm_global
13501,8,13,7.039,9.035,13.502,0.6984,0.6923,0.8,18.402,lightgbm_global
13502,1,13,1.59,1.819,71.925,1.0839,0.6923,0.8,4.389,lightgbm_global
13502,2,13,1.398,1.625,83.821,0.9528,0.8462,0.8,4.268,lightgbm_global
13502,3,13,1.421,1.855,54.257,0.9686,0.6923,0.8,4.545,lightgbm_global
13502,4,13,1.64,2.16,55.519,1.118,0.6923,0.8,4.117,lightgbm_global
13502,5,13,1.41,1.686,54.225,0.9613,0.7692,0.8,3.87,lightgbm_global
13502,6,13,1.421,1.664,79.933,0.9684,0.7692,0.8,4.147,lightgbm_global
13502,7,13,1.256,1.782,52.138,0.856,0.8462,0.8,4.246,lightgbm_global
13502,8,13,1.306,1.605,51.574,0.89,0.7692,0.8,4.106,lightgbm_global
13503,1,13,4.464,4.978,22.802,0.7945,0.6923,0.8,11.053,lightgbm_global
13503,2,13,4.152,6.202,20.289,0.739,0.8462,0.8,11.298,lightgbm_global
13503,3,13,4.289,5.17,21.553,0.7634,0.7692,0.8,11.352,lightgbm_global
13503,4,13,3.868,4.86,18.612,0.6884,0.6923,0.8,11.327,lightgbm_global
13503,5,13,4.206,4.998,21.388,0.7486,0.6154,0.8,11.087,lightgbm_global
13503,6,13,4.605,6.409,23.153,0.8197,0.6923,0.8,11.167,lightgbm_global
13503,7,13,4.044,5.234,19.267,0.7198,0.6154,0.8,11.062,lightgbm_global
13503,8,13,3.98,5.202,18.978,0.7084,0.7692,0.8,11.041,lightgbm_global
13504,1,13,2.816,3.476,101.408,0.9884,0.4615,0.8,5.75,lightgbm_global
13504,2,13,2.43,3.08,50.507,0.853,0.6154,0.8,5.724,lightgbm_global
13504,3,13,1.509,1.797,34.641,0.5298,0.9231,0.8,5.664,lightgbm_global
13504,4,13,0.858,1.157,18.782,0.3013,0.8462,0.8,5.754,lightgbm_global
13504,5,13,2.788,3.23,92.503,0.9788,0.5385,0.8,5.736,lightgbm_global
13504,6,13,2.297,2.998,47.366,0.8063,0.6154,0.8,5.215,lightgbm_global
13504,7,13,1.419,1.687,31.518,0.4983,0.9231,0.8,5.554,lightgbm_global
13504,8,13,0.807,1.203,20.2,0.2834,0.8462,0.8,5.361,lightgbm_global
13505,1,13,1.483,1.802,74.881,0.5622,0.8462,0.8,6.306,lightgbm_global
13505,2,13,2.561,3.581,34.608,0.9709,0.7692,0.8,6.394,lightgbm_global
13505,3,13,1.683,2.183,76.782,0.6381,0.7692,0.8,6.503,lightgbm_global
13505,4,13,1.964,2.162,51.239,0.7446,0.7692,0.8,6.029,lightgbm_global
13505,5,13,1.642,1.977,76.614,0.6222,0.7692,0.8,5.997,lightgbm_global
13505,6,13,2.765,3.712,41.431,1.048,0.8462,0.8,6.128,lightgbm_global
13505,7,13,1.914,2.445,74.642,0.7255,0.6154,0.8,6.199,lightgbm_global
13505,8,13,1.741,2.115,44.001,0.6601,0.6923,0.8,6.158,lightgbm_global
13601,1,13,8.343,10.884,20.261,1.0455,0.4615,0.8,18.808,lightgbm_global
13601,2,13,7.054,8.399,15.774,0.8839,0.7692,0.8,19.612,lightgbm_global
13601,3,13,6.388,7.601,14.852,0.8005,0.7692,0.8,19.442,lightgbm_global
13601,4,13,4.92,5.42,11.501,0.6165,0.8462,0.8,19.128,lightgbm_global
13601,5,13,8.518,10.728,20.874,1.0674,0.6154,0.8,17.816,lightgbm_global
13601,6,13,5.588,6.431,12.66,0.7002,0.8462,0.8,17.104,lightgbm_global
13601,7,13,6.784,8.121,15.319,0.8502,0.7692,0.8,18.105,lightgbm_global
13601,8,13,3.782,4.727,8.718,0.4739,1.0,0.8,18.263,lightgbm_global
13602,1,13,2.432,2.902,41.575,0.5429,0.7692,0.8,7.604,lightgbm_global
13602,2,13,2.737,3.491,32.753,0.6109,0.7692,0.8,7.82,lightgbm_global
13602,3,13,2.728,3.455,48.158,0.609,0.6923,0.8,7.673,lightgbm_global
13602,4,13,3.055,3.484,61.293,0.6818,0.5385,0.8,7.69,lightgbm_global
13602,5,13,2.175,2.713,37.451,0.4855,0.7692,0.8,7.732,lightgbm_global
13602,6,13,2.806,3.65,35.137,0.6264,0.6154,0.8,7.876,lightgbm_global
13602,7,13,3.044,3.559,54.516,0.6794,0.6923,0.8,7.456,lightgbm_global
13602,8,13,2.742,3.346,61.994,0.6121,0.6154,0.8,7.467,lightgbm_global
13603,1,13,4.461,5.964,22.351,0.7831,0.7692,0.8,12.504,lightgbm_global
13603,2,13,5.113,5.961,25.523,0.8974,0.6923,0.8,12.55,lightgbm_global
13603,3,13,4.946,5.477,31.582,0.8681,0.6154,0.8,12.657,lightgbm_global
13603,4,13,4.151,5.647,21.903,0.7286,0.7692,0.8,12.562,lightgbm_global
13603,5,13,4.616,6.606,21.879,0.8103,0.8462,0.8,12.048,lightgbm_global
13603,6,13,5.526,6.461,25.721,0.9699,0.5385,0.8,12.291,lightgbm_global
13603,7,13,5.257,5.61,32.488,0.9227,0.6923,0.8,12.417,lightgbm_global
13603,8,13,4.182,5.738,21.117,0.7341,0.6923,0.8,12.19,lightgbm_global
13604,1,13,4.606,6.314,20.251,0.5651,0.7692,0.8,17.436,lightgbm_global
13604,2,13,6.919,7.697,24.612,0.8489,0.6923,0.8,17.789,lightgbm_global
13604,3,13,7.777,10.005,24.605,0.9541,0.4615,0.8,17.172,lightgbm_global
13604,4,13,4.978,5.536,19.223,0.6107,0.8462,0.8,17.994,lightgbm_global
13604,5,13,4.257,5.549,18.144,0.5223,0.8462,0.8,17.709,lightgbm_global
13604,6,13,6.829,7.851,24.356,0.8378,0.6923,0.8,17.133,lightgbm_global
13604,7,13,8.709,10.633,26.446,1.0684,0.6154,0.8,17.461,lightgbm_global
13604,8,13,4.536,5.063,17.422,0.5564,0.9231,0.8,17.386,lightgbm_global
13605,1,13,7.212,10.767,19.025,0.5993,0.7692,0.8,21.361,lightgbm_global
13605,2,13,6.17,7.521,15.69,0.5127,0.8462,0.8,21.659,lightgbm_global
13605,3,13,6.93,8.591,15.853,0.5759,0.7692,0.8,22.202,lightgbm_global
13605,4,13,6.398,8.068,18.164,0.5317,0.8462,0.8,23.302,lightgbm_global
13605,5,13,7.657,10.666,18.96,0.6364,0.8462,0.8,23.058,lightgbm_global
13605,6,13,6.319,7.716,15.462,0.5252,0.8462,0.8,22.787,lightgbm_global
13605,7,13,7.37,9.07,16.866,0.6125,0.8462,0.8,22.209,lightgbm_global
13605,8,13,6.647,7.92,18.489,0.5524,0.7692,0.8,21.482,lightgbm_global
RM,1,13,185.54,299.27,11.167,0.8347,0.6923,0.8,395.019,lightgbm_global
RM,2,13,128.05,155.099,6.185,0.5761,0.5385,0.8,383.456,lightgbm_global
RM,3,13,154.241,186.31,7.248,0.6939,0.7692,0.8,437.779,lightgbm_global
RM,4,13,120.035,142.764,5.53,0.54,0.7692,0.8,480.575,lightgbm_global
RM,5,13,204.061,309.008,11.967,0.9181,0.5385,0.8,495.06,lightgbm_global
RM,6,13,179.516,213.439,8.689,0.8076,0.4615,0.8,440.802,lightgbm_global
RM,7,13,152.163,192.612,6.965,0.6846,0.7692,0.8,456.782,lightgbm_global
RM,8,13,122.331,142.209,5.65,0.5504,0.8462,0.8,458.528,lightgbm_global
13101,1,13,9.005,12.959,16.732,0.6834,0.6923,0.8,23.375,hibrido_glm_region_lgbm_comuna
13101,2,13,11.175,14.734,22.176,0.8481,0.4615,0.8,23.811,hibrido_glm_region_lgbm_comuna
13101,3,13,6.979,9.263,10.454,0.5296,0.8462,0.8,25.004,hibrido_glm_region_lgbm_comuna
13101,4,13,5.648,6.768,8.678,0.4286,0.9231,0.8,25.425,hibrido_glm_region_lgbm_comuna
13101,5,13,8.789,13.039,16.525,0.667,0.8462,0.8,24.846,hibrido_glm_region_lgbm_comuna
13101,6,13,12.711,15.898,25.334,0.9646,0.6154,0.8,26.498,hibrido_glm_region_lgbm_comuna
13101,7,13,8.531,9.756,12.98,0.6474,0.6923,0.8,26.679,hibrido_glm_region_lgbm_comuna
13101,8,13,7.716,9.11,12.024,0.5855,0.6923,0.8,26.601,hibrido_glm_region_lgbm_comuna
13102,1,13,4.863,6.089,23.807,0.5947,0.7692,0.8,19.91,hibrido_glm_region_lgbm_comuna
13102,2,13,6.814,8.035,32.823,0.8332,0.6923,0.8,23.495,hibrido_glm_region_lgbm_comuna
13102,3,13,4.118,5.307,15.959,0.5035,0.9231,0.8,23.102,hibrido_glm_region_lgbm_comuna
13102,4,13,8.173,10.071,25.915,0.9994,0.6923,0.8,21.749,hibrido_glm_region_lgbm_comuna
13102,5,13,5.459,6.732,23.764,0.6675,0.7692,0.8,21.583,hibrido_glm_region_lgbm_comuna
13102,6,13,7.292,8.322,34.178,0.8917,0.6154,0.8,23.009,hibrido_glm_region_lgbm_comuna
13102,7,13,5.732,7.919,21.064,0.701,0.6923,0.8,23.364,hibrido_glm_region_lgbm_comuna
13102,8,13,9.154,11.164,29.332,1.1194,0.6923,0.8,25.031,hibrido_glm_region_lgbm_comuna
13103,1,13,14.683,21.388,33.891,0.4873,0.6154,0.8,30.244,hibrido_glm_region_lgbm_comuna
13103,2,13,15.064,18.44,24.919,0.4999,0.6154,0.8,31.496,hibrido_glm_region_lgbm_comuna
13103,3,13,9.596,11.39,13.813,0.3185,0.8462,0.8,32.996,hibrido_glm_region_lgbm_comuna
13103,4,13,9.583,11.391,13.23,0.318,0.7692,0.8,33.63,hibrido_glm_region_lgbm_comuna
13103,5,13,15.337,23.336,36.558,0.509,0.6923,0.8,34.763,hibrido_glm_region_lgbm_comuna
13103,6,13,16.715,19.754,27.734,0.5547,0.4615,0.8,35.199,hibrido_glm_region_lgbm_comuna
13103,7,13,11.7,13.616,16.72,0.3883,0.7692,0.8,36.633,hibrido_glm_region_lgbm_comuna
13103,8,13,11.523,13.848,16.948,0.3824,0.7692,0.8,36.514,hibrido_glm_region_lgbm_comuna
13104,1,13,8.803,11.271,27.42,0.7221,0.6923,0.8,21.108,hibrido_glm_region_lgbm_comuna
13104,2,13,6.29,7.656,19.519,0.516,0.6923,0.8,22.063,hibrido_glm_region_lgbm_comuna
13104,3,13,6.238,7.22,19.629,0.5117,0.9231,0.8,20.855,hibrido_glm_region_lgbm_comuna
13104,4,13,6.318,7.805,16.781,0.5183,0.7692,0.8,21.909,hibrido_glm_region_lgbm_comuna
13104,5,13,8.659,11.34,27.11,0.7103,0.8462,0.8,21.824,hibrido_glm_region_lgbm_comuna
13104,6,13,7.718,9.047,24.764,0.6331,0.6923,0.8,21.177,hibrido_glm_region_lgbm_comuna
13104,7,13,7.375,8.615,23.519,0.605,0.6923,0.8,21.073,hibrido_glm_region_lgbm_comuna
13104,8,13,6.103,7.226,16.773,0.5007,0.7692,0.8,21.446,hibrido_glm_region_lgbm_comuna
13105,1,13,8.705,11.142,28.646,1.1213,0.6154,0.8,18.873,hibrido_glm_region_lgbm_comuna
13105,2,13,6.872,8.54,20.134,0.8852,0.6154,0.8,18.857,hibrido_glm_region_lgbm_comuna
13105,3,13,9.594,19.374,19.447,1.2358,0.7692,0.8,19.474,hibrido_glm_region_lgbm_comuna
13105,4,13,4.719,5.62,15.759,0.6079,0.7692,0.8,19.856,hibrido_glm_region_lgbm_comuna
13105,5,13,8.201,10.61,28.004,1.0563,0.6154,0.8,19.386,hibrido_glm_region_lgbm_comuna
13105,6,13,6.89,8.504,19.958,0.8875,0.6154,0.8,18.706,hibrido_glm_region_lgbm_comuna
13105,7,13,9.598,19.114,19.071,1.2363,0.5385,0.8,18.96,hibrido_glm_region_lgbm_comuna
13105,8,13,4.787,5.519,16.502,0.6166,0.6154,0.8,17.953,hibrido_glm_region_lgbm_comuna
13106,1,13,4.568,5.408,23.064,0.6895,0.7692,0.8,12.387,hibrido_glm_region_lgbm_comuna
13106,2,13,3.52,4.34,21.181,0.5314,0.8462,0.8,12.651,hibrido_glm_region_lgbm_comuna
13106,3,13,3.829,4.699,20.903,0.578,0.6154,0.8,12.7,hibrido_glm_region_lgbm_comuna
13106,4,13,4.107,5.027,23.712,0.6199,0.7692,0.8,11.691,hibrido_glm_region_lgbm_comuna
13106,5,13,4.511,5.174,22.765,0.6809,0.6154,0.8,12.801,hibrido_glm_region_lgbm_comuna
13106,6,13,3.649,4.533,22.619,0.5508,0.7692,0.8,12.319,hibrido_glm_region_lgbm_comuna
13106,7,13,4.452,5.408,25.677,0.672,0.6923,0.8,12.912,hibrido_glm_region_lgbm_comuna
13106,8,13,4.237,5.277,27.015,0.6396,0.6923,0.8,12.671,hibrido_glm_region_lgbm_comuna
13107,1,13,5.764,6.993,27.007,0.3692,0.9231,0.8,18.513,hibrido_glm_region_lgbm_comuna
13107,2,13,4.429,5.891,17.065,0.2837,0.8462,0.8,17.138,hibrido_glm_region_lgbm_comuna
13107,3,13,7.211,8.73,32.888,0.4619,0.7692,0.8,17.548,hibrido_glm_region_lgbm_comuna
13107,4,13,6.054,7.269,24.644,0.3878,0.7692,0.8,18.374,hibrido_glm_region_lgbm_comuna
13107,5,13,6.414,8.269,29.557,0.4108,0.7692,0.8,17.699,hibrido_glm_region_lgbm_comuna
13107,6,13,4.105,5.276,16.784,0.263,0.9231,0.8,17.929,hibrido_glm_region_lgbm_comuna
13107,7,13,6.964,8.526,32.053,0.4461,0.6923,0.8,17.674,hibrido_glm_region_lgbm_comuna
13107,8,13,7.316,9.565,27.723,0.4686,0.7692,0.8,18.232,hibrido_glm_region_lgbm_comuna
13108,1,13,9.674,13.117,31.413,0.6036,0.6923,0.8,27.353,hibrido_glm_region_lgbm_comuna
13108,2,13,8.359,10.53,22.41,0.5216,0.7692,0.8,26.842,hibrido_glm_region_lgbm_comuna
13108,3,13,10.089,12.209,21.165,0.6295,0.6154,0.8,26.419,hibrido_glm_region_lgbm_comuna
13108,4,13,8.012,10.257,19.961,0.4999,0.8462,0.8,26.427,hibrido_glm_region_lgbm_comuna
13108,5,13,8.138,12.629,27.17,0.5078,0.7692,0.8,25.863,hibrido_glm_region_lgbm_comuna
13108,6,13,8.104,10.284,22.68,0.5057,0.8462,0.8,27.7,hibrido_glm_region_lgbm_comuna
13108,7,13,8.97,11.121,18.428,0.5597,0.6923,0.8,28.387,hibrido_glm_region_lgbm_comuna
13108,8,13,9.363,11.56,22.886,0.5842,0.7692,0.8,28.626,hibrido_glm_region_lgbm_comuna
13109,1,13,3.076,3.675,37.825,0.7374,0.6923,0.8,7.074,hibrido_glm_region_lgbm_comuna
13109,2,13,1.759,2.25,20.564,0.4217,0.9231,0.8,7.241,hibrido_glm_region_lgbm_comuna
13109,3,13,1.879,2.298,28.697,0.4506,0.9231,0.8,7.361,hibrido_glm_region_lgbm_comuna
13109,4,13,2.816,3.225,35.362,0.6751,0.6923,0.8,7.776,hibrido_glm_region_lgbm_comuna
13109,5,13,2.646,3.324,32.866,0.6344,0.7692,0.8,7.754,hibrido_glm_region_lgbm_comuna
13109,6,13,1.958,2.387,24.15,0.4694,0.8462,0.8,7.554,hibrido_glm_region_lgbm_comuna
13109,7,13,1.998,2.263,33.159,0.4789,0.7692,0.8,7.176,hibrido_glm_region_lgbm_comuna
13109,8,13,2.632,3.121,36.304,0.631,0.6923,0.8,7.236,hibrido_glm_region_lgbm_comuna
13110,1,13,12.661,15.675,18.16,1.0314,0.5385,0.8,36.529,hibrido_glm_region_lgbm_comuna
13110,2,13,11.897,14.729,12.372,0.9691,0.8462,0.8,35.724,hibrido_glm_region_lgbm_comuna
13110,3,13,13.477,14.469,15.985,1.0978,0.6154,0.8,38.188,hibrido_glm_region_lgbm_comuna
13110,4,13,13.799,16.887,15.73,1.1241,0.8462,0.8,36.603,hibrido_glm_region_lgbm_comuna
13110,5,13,11.161,13.136,15.726,0.9091,0.6154,0.8,38.461,hibrido_glm_region_lgbm_comuna
13110,6,13,9.999,14.147,10.246,0.8145,0.7692,0.8,37.98,hibrido_glm_region_lgbm_comuna
13110,7,13,12.901,16.276,15.035,1.0509,0.5385,0.8,38.562,hibrido_glm_region_lgbm_comuna
13110,8,13,16.064,19.544,17.985,1.3085,0.6923,0.8,37.535,hibrido_glm_region_lgbm_comuna
13111,1,13,7.777,9.674,53.645,1.2933,0.6154,0.8,21.216,hibrido_glm_region_lgbm_comuna
13111,2,13,5.655,6.981,25.389,0.9404,0.6154,0.8,20.842,hibrido_glm_region_lgbm_comuna
13111,3,13,4.66,5.342,15.87,0.775,0.9231,0.8,20.962,hibrido_glm_region_lgbm_comuna
13111,4,13,5.767,7.093,20.862,0.959,0.6923,0.8,21.024,hibrido_glm_region_lgbm_comuna
13111,5,13,7.39,9.103,45.77,1.229,0.4615,0.8,20.003,hibrido_glm_region_lgbm_comuna
13111,6,13,5.814,7.322,25.101,0.9668,0.6154,0.8,20.289,hibrido_glm_region_lgbm_comuna
13111,7,13,5.266,6.395,17.112,0.8757,0.9231,0.8,20.636,hibrido_glm_region_lgbm_comuna
13111,8,13,7.533,8.793,25.232,1.2528,0.6923,0.8,21.81,hibrido_glm_region_lgbm_comuna
13112,1,13,10.295,11.816,25.042,0.953,0.6923,0.8,26.072,hibrido_glm_region_lgbm_comuna
13112,2,13,7.205,7.892,15.148,0.667,0.8462,0.8,26.98,hibrido_glm_region_lgbm_comuna
13112,3,13,9.3,11.459,22.812,0.8609,0.6923,0.8,27.486,hibrido_glm_region_lgbm_comuna
13112,4,13,8.082,11.29,20.823,0.7481,0.6923,0.8,28.414,hibrido_glm_region_lgbm_comuna
13112,5,13,10.459,12.529,26.061,0.9681,0.6923,0.8,28.91,hibrido_glm_region_lgbm_comuna
13112,6,13,10.194,11.222,22.797,0.9436,0.7692,0.8,29.326,hibrido_glm_region_lgbm_comuna
13112,7,13,11.728,13.154,28.354,1.0857,0.5385,0.8,28.877,hibrido_glm_region_lgbm_comuna
13112,8,13,10.529,13.782,25.88,0.9747,0.6923,0.8,29.773,hibrido_glm_region_lgbm_comuna
13113,1,13,3.357,3.926,29.216,0.6661,0.7692,0.8,9.655,hibrido_glm_region_lgbm_comuna
13113,2,13,2.308,2.593,18.839,0.4579,0.9231,0.8,9.264,hibrido_glm_region_lgbm_comuna
13113,3,13,2.74,3.081,22.31,0.5437,1.0,0.8,9.112,hibrido_glm_region_lgbm_comuna
13113,4,13,3.157,3.898,21.267,0.6265,0.8462,0.8,8.675,hibrido_glm_region_lgbm_comuna
13113,5,13,3.596,4.333,28.107,0.7136,0.7692,0.8,8.59,hibrido_glm_region_lgbm_comuna
13113,6,13,2.501,3.028,19.986,0.4962,0.7692,0.8,8.958,hibrido_glm_region_lgbm_comuna
13113,7,13,2.137,2.601,14.791,0.4241,1.0,0.8,9.204,hibrido_glm_region_lgbm_comuna
13113,8,13,3.134,4.047,21.415,0.6219,0.7692,0.8,9.29,hibrido_glm_region_lgbm_comuna
13114,1,13,4.531,5.815,147.046,0.7028,0.6154,0.8,10.464,hibrido_glm_region_lgbm_comuna
13114,2,13,5.393,6.435,195.387,0.8365,0.6154,0.8,10.407,hibrido_glm_region_lgbm_comuna
13114,3,13,3.81,4.129,68.999,0.5909,0.8462,0.8,10.37,hibrido_glm_region_lgbm_comuna
13114,4,13,3.853,5.038,82.26,0.5977,0.6923,0.8,9.898,hibrido_glm_region_lgbm_comuna
13114,5,13,4.497,5.245,128.5,0.6975,0.6154,0.8,9.648,hibrido_glm_region_lgbm_comuna
13114,6,13,6.476,7.22,240.011,1.0044,0.4615,0.8,9.661,hibrido_glm_region_lgbm_comuna
13114,7,13,3.444,3.796,68.24,0.5342,0.7692,0.8,8.973,hibrido_glm_region_lgbm_comuna
13114,8,13,4.461,5.461,101.131,0.692,0.6923,0.8,10.321,hibrido_glm_region_lgbm_comuna
13115,1,13,1.398,1.928,26.089,0.7619,0.8462,0.8,5.885,hibrido_glm_region_lgbm_comuna
13115,2,13,1.25,1.607,52.303,0.6809,0.8462,0.8,5.431,hibrido_glm_region_lgbm_comuna
13115,3,13,1.851,2.303,75.502,1.0082,0.6923,0.8,5.151,hibrido_glm_region_lgbm_comuna
13115,4,13,1.741,1.975,70.721,0.9484,0.8462,0.8,5.471,hibrido_glm_region_lgbm_comuna
13115,5,13,1.489,1.992,27.412,0.8114,0.8462,0.8,5.206,hibrido_glm_region_lgbm_comuna
13115,6,13,1.164,1.528,52.801,0.6339,0.9231,0.8,5.284,hibrido_glm_region_lgbm_comuna
13115,7,13,2.034,2.327,83.357,1.108,0.6923,0.8,5.523,hibrido_glm_region_lgbm_comuna
13115,8,13,1.721,1.983,69.336,0.9378,0.7692,0.8,5.549,hibrido_glm_region_lgbm_comuna
13116,1,13,4.519,6.176,16.698,0.5058,0.9231,0.8,17.171,hibrido_glm_region_lgbm_comuna
13116,2,13,7.428,8.463,24.263,0.8314,0.6154,0.8,18.166,hibrido_glm_region_lgbm_comuna
13116,3,13,5.0,6.444,15.322,0.5597,0.6154,0.8,17.163,hibrido_glm_region_lgbm_comuna
13116,4,13,4.41,5.893,11.903,0.4937,0.7692,0.8,17.526,hibrido_glm_region_lgbm_comuna
13116,5,13,5.348,6.969,19.177,0.5986,0.8462,0.8,17.13,hibrido_glm_region_lgbm_comuna
13116,6,13,7.368,8.18,25.595,0.8247,0.5385,0.8,17.504,hibrido_glm_region_lgbm_comuna
13116,7,13,4.272,5.537,12.471,0.4781,0.8462,0.8,17.809,hibrido_glm_region_lgbm_comuna
13116,8,13,4.153,5.325,11.931,0.4648,0.8462,0.8,18.129,hibrido_glm_region_lgbm_comuna
13117,1,13,6.668,9.069,18.938,0.893,0.8462,0.8,20.068,hibrido_glm_region_lgbm_comuna
13117,2,13,6.859,9.612,15.082,0.9185,0.6154,0.8,19.296,hibrido_glm_region_lgbm_comuna
13117,3,13,4.451,5.07,13.092,0.5961,0.8462,0.8,19.933,hibrido_glm_region_lgbm_comuna
13117,4,13,5.673,7.453,15.154,0.7597,0.6923,0.8,20.454,hibrido_glm_region_lgbm_comuna
13117,5,13,6.286,8.082,17.855,0.8419,0.7692,0.8,20.274,hibrido_glm_region_lgbm_comuna
13117,6,13,5.933,9.829,13.521,0.7945,0.8462,0.8,19.826,hibrido_glm_region_lgbm_comuna
13117,7,13,5.812,6.808,17.096,0.7783,0.6923,0.8,21.063,hibrido_glm_region_lgbm_comuna
13117,8,13,6.22,7.08,17.46,0.833,0.6923,0.8,21.2,hibrido_glm_region_lgbm_comuna
13118,1,13,3.329,4.497,58.319,0.6793,0.6923,0.8,9.379,hibrido_glm_region_lgbm_comuna
13118,2,13,3.739,4.247,47.85,0.7629,0.6154,0.8,9.323,hibrido_glm_region_lgbm_comuna
13118,3,13,3.328,3.836,64.338,0.679,0.7692,0.8,9.673,hibrido_glm_region_lgbm_comuna
13118,4,13,2.328,2.961,45.117,0.4749,0.8462,0.8,9.348,hibrido_glm_region_lgbm_comuna
13118,5,13,3.316,4.257,60.514,0.6766,0.6154,0.8,9.382,hibrido_glm_region_lgbm_comuna
13118,6,13,5.037,7.438,50.153,1.0277,0.6923,0.8,8.971,hibrido_glm_region_lgbm_comuna
13118,7,13,2.802,3.198,49.98,0.5716,0.8462,0.8,9.296,hibrido_glm_region_lgbm_comuna
13118,8,13,2.628,3.057,48.88,0.5361,0.8462,0.8,9.714,hibrido_glm_region_lgbm_comuna
13119,1,13,11.867,14.65,16.455,0.7805,0.6154,0.8,33.718,hibrido_glm_region_lgbm_comuna
13119,2,13,10.536,13.046,12.641,0.693,0.6923,0.8,35.223,hibrido_glm_region_lgbm_comuna
13119,3,13,9.599,11.916,11.711,0.6313,0.6154,0.8,36.204,hibrido_glm_region_lgbm_comuna
13119,4,13,11.992,13.091,13.108,0.7888,0.6923,0.8,38.402,hibrido_glm_region_lgbm_comuna
13119,5,13,14.878,18.347,20.525,0.9786,0.5385,0.8,38.551,hibrido_glm_region_lgbm_comuna
13119,6,13,14.516,17.314,17.323,0.9547,0.5385,0.8,38.595,hibrido_glm_region_lgbm_comuna
13119,7,13,16.81,19.31,20.198,1.1056,0.5385,0.8,41.416,hibrido_glm_region_lgbm_comuna
13119,8,13,13.922,16.425,15.468,0.9157,0.6923,0.8,40.352,hibrido_glm_region_lgbm_comuna
13120,1,13,6.685,8.036,29.024,0.8503,0.6923,0.8,16.096,hibrido_glm_region_lgbm_comuna
13120,2,13,6.525,8.138,23.915,0.8299,0.7692,0.8,15.954,hibrido_glm_region_lgbm_comuna
13120,3,13,5.668,6.522,16.863,0.721,0.7692,0.8,17.18,hibrido_glm_region_lgbm_comuna
13120,4,13,4.306,5.065,16.066,0.5477,0.8462,0.8,17.693,hibrido_glm_region_lgbm_comuna
13120,5,13,6.585,7.536,28.636,0.8376,0.6923,0.8,18.127,hibrido_glm_region_lgbm_comuna
13120,6,13,6.683,8.959,25.755,0.85,0.7692,0.8,17.854,hibrido_glm_region_lgbm_comuna
13120,7,13,5.704,7.032,17.721,0.7256,0.7692,0.8,18.218,hibrido_glm_region_lgbm_comuna
13120,8,13,5.105,6.078,19.737,0.6493,0.9231,0.8,18.014,hibrido_glm_region_lgbm_comuna
13121,1,13,7.005,9.551,28.743,0.9039,0.6154,0.8,17.861,hibrido_glm_region_lgbm_comuna
13121,2,13,7.356,8.314,27.507,0.9492,0.5385,0.8,16.383,hibrido_glm_region_lgbm_comuna
13121,3,13,4.402,5.115,14.062,0.568,0.8462,0.8,17.18,hibrido_glm_region_lgbm_comuna
13121,4,13,5.688,6.816,16.515,0.734,0.7692,0.8,17.199,hibrido_glm_region_lgbm_comuna
13121,5,13,7.183,9.349,29.492,0.9269,0.6154,0.8,16.843,hibrido_glm_region_lgbm_comuna
13121,6,13,6.697,7.845,24.961,0.8642,0.6923,0.8,16.676,hibrido_glm_region_lgbm_comuna
13121,7,13,4.608,5.568,15.711,0.5946,0.7692,0.8,17.013,hibrido_glm_region_lgbm_comuna
13121,8,13,6.416,7.061,19.952,0.8279,0.6154,0.8,17.197,hibrido_glm_region_lgbm_comuna
13122,1,13,11.169,14.89,26.477,0.815,0.7692,0.8,26.679,hibrido_glm_region_lgbm_comuna
13122,2,13,6.594,7.441,12.648,0.4812,0.8462,0.8,29.291,hibrido_glm_region_lgbm_comuna
13122,3,13,8.502,9.766,17.404,0.6204,0.9231,0.8,29.97,hibrido_glm_region_lgbm_comuna
13122,4,13,7.583,10.65,15.041,0.5534,0.8462,0.8,29.761,hibrido_glm_region_lgbm_comuna
13122,5,13,9.377,13.681,23.174,0.6843,0.7692,0.8,29.865,hibrido_glm_region_lgbm_comuna
13122,6,13,5.224,6.702,9.894,0.3812,0.8462,0.8,27.968,hibrido_glm_region_lgbm_comuna
13122,7,13,7.25,8.581,14.06,0.529,0.8462,0.8,28.803,hibrido_glm_region_lgbm_comuna
13122,8,13,8.713,10.348,16.951,0.6358,0.8462,0.8,27.203,hibrido_glm_region_lgbm_comuna
13123,1,13,11.489,14.787,27.301,0.813,0.6923,0.8,30.956,hibrido_glm_region_lgbm_comuna
13123,2,13,9.17,10.859,17.873,0.6489,0.8462,0.8,31.376,hibrido_glm_region_lgbm_comuna
13123,3,13,8.513,10.947,16.854,0.6024,0.7692,0.8,31.162,hibrido_glm_region_lgbm_comuna
13123,4,13,16.1,29.495,22.005,1.1393,0.5385,0.8,30.427,hibrido_glm_region_lgbm_comuna
13123,5,13,9.815,13.759,25.44,0.6945,0.7692,0.8,28.383,hibrido_glm_region_lgbm_comuna
13123,6,13,11.455,12.782,22.18,0.8106,0.6154,0.8,28.801,hibrido_glm_region_lgbm_comuna
13123,7,13,8.562,10.309,16.561,0.6059,0.6923,0.8,27.934,hibrido_glm_region_lgbm_comuna
13123,8,13,18.102,29.984,26.312,1.2809,0.4615,0.8,29.016,hibrido_glm_region_lgbm_comuna
13124,1,13,9.834,12.052,23.467,0.7334,0.8462,0.8,24.925,hibrido_glm_region_lgbm_comuna
13124,2,13,8.856,10.037,17.66,0.6605,0.6154,0.8,24.139,hibrido_glm_region_lgbm_comuna
13124,3,13,7.503,8.659,14.344,0.5596,0.7692,0.8,25.18,hibrido_glm_region_lgbm_comuna
13124,4,13,8.191,10.879,14.303,0.6109,0.7692,0.8,25.029,hibrido_glm_region_lgbm_comuna
13124,5,13,8.141,13.11,21.449,0.6072,0.7692,0.8,24.452,hibrido_glm_region_lgbm_comuna
13124,6,13,9.675,11.281,18.954,0.7216,0.6154,0.8,24.354,hibrido_glm_region_lgbm_comuna
13124,7,13,8.751,10.765,16.133,0.6527,0.4615,0.8,23.598,hibrido_glm_region_lgbm_comuna
13124,8,13,6.682,9.789,13.687,0.4983,0.7692,0.8,23.007,hibrido_glm_region_lgbm_comuna
13125,1,13,11.819,14.773,23.842,1.0643,0.7692,0.8,26.869,hibrido_glm_region_lgbm_comuna
13125,2,13,7.286,9.623,13.027,0.6561,0.6923,0.8,25.967,hibrido_glm_region_lgbm_comuna
13125,3,13,8.928,10.537,16.477,0.8039,0.8462,0.8,26.566,hibrido_glm_region_lgbm_comuna
13125,4,13,9.003,11.256,15.359,0.8107,0.7692,0.8,26.084,hibrido_glm_region_lgbm_comuna
13125,5,13,12.856,14.84,26.127,1.1576,0.6154,0.8,26.491,hibrido_glm_region_lgbm_comuna
13125,6,13,11.334,14.569,21.728,1.0206,0.6923,0.8,25.373,hibrido_glm_region_lgbm_comuna
13125,7,13,11.665,13.441,22.262,1.0504,0.6923,0.8,27.128,hibrido_glm_region_lgbm_comuna
13125,8,13,8.884,11.148,16.804,0.8,0.6923,0.8,25.603,hibrido_glm_region_lgbm_comuna
13126,1,13,2.69,3.424,15.695,0.4421,0.9231,0.8,12.855,hibrido_glm_region_lgbm_comuna
13126,2,13,5.399,6.164,29.739,0.8872,0.6154,0.8,13.19,hibrido_glm_region_lgbm_comuna
13126,3,13,2.027,2.713,10.053,0.3331,0.9231,0.8,13.141,hibrido_glm_region_lgbm_comuna
13126,4,13,4.25,5.085,26.435,0.6984,0.6154,0.8,13.848,hibrido_glm_region_lgbm_comuna
13126,5,13,3.802,4.983,22.036,0.6247,0.7692,0.8,14.167,hibrido_glm_region_lgbm_comuna
13126,6,13,5.14,5.956,29.429,0.8446,0.6154,0.8,13.269,hibrido_glm_region_lgbm_comuna
13126,7,13,2.859,3.759,13.876,0.4697,0.9231,0.8,14.146,hibrido_glm_region_lgbm_comuna
13126,8,13,4.896,5.56,28.559,0.8045,0.7692,0.8,14.187,hibrido_glm_region_lgbm_comuna
13127,1,13,59.406,89.41,20.761,0.6645,0.6923,0.8,136.604,hibrido_glm_region_lgbm_comuna
13127,2,13,45.122,58.637,12.566,0.5048,0.6923,0.8,150.886,hibrido_glm_region_lgbm_comuna
13127,3,13,46.109,63.352,13.099,0.5158,0.6923,0.8,153.937,hibrido_glm_region_lgbm_comuna
13127,4,13,33.425,40.585,8.98,0.3739,0.8462,0.8,135.582,hibrido_glm_region_lgbm_comuna
13127,5,13,62.541,81.936,21.083,0.6996,0.7692,0.8,142.129,hibrido_glm_region_lgbm_comuna
13127,6,13,50.886,57.173,14.593,0.5692,0.6923,0.8,128.364,hibrido_glm_region_lgbm_comuna
13127,7,13,44.263,58.217,13.028,0.4951,0.6923,0.8,134.067,hibrido_glm_region_lgbm_comuna
13127,8,13,31.707,38.924,8.499,0.3547,0.7692,0.8,137.504,hibrido_glm_region_lgbm_comuna
13128,1,13,7.662,9.702,21.89,0.8483,0.6923,0.8,21.493,hibrido_glm_region_lgbm_comuna
13128,2,13,8.101,9.834,24.981,0.8969,0.6154,0.8,20.8,hibrido_glm_region_lgbm_comuna
13128,3,13,4.903,6.117,15.32,0.5428,0.9231,0.8,21.322,hibrido_glm_region_lgbm_comuna
13128,4,13,4.143,4.843,11.433,0.4586,0.9231,0.8,20.739,hibrido_glm_region_lgbm_comuna
13128,5,13,7.165,9.73,20.657,0.7932,0.7692,0.8,20.118,hibrido_glm_region_lgbm_comuna
13128,6,13,9.05,10.565,28.106,1.0019,0.5385,0.8,19.845,hibrido_glm_region_lgbm_comuna
13128,7,13,6.088,7.737,19.683,0.674,0.7692,0.8,20.374,hibrido_glm_region_lgbm_comuna
13128,8,13,3.918,4.659,10.569,0.4337,0.9231,0.8,20.703,hibrido_glm_region_lgbm_comuna
13129,1,13,4.714,6.014,30.84,0.8879,0.6923,0.8,12.129,hibrido_glm_region_lgbm_comuna
13129,2,13,2.811,4.053,18.709,0.5294,0.8462,0.8,11.88,hibrido_glm_region_lgbm_comuna
13129,3,13,4.02,4.813,35.67,0.7572,0.7692,0.8,13.036,hibrido_glm_region_lgbm_comuna
13129,4,13,4.11,5.275,31.324,0.7741,0.7692,0.8,12.561,hibrido_glm_region_lgbm_comuna
13129,5,13,3.579,4.892,28.05,0.674,0.6923,0.8,12.247,hibrido_glm_region_lgbm_comuna
13129,6,13,2.934,3.686,18.974,0.5527,0.8462,0.8,12.079,hibrido_glm_region_lgbm_comuna
13129,7,13,4.438,5.435,39.147,0.8359,0.6154,0.8,11.966,hibrido_glm_region_lgbm_comuna
13129,8,13,4.247,5.52,32.197,0.7999,0.7692,0.8,11.786,hibrido_glm_region_lgbm_comuna
13130,1,13,10.403,15.136,18.231,0.5062,0.8462,0.8,28.306,hibrido_glm_region_lgbm_comuna
13130,2,13,12.172,16.256,20.706,0.5922,0.6154,0.8,26.386,hibrido_glm_region_lgbm_comuna
13130,3,13,8.259,9.134,11.066,0.4018,0.7692,0.8,27.346,hibrido_glm_region_lgbm_comuna
13130,4,13,13.117,15.879,19.072,0.6382,0.6923,0.8,28.461,hibrido_glm_region_lgbm_comuna
13130,5,13,13.726,18.62,23.83,0.6678,0.5385,0.8,27.379,hibrido_glm_region_lgbm_comuna
13130,6,13,13.611,17.371,23.251,0.6622,0.7692,0.8,26.933,hibrido_glm_region_lgbm_comuna
13130,7,13,11.007,13.05,15.655,0.5356,0.6154,0.8,25.655,hibrido_glm_region_lgbm_comuna
13130,8,13,11.352,14.688,17.027,0.5523,0.6923,0.8,25.531,hibrido_glm_region_lgbm_comuna
13131,1,13,8.657,11.308,16.742,0.4766,0.8462,0.8,28.604,hibrido_glm_region_lgbm_comuna
13131,2,13,5.679,8.436,10.828,0.3126,0.8462,0.8,27.815,hibrido_glm_region_lgbm_comuna
13131,3,13,10.691,12.925,16.018,0.5885,0.6154,0.8,28.698,hibrido_glm_region_lgbm_comuna
13131,4,13,9.246,12.335,13.608,0.509,0.8462,0.8,29.043,hibrido_glm_region_lgbm_comuna
13131,5,13,8.189,10.659,16.16,0.4508,0.8462,0.8,30.726,hibrido_glm_region_lgbm_comuna
13131,6,13,7.109,8.813,12.554,0.3914,0.8462,0.8,29.508,hibrido_glm_region_lgbm_comuna
13131,7,13,9.534,11.856,14.03,0.5249,0.6923,0.8,29.291,hibrido_glm_region_lgbm_comuna
13131,8,13,9.852,11.774,14.853,0.5424,0.7692,0.8,30.529,hibrido_glm_region_lgbm_comuna
13201,1,13,13.227,18.854,13.639,0.4959,0.7692,0.8,32.367,hibrido_glm_region_lgbm_comuna
13201,2,13,9.904,11.539,8.473,0.3713,0.7692,0.8,34.619,hibrido_glm_region_lgbm_comuna
13201,3,13,12.523,14.984,11.132,0.4695,0.6154,0.8,35.499,hibrido_glm_region_lgbm_comuna
13201,4,13,10.471,12.657,8.774,0.3926,0.8462,0.8,34.862,hibrido_glm_region_lgbm_comuna
13201,5,13,13.762,20.253,14.245,0.516,0.7692,0.8,34.121,hibrido_glm_region_lgbm_comuna
13201,6,13,12.026,14.723,10.462,0.4509,0.6923,0.8,34.087,hibrido_glm_region_lgbm_comuna
13201,7,13,13.308,15.506,11.872,0.499,0.5385,0.8,34.501,hibrido_glm_region_lgbm_comuna
13201,8,13,13.417,15.271,11.256,0.5031,0.6154,0.8,33.28,hibrido_glm_region_lgbm_comuna
13202,1,13,1.663,2.232,66.809,0.5147,0.8462,0.8,6.101,hibrido_glm_region_lgbm_comuna
13202,2,13,1.403,1.867,29.467,0.4344,0.8462,0.8,5.841,hibrido_glm_region_lgbm_comuna
13202,3,13,1.642,1.961,37.429,0.5083,0.7692,0.8,5.997,hibrido_glm_region_lgbm_comuna
13202,4,13,2.666,3.362,60.904,0.8254,0.6923,0.8,5.811,hibrido_glm_region_lgbm_comuna
13202,5,13,1.884,2.344,69.53,0.5834,0.7692,0.8,6.03,hibrido_glm_region_lgbm_comuna
13202,6,13,1.373,1.765,32.425,0.4249,0.8462,0.8,5.772,hibrido_glm_region_lgbm_comuna
13202,7,13,1.762,2.068,36.621,0.5456,0.6923,0.8,5.949,hibrido_glm_region_lgbm_comuna
13202,8,13,3.018,3.587,75.92,0.9342,0.6154,0.8,5.976,hibrido_glm_region_lgbm_comuna
13203,1,13,2.519,3.323,40.669,0.6424,0.6154,0.8,7.321,hibrido_glm_region_lgbm_comuna
13203,2,13,2.715,3.153,55.159,0.6924,0.6923,0.8,7.39,hibrido_glm_region_lgbm_comuna
13203,3,13,2.664,3.294,27.233,0.6794,0.7692,0.8,7.649,hibrido_glm_region_lgbm_comuna
13203,4,13,1.973,2.096,24.993,0.5031,1.0,0.8,7.728,hibrido_glm_region_lgbm_comuna
13203,5,13,3.35,4.332,46.331,0.8545,0.6154,0.8,7.743,hibrido_glm_region_lgbm_comuna
13203,6,13,3.385,3.814,111.524,0.8632,0.6154,0.8,7.846,hibrido_glm_region_lgbm_comuna
13203,7,13,2.058,2.695,20.527,0.5249,0.9231,0.8,7.656,hibrido_glm_region_lgbm_comuna
13203,8,13,1.604,1.928,20.978,0.4092,1.0,0.8,7.74,hibrido_glm_region_lgbm_comuna
13301,1,13,7.481,10.75,25.604,0.3773,0.7692,0.8,20.538,hibrido_glm_region_lgbm_comuna
13301,2,13,7.671,9.659,27.427,0.3868,0.7692,0.8,19.804,hibrido_glm_region_lgbm_comuna
13301,3,13,7.097,9.621,21.72,0.3579,0.7692,0.8,19.485,hibrido_glm_region_lgbm_comuna
13301,4,13,7.697,8.636,20.678,0.3882,0.6923,0.8,19.259,hibrido_glm_region_lgbm_comuna
13301,5,13,7.969,11.311,28.572,0.4019,0.7692,0.8,19.508,hibrido_glm_region_lgbm_comuna
13301,6,13,9.251,11.547,33.68,0.4666,0.6923,0.8,19.915,hibrido_glm_region_lgbm_comuna
13301,7,13,8.48,10.985,25.836,0.4277,0.7692,0.8,20.513,hibrido_glm_region_lgbm_comuna
13301,8,13,8.829,10.066,25.144,0.4453,0.6923,0.8,20.859,hibrido_glm_region_lgbm_comuna
13302,1,13,7.49,9.544,22.404,0.551,0.6154,0.8,22.905,hibrido_glm_region_lgbm_comuna
13302,2,13,8.205,10.185,21.002,0.6036,0.6154,0.8,24.856,hibrido_glm_region_lgbm_comuna
13302,3,13,5.033,6.932,15.537,0.3703,0.9231,0.8,24.128,hibrido_glm_region_lgbm_comuna
13302,4,13,5.422,7.46,12.167,0.3989,0.8462,0.8,23.679,hibrido_glm_region_lgbm_comuna
13302,5,13,6.225,8.46,16.876,0.458,0.7692,0.8,23.495,hibrido_glm_region_lgbm_comuna
13302,6,13,8.787,10.819,22.424,0.6465,0.5385,0.8,22.799,hibrido_glm_region_lgbm_comuna
13302,7,13,4.386,6.612,13.077,0.3227,0.9231,0.8,24.513,hibrido_glm_region_lgbm_comuna
13302,8,13,5.63,7.798,13.182,0.4142,0.6923,0.8,24.162,hibrido_glm_region_lgbm_comuna
13303,1,13,1.952,2.501,37.425,0.389,0.9231,0.8,8.379,hibrido_glm_region_lgbm_comuna
13303,2,13,3.282,3.8,74.645,0.6538,0.6923,0.8,8.505,hibrido_glm_region_lgbm_comuna
13303,3,13,2.826,3.002,31.86,0.563,0.6154,0.8,8.322,hibrido_glm_region_lgbm_comuna
13303,4,13,2.242,2.872,45.553,0.4466,1.0,0.8,8.408,hibrido_glm_region_lgbm_comuna
13303,5,13,2.414,3.034,49.203,0.4809,0.8462,0.8,8.64,hibrido_glm_region_lgbm_comuna
13303,6,13,3.713,4.343,89.275,0.7396,0.6154,0.8,8.472,hibrido_glm_region_lgbm_comuna
13303,7,13,2.791,3.012,34.025,0.5561,0.6923,0.8,8.589,hibrido_glm_region_lgbm_comuna
13303,8,13,2.265,2.97,45.35,0.4512,1.0,0.8,8.717,hibrido_glm_region_lgbm_comuna
13401,1,13,13.035,16.146,15.98,0.7791,0.6923,0.8,32.131,hibrido_glm_region_lgbm_comuna
13401,2,13,9.073,11.492,10.781,0.5423,0.9231,0.8,33.618,hibrido_glm_region_lgbm_comuna
13401,3,13,10.641,11.819,11.844,0.636,0.7692,0.8,35.465,hibrido_glm_region_lgbm_comuna
13401,4,13,18.447,27.567,16.872,1.1026,0.6923,0.8,35.858,hibrido_glm_region_lgbm_comuna
13401,5,13,13.55,15.643,16.948,0.8099,0.6923,0.8,37.815,hibrido_glm_region_lgbm_comuna
13401,6,13,9.175,12.055,11.159,0.5484,0.8462,0.8,36.899,hibrido_glm_region_lgbm_comuna
13401,7,13,11.928,13.528,13.427,0.713,0.7692,0.8,37.082,hibrido_glm_region_lgbm_comuna
13401,8,13,13.443,17.35,14.175,0.8035,0.7692,0.8,34.91,hibrido_glm_region_lgbm_comuna
13402,1,13,6.14,7.455,19.599,0.861,0.6154,0.8,16.904,hibrido_glm_region_lgbm_comuna
13402,2,13,4.751,5.654,21.42,0.6662,0.7692,0.8,16.309,hibrido_glm_region_lgbm_comuna
13402,3,13,4.277,5.76,14.918,0.5997,0.7692,0.8,17.264,hibrido_glm_region_lgbm_comuna
13402,4,13,5.917,6.644,25.412,0.8297,0.6154,0.8,16.757,hibrido_glm_region_lgbm_comuna
13402,5,13,5.692,6.892,18.189,0.7982,0.6923,0.8,17.707,hibrido_glm_region_lgbm_comuna
13402,6,13,5.789,6.886,26.724,0.8117,0.6923,0.8,16.589,hibrido_glm_region_lgbm_comuna
13402,7,13,5.478,6.666,19.517,0.7682,0.5385,0.8,16.642,hibrido_glm_region_lgbm_comuna
13402,8,13,5.945,7.324,26.074,0.8336,0.6154,0.8,18.1,hibrido_glm_region_lgbm_comuna
13403,1,13,1.746,2.311,27.309,0.8819,0.8462,0.8,6.834,hibrido_glm_region_lgbm_comuna
13403,2,13,2.279,2.765,69.789,1.1508,0.8462,0.8,6.816,hibrido_glm_region_lgbm_comuna
13403,3,13,1.899,2.422,85.363,0.9591,0.6923,0.8,6.922,hibrido_glm_region_lgbm_comuna
13403,4,13,2.339,2.781,92.78,1.1811,0.6923,0.8,7.222,hibrido_glm_region_lgbm_comuna
13403,5,13,1.852,2.457,50.396,0.9352,0.8462,0.8,7.245,hibrido_glm_region_lgbm_comuna
13403,6,13,2.133,2.689,61.784,1.0769,0.8462,0.8,7.142,hibrido_glm_region_lgbm_comuna
13403,7,13,2.097,2.913,63.83,1.0588,0.7692,0.8,7.128,hibrido_glm_region_lgbm_comuna
13403,8,13,2.364,2.907,101.081,1.1935,0.6923,0.8,7.435,hibrido_glm_region_lgbm_comuna
13404,1,13,3.622,4.784,50.52,0.7689,0.6923,0.8,10.255,hibrido_glm_region_lgbm_comuna
13404,2,13,3.164,3.78,23.629,0.6717,0.9231,0.8,9.44,hibrido_glm_region_lgbm_comuna
13404,3,13,2.268,3.006,16.183,0.4816,0.8462,0.8,9.874,hibrido_glm_region_lgbm_comuna
13404,4,13,3.467,4.571,114.008,0.736,0.6923,0.8,10.049,hibrido_glm_region_lgbm_comuna
13404,5,13,3.336,4.436,46.982,0.7083,0.6154,0.8,10.513,hibrido_glm_region_lgbm_comuna
13404,6,13,3.902,4.281,29.615,0.8283,0.8462,0.8,9.865,hibrido_glm_region_lgbm_comuna
13404,7,13,2.02,2.685,14.884,0.4289,0.9231,0.8,10.285,hibrido_glm_region_lgbm_comuna
13404,8,13,3.692,4.982,134.321,0.7837,0.7692,0.8,10.491,hibrido_glm_region_lgbm_comuna
13501,1,13,5.522,6.726,11.967,0.5479,0.8462,0.8,19.945,hibrido_glm_region_lgbm_comuna
13501,2,13,8.747,10.883,22.752,0.8678,0.6923,0.8,19.501,hibrido_glm_region_lgbm_comuna
13501,3,13,4.655,5.736,9.813,0.4619,0.8462,0.8,18.717,hibrido_glm_region_lgbm_comuna
13501,4,13,6.535,8.301,12.796,0.6484,0.6154,0.8,19.55,hibrido_glm_region_lgbm_comuna
13501,5,13,6.156,7.09,13.845,0.6108,0.6154,0.8,19.03,hibrido_glm_region_lgbm_comuna
13501,6,13,7.604,10.414,20.688,0.7544,0.7692,0.8,19.996,hibrido_glm_region_lgbm_comuna
13501,7,13,5.104,6.066,10.871,0.5064,0.8462,0.8,19.967,hibrido_glm_region_lgbm_comuna
13501,8,13,6.933,7.81,14.328,0.6878,0.6923,0.8,19.87,hibrido_glm_region_lgbm_comuna
13502,1,13,1.557,1.768,70.598,1.0614,0.7692,0.8,4.464,hibrido_glm_region_lgbm_comuna
13502,2,13,1.441,1.64,88.364,0.982,0.7692,0.8,4.409,hibrido_glm_region_lgbm_comuna
13502,3,13,1.407,1.856,54.769,0.9587,0.6923,0.8,4.714,hibrido_glm_region_lgbm_comuna
13502,4,13,1.591,2.125,56.414,1.0843,0.6923,0.8,4.313,hibrido_glm_region_lgbm_comuna
13502,5,13,1.351,1.609,53.664,0.9209,0.8462,0.8,4.032,hibrido_glm_region_lgbm_comuna
13502,6,13,1.473,1.721,84.434,1.0039,0.7692,0.8,4.331,hibrido_glm_region_lgbm_comuna
13502,7,13,1.276,1.811,56.511,0.8695,0.8462,0.8,4.546,hibrido_glm_region_lgbm_comuna
13502,8,13,1.252,1.558,54.031,0.8537,0.6923,0.8,4.451,hibrido_glm_region_lgbm_comuna
13503,1,13,4.018,4.733,20.75,0.7151,0.7692,0.8,11.197,hibrido_glm_region_lgbm_comuna
13503,2,13,4.052,5.597,20.782,0.7212,0.8462,0.8,11.653,hibrido_glm_region_lgbm_comuna
13503,3,13,3.716,4.469,19.031,0.6613,0.7692,0.8,11.745,hibrido_glm_region_lgbm_comuna
13503,4,13,3.463,4.544,16.93,0.6163,0.6923,0.8,11.846,hibrido_glm_region_lgbm_comuna
13503,5,13,3.774,4.771,19.748,0.6718,0.8462,0.8,11.478,hibrido_glm_region_lgbm_comuna
13503,6,13,4.67,6.186,24.873,0.8312,0.6923,0.8,11.652,hibrido_glm_region_lgbm_comuna
13503,7,13,3.872,4.622,19.404,0.6892,0.7692,0.8,11.783,hibrido_glm_region_lgbm_comuna
13503,8,13,3.866,5.156,19.609,0.688,0.6154,0.8,11.961,hibrido_glm_region_lgbm_comuna
13504,1,13,2.916,3.532,103.6,1.0236,0.5385,0.8,5.835,hibrido_glm_region_lgbm_comuna
13504,2,13,2.338,3.011,49.33,0.8208,0.6154,0.8,5.908,hibrido_glm_region_lgbm_comuna
13504,3,13,1.637,1.88,38.096,0.5746,0.9231,0.8,5.872,hibrido_glm_region_lgbm_comuna
13504,4,13,1.011,1.312,22.029,0.3548,0.8462,0.8,6.005,hibrido_glm_region_lgbm_comuna
13504,5,13,2.952,3.305,98.466,1.0362,0.5385,0.8,5.931,hibrido_glm_region_lgbm_comuna
13504,6,13,2.349,2.946,50.111,0.8246,0.6154,0.8,5.414,hibrido_glm_region_lgbm_comuna
13504,7,13,1.541,1.842,35.379,0.5408,0.9231,0.8,5.877,hibrido_glm_region_lgbm_comuna
13504,8,13,1.048,1.456,26.279,0.368,0.9231,0.8,5.761,hibrido_glm_region_lgbm_comuna
13505,1,13,1.41,1.701,71.983,0.5345,0.8462,0.8,6.393,hibrido_glm_region_lgbm_comuna
13505,2,13,2.645,3.55,37.851,1.0027,0.7692,0.8,6.586,hibrido_glm_region_lgbm_comuna
13505,3,13,1.68,2.174,79.046,0.637,0.7692,0.8,6.713,hibrido_glm_region_lgbm_comuna
13505,4,13,1.931,2.096,52.447,0.7321,0.7692,0.8,6.295,hibrido_glm_region_lgbm_comuna
13505,5,13,1.584,1.902,76.625,0.6003,0.6923,0.8,6.215,hibrido_glm_region_lgbm_comuna
13505,6,13,2.638,3.565,39.608,1.0,0.9231,0.8,6.402,hibrido_glm_region_lgbm_comuna
13505,7,13,1.895,2.479,80.306,0.7182,0.6154,0.8,6.612,hibrido_glm_region_lgbm_comuna
13505,8,13,1.755,2.071,48.088,0.6654,0.6923,0.8,6.68,hibrido_glm_region_lgbm_comuna
13601,1,13,7.901,10.326,19.71,0.99,0.6923,0.8,19.066,hibrido_glm_region_lgbm_comuna
13601,2,13,5.633,7.02,12.918,0.7059,0.7692,0.8,20.167,hibrido_glm_region_lgbm_comuna
13601,3,13,6.518,8.222,15.903,0.8167,0.7692,0.8,20.112,hibrido_glm_region_lgbm_comuna
13601,4,13,5.085,5.819,11.976,0.6372,0.7692,0.8,20.016,hibrido_glm_region_lgbm_comuna
13601,5,13,7.469,10.04,19.107,0.9359,0.6923,0.8,18.482,hibrido_glm_region_lgbm_comuna
13601,6,13,4.954,6.071,11.634,0.6208,0.7692,0.8,17.859,hibrido_glm_region_lgbm_comuna
13601,7,13,6.765,8.448,16.376,0.8477,0.7692,0.8,19.301,hibrido_glm_region_lgbm_comuna
13601,8,13,4.041,4.894,9.644,0.5064,0.8462,0.8,19.778,hibrido_glm_region_lgbm_comuna
13602,1,13,2.579,3.166,44.605,0.5757,0.6154,0.8,7.688,hibrido_glm_region_lgbm_comuna
13602,2,13,2.75,3.537,32.467,0.6137,0.7692,0.8,8.037,hibrido_glm_region_lgbm_comuna
13602,3,13,2.747,3.444,50.455,0.6131,0.6923,0.8,7.908,hibrido_glm_region_lgbm_comuna
13602,4,13,3.075,3.606,63.831,0.6863,0.4615,0.8,8.008,hibrido_glm_region_lgbm_comuna
13602,5,13,2.211,2.883,39.466,0.4935,0.7692,0.8,8.009,hibrido_glm_region_lgbm_comuna
13602,6,13,3.044,3.838,38.046,0.6794,0.6154,0.8,8.215,hibrido_glm_region_lgbm_comuna
13602,7,13,3.118,3.642,60.105,0.6958,0.6923,0.8,7.915,hibrido_glm_region_lgbm_comuna
13602,8,13,2.851,3.64,69.044,0.6364,0.6154,0.8,8.065,hibrido_glm_region_lgbm_comuna
13603,1,13,4.268,5.881,21.399,0.7492,0.7692,0.8,12.625,hibrido_glm_region_lgbm_comuna
13603,2,13,4.757,5.857,24.262,0.835,0.7692,0.8,12.866,hibrido_glm_region_lgbm_comuna
13603,3,13,5.079,5.659,33.548,0.8915,0.6154,0.8,13.062,hibrido_glm_region_lgbm_comuna
13603,4,13,3.971,5.382,21.691,0.697,0.7692,0.8,13.085,hibrido_glm_region_lgbm_comuna
13603,5,13,4.4,6.344,21.353,0.7724,0.8462,0.8,12.479,hibrido_glm_region_lgbm_comuna
13603,6,13,5.171,6.261,24.642,0.9077,0.6154,0.8,12.853,hibrido_glm_region_lgbm_comuna
13603,7,13,5.831,6.085,38.174,1.0234,0.5385,0.8,13.206,hibrido_glm_region_lgbm_comuna
13603,8,13,3.771,5.376,20.314,0.6618,0.6923,0.8,13.202,hibrido_glm_region_lgbm_comuna
13604,1,13,4.634,6.727,20.943,0.5685,0.8462,0.8,17.694,hibrido_glm_region_lgbm_comuna
13604,2,13,7.162,7.441,26.19,0.8787,0.7692,0.8,18.413,hibrido_glm_region_lgbm_comuna
13604,3,13,7.833,9.715,25.484,0.961,0.4615,0.8,17.825,hibrido_glm_region_lgbm_comuna
13604,4,13,5.787,6.486,22.97,0.71,0.8462,0.8,18.832,hibrido_glm_region_lgbm_comuna
13604,5,13,4.379,5.943,19.613,0.5373,0.8462,0.8,18.374,hibrido_glm_region_lgbm_comuna
13604,6,13,6.814,7.644,25.483,0.8359,0.7692,0.8,17.869,hibrido_glm_region_lgbm_comuna
13604,7,13,8.085,9.888,25.355,0.9919,0.4615,0.8,18.543,hibrido_glm_region_lgbm_comuna
13604,8,13,5.008,5.459,20.27,0.6143,0.8462,0.8,18.735,hibrido_glm_region_lgbm_comuna
13605,1,13,7.875,11.015,20.733,0.6544,0.8462,0.8,21.699,hibrido_glm_region_lgbm_comuna
13605,2,13,6.308,8.071,16.425,0.5243,0.7692,0.8,22.338,hibrido_glm_region_lgbm_comuna
13605,3,13,5.767,7.949,13.017,0.4793,0.7692,0.8,22.958,hibrido_glm_region_lgbm_comuna
13605,4,13,6.414,8.397,19.139,0.533,0.8462,0.8,24.394,hibrido_glm_region_lgbm_comuna
13605,5,13,7.721,10.718,19.569,0.6416,0.8462,0.8,23.918,hibrido_glm_region_lgbm_comuna
13605,6,13,6.767,7.857,17.289,0.5624,0.9231,0.8,23.748,hibrido_glm_region_lgbm_comuna
13605,7,13,6.535,8.346,15.443,0.5431,0.8462,0.8,23.553,hibrido_glm_region_lgbm_comuna
13605,8,13,7.902,8.918,23.245,0.6567,0.7692,0.8,23.163,hibrido_glm_region_lgbm_comuna
RM,1,13,189.465,318.073,11.506,0.8524,0.9231,0.8,514.308,hibrido_glm_region_lgbm_comuna
RM,2,13,123.782,172.084,6.135,0.5569,0.8462,0.8,508.923,hibrido_glm_region_lgbm_comuna
RM,3,13,111.191,141.105,5.317,0.5002,0.9231,0.8,541.231,hibrido_glm_region_lgbm_comuna
RM,4,13,76.168,109.801,3.482,0.3427,1.0,0.8,503.615,hibrido_glm_region_lgbm_comuna
RM,5,13,179.614,331.51,11.295,0.8081,0.7692,0.8,499.0,hibrido_glm_region_lgbm_comuna
RM,6,13,163.933,206.126,8.188,0.7375,0.7692,0.8,509.846,hibrido_glm_region_lgbm_comuna
RM,7,13,134.635,169.181,6.492,0.6057,0.8462,0.8,537.154,hibrido_glm_region_lgbm_comuna
RM,8,13,107.119,133.436,5.074,0.4819,1.0,0.8,532.462,hibrido_glm_region_lgbm_comuna
13101,1,13,8.371,10.549,14.461,0.6352,0.9231,0.8,33.009,poisson_glm_global_conformal
13101,2,13,10.613,12.923,19.573,0.8054,0.8462,0.8,33.059,poisson_glm_global_conformal
13101,3,13,10.268,11.941,14.142,0.7792,0.8462,0.8,32.938,poisson_glm_global_conformal
13101,4,13,5.043,6.462,7.36,0.3827,1.0,0.8,32.884,poisson_glm_global_conformal
13101,5,13,8.696,11.068,15.193,0.6599,0.8462,0.8,32.824,poisson_glm_global_conformal
13101,6,13,12.461,14.049,22.911,0.9456,0.7692,0.8,32.705,poisson_glm_global_conformal
13101,7,13,9.681,12.01,13.371,0.7346,0.9231,0.8,32.615,poisson_glm_global_conformal
13101,8,13,4.947,6.451,7.132,0.3754,1.0,0.8,32.517,poisson_glm_global_conformal
13102,1,13,7.403,8.118,30.559,0.9052,0.9231,0.8,19.771,poisson_glm_global_conformal
13102,2,13,6.401,7.469,27.835,0.7828,0.7692,0.8,19.789,poisson_glm_global_conformal
13102,3,13,5.017,6.834,17.098,0.6135,0.8462,0.8,19.725,poisson_glm_global_conformal
13102,4,13,9.509,11.583,27.935,1.1629,0.6923,0.8,19.703,poisson_glm_global_conformal
13102,5,13,7.712,8.365,31.649,0.9431,0.9231,0.8,19.673,poisson_glm_global_conformal
13102,6,13,6.584,7.531,28.172,0.8051,0.7692,0.8,19.627,poisson_glm_global_conformal
13102,7,13,5.62,7.143,19.021,0.6872,0.8462,0.8,19.582,poisson_glm_global_conformal
13102,8,13,9.154,11.355,26.351,1.1194,0.7692,0.8,19.534,poisson_glm_global_conformal
13103,1,13,13.448,18.467,29.168,0.4463,0.6923,0.8,35.028,poisson_glm_global_conformal
13103,2,13,15.103,16.532,22.854,0.5012,0.6154,0.8,35.105,poisson_glm_global_conformal
13103,3,13,9.348,11.255,12.072,0.3102,0.8462,0.8,35.043,poisson_glm_global_conformal
13103,4,13,8.243,9.789,10.774,0.2736,0.8462,0.8,35.026,poisson_glm_global_conformal
13103,5,13,12.961,18.901,28.873,0.4301,0.7692,0.8,35.014,poisson_glm_global_conformal
13103,6,13,15.762,17.4,24.302,0.5231,0.4615,0.8,34.965,poisson_glm_global_conformal
13103,7,13,9.782,11.498,12.939,0.3246,0.8462,0.8,34.938,poisson_glm_global_conformal
13103,8,13,9.678,11.604,13.991,0.3212,0.8462,0.8,34.911,poisson_glm_global_conformal
13104,1,13,9.034,11.394,23.459,0.7411,0.6923,0.8,24.756,poisson_glm_global_conformal
13104,2,13,8.531,10.45,23.278,0.6998,0.5385,0.8,24.763,poisson_glm_global_conformal
13104,3,13,6.205,6.867,18.618,0.509,0.9231,0.8,24.691,poisson_glm_global_conformal
13104,4,13,7.099,8.489,17.089,0.5823,0.8462,0.8,24.65,poisson_glm_global_conformal
13104,5,13,8.761,11.307,22.634,0.7187,0.6923,0.8,24.598,poisson_glm_global_conformal
13104,6,13,7.879,9.888,21.837,0.6463,0.5385,0.8,24.56,poisson_glm_global_conformal
13104,7,13,6.185,6.877,18.475,0.5073,0.9231,0.8,24.493,poisson_glm_global_conformal
13104,8,13,6.679,8.187,16.157,0.5478,0.8462,0.8,24.44,poisson_glm_global_conformal
13105,1,13,7.825,11.134,23.227,1.0079,0.7692,0.8,22.652,poisson_glm_global_conformal
13105,2,13,5.527,8.369,14.669,0.7119,0.8462,0.8,22.64,poisson_glm_global_conformal
13105,3,13,9.365,19.644,17.621,1.2063,0.9231,0.8,22.592,poisson_glm_global_conformal
13105,4,13,3.812,4.51,11.983,0.491,1.0,0.8,22.548,poisson_glm_global_conformal
13105,5,13,7.756,11.177,23.568,0.999,0.7692,0.8,22.516,poisson_glm_global_conformal
13105,6,13,5.823,8.338,15.549,0.7501,0.8462,0.8,22.451,poisson_glm_global_conformal
13105,7,13,8.994,19.567,16.186,1.1585,0.9231,0.8,22.39,poisson_glm_global_conformal
13105,8,13,3.577,4.231,11.33,0.4608,0.9231,0.8,22.35,poisson_glm_global_conformal
13106,1,13,4.013,4.762,19.036,0.6057,1.0,0.8,17.984,poisson_glm_global_conformal
13106,2,13,3.107,4.193,18.866,0.4689,0.9231,0.8,17.994,poisson_glm_global_conformal
13106,3,13,3.554,4.741,18.152,0.5364,0.8462,0.8,17.94,poisson_glm_global_conformal
13106,4,13,5.167,5.811,27.767,0.7799,0.7692,0.8,17.908,poisson_glm_global_conformal
13106,5,13,4.254,4.921,20.187,0.6422,1.0,0.8,17.88,poisson_glm_global_conformal
13106,6,13,3.013,4.049,18.337,0.4547,0.9231,0.8,17.832,poisson_glm_global_conformal
13106,7,13,3.794,4.809,20.086,0.5727,0.8462,0.8,17.759,poisson_glm_global_conformal
13106,8,13,4.391,4.949,25.021,0.6628,0.9231,0.8,17.655,poisson_glm_global_conformal
13107,1,13,7.588,9.171,37.358,0.486,0.6923,0.8,23.162,poisson_glm_global_conformal
13107,2,13,5.002,6.355,21.015,0.3204,0.8462,0.8,23.2,poisson_glm_global_conformal
13107,3,13,6.434,8.61,32.642,0.4121,0.7692,0.8,23.138,poisson_glm_global_conformal
13107,4,13,8.015,10.091,32.884,0.5134,0.5385,0.8,23.106,poisson_glm_global_conformal
13107,5,13,6.612,8.267,31.234,0.4235,0.7692,0.8,22.943,poisson_glm_global_conformal
13107,6,13,4.64,6.018,19.417,0.2972,0.8462,0.8,22.618,poisson_glm_global_conformal
13107,7,13,5.904,7.491,27.688,0.3782,0.7692,0.8,22.499,poisson_glm_global_conformal
13107,8,13,6.603,8.854,25.433,0.423,0.6154,0.8,22.353,poisson_glm_global_conformal
13108,1,13,8.304,9.56,23.511,0.5181,0.7692,0.8,26.023,poisson_glm_global_conformal
13108,2,13,10.974,12.365,24.786,0.6847,0.6923,0.8,26.075,poisson_glm_global_conformal
13108,3,13,12.403,15.592,22.431,0.7739,0.7692,0.8,26.032,poisson_glm_global_conformal
13108,4,13,10.106,13.234,20.33,0.6306,0.6154,0.8,26.017,poisson_glm_global_conformal
13108,5,13,8.259,9.723,22.675,0.5154,0.7692,0.8,25.993,poisson_glm_global_conformal
13108,6,13,10.203,12.06,23.35,0.6367,0.7692,0.8,25.929,poisson_glm_global_conformal
13108,7,13,12.424,15.574,22.202,0.7752,0.7692,0.8,25.774,poisson_glm_global_conformal
13108,8,13,10.245,13.47,20.643,0.6392,0.6923,0.8,25.716,poisson_glm_global_conformal
13109,1,13,2.791,3.706,31.548,0.6691,0.8462,0.8,11.137,poisson_glm_global_conformal
13109,2,13,2.054,2.597,22.923,0.4924,1.0,0.8,11.129,poisson_glm_global_conformal
13109,3,13,1.303,1.679,18.672,0.3125,1.0,0.8,11.091,poisson_glm_global_conformal
13109,4,13,2.852,3.343,32.213,0.6837,0.9231,0.8,11.078,poisson_glm_global_conformal
13109,5,13,2.698,3.563,31.097,0.6468,0.8462,0.8,11.055,poisson_glm_global_conformal
13109,6,13,2.094,2.649,23.038,0.502,1.0,0.8,11.011,poisson_glm_global_conformal
13109,7,13,1.505,1.939,24.359,0.3609,1.0,0.8,10.985,poisson_glm_global_conformal
13109,8,13,2.884,3.341,34.646,0.6914,0.9231,0.8,10.94,poisson_glm_global_conformal
13110,1,13,14.159,16.039,17.626,1.1533,0.7692,0.8,34.398,poisson_glm_global_conformal
13110,2,13,20.387,22.716,21.57,1.6606,0.5385,0.8,34.381,poisson_glm_global_conformal
13110,3,13,14.612,18.837,15.709,1.1903,0.7692,0.8,34.249,poisson_glm_global_conformal
13110,4,13,20.916,24.09,22.054,1.7037,0.6154,0.8,34.206,poisson_glm_global_conformal
13110,5,13,14.478,16.405,18.089,1.1793,0.6154,0.8,34.151,poisson_glm_global_conformal
13110,6,13,20.367,22.569,21.567,1.6591,0.6923,0.8,34.05,poisson_glm_global_conformal
13110,7,13,14.236,18.594,15.305,1.1597,0.7692,0.8,33.95,poisson_glm_global_conformal
13110,8,13,21.56,24.209,22.82,1.7563,0.5385,0.8,33.862,poisson_glm_global_conformal
13111,1,13,9.964,12.402,39.674,1.657,0.5385,0.8,16.018,poisson_glm_global_conformal
13111,2,13,11.677,13.272,40.982,1.9419,0.3846,0.8,16.011,poisson_glm_global_conformal
13111,3,13,13.738,14.544,45.765,2.2846,0.2308,0.8,15.961,poisson_glm_global_conformal
13111,4,13,13.187,14.979,42.135,2.193,0.2308,0.8,15.938,poisson_glm_global_conformal
13111,5,13,10.273,12.648,40.657,1.7084,0.5385,0.8,15.931,poisson_glm_global_conformal
13111,6,13,11.984,13.505,41.349,1.993,0.3077,0.8,15.88,poisson_glm_global_conformal
13111,7,13,13.506,14.323,45.247,2.2461,0.2308,0.8,15.833,poisson_glm_global_conformal
13111,8,13,14.671,16.74,44.112,2.4398,0.2308,0.8,15.819,poisson_glm_global_conformal
13112,1,13,10.013,11.744,22.961,0.9269,0.5385,0.8,27.679,poisson_glm_global_conformal
13112,2,13,7.177,10.131,13.92,0.6643,0.6923,0.8,27.659,poisson_glm_global_conformal
13112,3,13,10.945,12.999,24.1,1.0132,0.5385,0.8,27.56,poisson_glm_global_conformal
13112,4,13,8.752,12.333,20.382,0.8102,0.6923,0.8,27.519,poisson_glm_global_conformal
13112,5,13,10.014,11.654,22.929,0.927,0.6154,0.8,27.454,poisson_glm_global_conformal
13112,6,13,7.242,10.181,14.993,0.6704,0.6154,0.8,27.352,poisson_glm_global_conformal
13112,7,13,11.174,12.954,25.252,1.0344,0.4615,0.8,27.268,poisson_glm_global_conformal
13112,8,13,8.526,12.255,20.057,0.7892,0.7692,0.8,27.197,poisson_glm_global_conformal
13113,1,13,3.388,4.339,27.794,0.6723,0.9231,0.8,14.465,poisson_glm_global_conformal
13113,2,13,2.693,2.995,20.659,0.5344,1.0,0.8,14.442,poisson_glm_global_conformal
13113,3,13,2.886,3.492,22.457,0.5726,1.0,0.8,14.36,poisson_glm_global_conformal
13113,4,13,2.915,4.059,17.834,0.5784,0.9231,0.8,14.343,poisson_glm_global_conformal
13113,5,13,3.557,4.614,26.02,0.7057,0.9231,0.8,14.311,poisson_glm_global_conformal
13113,6,13,2.79,3.088,20.691,0.5537,1.0,0.8,14.257,poisson_glm_global_conformal
13113,7,13,2.792,3.38,18.055,0.554,1.0,0.8,14.223,poisson_glm_global_conformal
13113,8,13,2.767,4.02,16.872,0.549,0.9231,0.8,14.2,poisson_glm_global_conformal
13114,1,13,4.394,5.136,106.077,0.6815,0.7692,0.8,11.667,poisson_glm_global_conformal
13114,2,13,5.822,6.443,204.836,0.903,0.3846,0.8,11.639,poisson_glm_global_conformal
13114,3,13,2.966,3.688,60.65,0.46,0.7692,0.8,11.598,poisson_glm_global_conformal
13114,4,13,3.451,3.956,67.336,0.5352,0.7692,0.8,11.583,poisson_glm_global_conformal
13114,5,13,4.978,5.569,115.02,0.7721,0.5385,0.8,11.571,poisson_glm_global_conformal
13114,6,13,5.37,5.924,202.535,0.8329,0.4615,0.8,11.525,poisson_glm_global_conformal
13114,7,13,2.558,3.21,58.455,0.3967,0.8462,0.8,11.499,poisson_glm_global_conformal
13114,8,13,3.269,3.916,66.09,0.5071,0.7692,0.8,11.467,poisson_glm_global_conformal
13115,1,13,1.899,2.327,42.845,1.0346,0.9231,0.8,5.496,poisson_glm_global_conformal
13115,2,13,1.078,1.474,37.211,0.5871,0.9231,0.8,5.507,poisson_glm_global_conformal
13115,3,13,1.491,2.105,49.263,0.8125,0.8462,0.8,5.49,poisson_glm_global_conformal
13115,4,13,1.925,2.271,60.929,1.0485,0.7692,0.8,5.48,poisson_glm_global_conformal
13115,5,13,1.879,2.327,41.602,1.0239,0.7692,0.8,5.477,poisson_glm_global_conformal
13115,6,13,1.061,1.452,37.435,0.5781,1.0,0.8,5.47,poisson_glm_global_conformal
13115,7,13,1.797,2.373,55.589,0.9791,0.7692,0.8,5.465,poisson_glm_global_conformal
13115,8,13,1.951,2.286,63.682,1.0627,0.7692,0.8,5.462,poisson_glm_global_conformal
13116,1,13,4.706,5.96,15.673,0.5267,0.8462,0.8,22.884,poisson_glm_global_conformal
13116,2,13,6.501,7.604,19.755,0.7277,0.8462,0.8,22.882,poisson_glm_global_conformal
13116,3,13,5.514,6.987,15.859,0.6172,0.9231,0.8,22.806,poisson_glm_global_conformal
13116,4,13,4.774,6.496,12.106,0.5344,0.9231,0.8,22.776,poisson_glm_global_conformal
13116,5,13,4.608,5.917,15.39,0.5157,0.9231,0.8,22.733,poisson_glm_global_conformal
13116,6,13,6.706,7.725,21.215,0.7506,0.7692,0.8,22.672,poisson_glm_global_conformal
13116,7,13,5.445,6.871,14.446,0.6095,0.9231,0.8,22.6,poisson_glm_global_conformal
13116,8,13,3.851,5.618,9.839,0.4311,0.9231,0.8,22.559,poisson_glm_global_conformal
13117,1,13,8.296,11.181,19.255,1.111,0.7692,0.8,22.823,poisson_glm_global_conformal
13117,2,13,10.184,14.358,21.231,1.3638,0.8462,0.8,22.84,poisson_glm_global_conformal
13117,3,13,7.715,9.153,19.604,1.0332,0.7692,0.8,22.755,poisson_glm_global_conformal
13117,4,13,9.309,11.311,21.474,1.2467,0.6923,0.8,22.743,poisson_glm_global_conformal
13117,5,13,8.268,11.158,19.177,1.1073,0.7692,0.8,22.689,poisson_glm_global_conformal
13117,6,13,8.253,12.199,18.062,1.1052,0.9231,0.8,22.64,poisson_glm_global_conformal
13117,7,13,8.128,9.741,20.218,1.0885,0.7692,0.8,22.583,poisson_glm_global_conformal
13117,8,13,8.509,10.829,19.592,1.1396,0.6923,0.8,22.536,poisson_glm_global_conformal
13118,1,13,3.44,4.424,54.389,0.7019,0.7692,0.8,11.592,poisson_glm_global_conformal
13118,2,13,3.754,4.33,42.859,0.766,0.7692,0.8,11.626,poisson_glm_global_conformal
13118,3,13,2.847,3.205,49.705,0.5809,0.9231,0.8,11.614,poisson_glm_global_conformal
13118,4,13,2.186,2.648,39.005,0.446,0.9231,0.8,11.616,poisson_glm_global_conformal
13118,5,13,3.304,4.297,53.977,0.6741,0.7692,0.8,11.612,poisson_glm_global_conformal
13118,6,13,5.185,7.704,46.792,1.0579,0.7692,0.8,11.594,poisson_glm_global_conformal
13118,7,13,2.778,3.121,44.758,0.5667,0.9231,0.8,11.579,poisson_glm_global_conformal
13118,8,13,2.051,2.53,38.246,0.4186,0.8462,0.8,11.572,poisson_glm_global_conformal
13119,1,13,14.676,18.646,17.011,0.9653,0.6923,0.8,35.689,poisson_glm_global_conformal
13119,2,13,15.606,19.867,16.136,1.0264,0.6923,0.8,35.717,poisson_glm_global_conformal
13119,3,13,17.018,20.29,17.912,1.1193,0.7692,0.8,35.673,poisson_glm_global_conformal
13119,4,13,16.893,21.049,16.732,1.1111,0.6154,0.8,35.635,poisson_glm_global_conformal
13119,5,13,14.122,18.592,16.606,0.9288,0.6923,0.8,35.561,poisson_glm_global_conformal
13119,6,13,16.188,20.107,17.244,1.0648,0.6154,0.8,35.533,poisson_glm_global_conformal
13119,7,13,16.595,19.688,17.58,1.0915,0.5385,0.8,35.546,poisson_glm_global_conformal
13119,8,13,16.479,20.088,16.604,1.0839,0.6154,0.8,35.564,poisson_glm_global_conformal
13120,1,13,4.943,5.674,20.879,0.6287,0.9231,0.8,21.867,poisson_glm_global_conformal
13120,2,13,6.795,8.665,23.862,0.8643,0.7692,0.8,21.87,poisson_glm_global_conformal
13120,3,13,5.955,7.652,16.482,0.7575,0.9231,0.8,21.814,poisson_glm_global_conformal
13120,4,13,4.331,5.472,15.411,0.5508,0.9231,0.8,21.751,poisson_glm_global_conformal
13120,5,13,5.097,5.87,21.483,0.6483,0.8462,0.8,21.714,poisson_glm_global_conformal
13120,6,13,6.749,8.587,23.715,0.8584,0.7692,0.8,21.642,poisson_glm_global_conformal
13120,7,13,5.832,7.555,16.506,0.7418,0.9231,0.8,21.572,poisson_glm_global_conformal
13120,8,13,4.217,5.331,15.538,0.5363,0.9231,0.8,21.486,poisson_glm_global_conformal
13121,1,13,5.87,7.15,21.59,0.7575,0.8462,0.8,22.459,poisson_glm_global_conformal
13121,2,13,6.054,7.621,21.491,0.7811,0.8462,0.8,22.425,poisson_glm_global_conformal
13121,3,13,6.345,7.25,18.59,0.8187,1.0,0.8,22.337,poisson_glm_global_conformal
13121,4,13,6.917,8.641,18.079,0.8925,0.7692,0.8,22.327,poisson_glm_global_conformal
13121,5,13,5.835,7.181,21.425,0.7529,0.8462,0.8,22.267,poisson_glm_global_conformal
13121,6,13,6.071,7.553,21.045,0.7834,0.7692,0.8,22.206,poisson_glm_global_conformal
13121,7,13,5.747,6.669,17.461,0.7416,0.9231,0.8,22.145,poisson_glm_global_conformal
13121,8,13,6.75,8.447,18.469,0.871,0.7692,0.8,22.112,poisson_glm_global_conformal
13122,1,13,16.848,19.455,29.943,1.2294,0.3846,0.8,24.392,poisson_glm_global_conformal
13122,2,13,19.389,21.076,33.78,1.4149,0.3077,0.8,24.436,poisson_glm_global_conformal
13122,3,13,17.048,19.487,30.167,1.244,0.4615,0.8,24.367,poisson_glm_global_conformal
13122,4,13,20.483,23.079,33.919,1.4947,0.3077,0.8,24.353,poisson_glm_global_conformal
13122,5,13,16.941,19.77,29.745,1.2362,0.4615,0.8,24.327,poisson_glm_global_conformal
13122,6,13,19.708,21.291,34.09,1.4381,0.3077,0.8,24.271,poisson_glm_global_conformal
13122,7,13,18.227,19.949,32.273,1.33,0.3846,0.8,24.229,poisson_glm_global_conformal
13122,8,13,21.389,23.881,34.633,1.5608,0.3077,0.8,24.197,poisson_glm_global_conformal
13123,1,13,12.546,15.661,27.197,0.8878,0.8462,0.8,28.324,poisson_glm_global_conformal
13123,2,13,11.394,14.724,19.982,0.8063,0.7692,0.8,28.357,poisson_glm_global_conformal
13123,3,13,11.341,13.32,20.694,0.8025,0.7692,0.8,28.263,poisson_glm_global_conformal
13123,4,13,15.573,30.886,18.8,1.102,0.7692,0.8,28.227,poisson_glm_global_conformal
13123,5,13,12.941,16.103,28.362,0.9157,0.8462,0.8,28.16,poisson_glm_global_conformal
13123,6,13,12.39,15.436,22.153,0.8768,0.7692,0.8,28.068,poisson_glm_global_conformal
13123,7,13,11.3,13.68,20.282,0.7996,0.7692,0.8,28.009,poisson_glm_global_conformal
13123,8,13,16.044,31.305,19.861,1.1353,0.7692,0.8,27.953,poisson_glm_global_conformal
13124,1,13,9.153,11.381,20.87,0.6827,0.9231,0.8,29.707,poisson_glm_global_conformal
13124,2,13,10.854,12.733,19.615,0.8095,0.6923,0.8,29.753,poisson_glm_global_conformal
13124,3,13,8.155,9.346,14.734,0.6082,0.9231,0.8,29.755,poisson_glm_global_conformal
13124,4,13,8.758,11.686,14.637,0.6532,0.8462,0.8,29.738,poisson_glm_global_conformal
13124,5,13,8.385,11.282,19.613,0.6253,0.9231,0.8,29.669,poisson_glm_global_conformal
13124,6,13,11.093,12.743,20.045,0.8274,0.6923,0.8,29.619,poisson_glm_global_conformal
13124,7,13,9.586,11.451,16.348,0.7149,0.8462,0.8,29.632,poisson_glm_global_conformal
13124,8,13,8.379,11.603,15.457,0.625,0.8462,0.8,29.648,poisson_glm_global_conformal
13125,1,13,10.594,12.404,20.768,0.9539,0.6923,0.8,32.392,poisson_glm_global_conformal
13125,2,13,10.513,13.408,18.222,0.9467,0.7692,0.8,32.424,poisson_glm_global_conformal
13125,3,13,7.21,8.727,13.087,0.6492,0.6923,0.8,32.298,poisson_glm_global_conformal
13125,4,13,6.803,8.257,11.297,0.6126,0.9231,0.8,32.218,poisson_glm_global_conformal
13125,5,13,11.243,13.03,22.277,1.0124,0.6154,0.8,32.118,poisson_glm_global_conformal
13125,6,13,11.551,14.0,20.822,1.0401,0.6923,0.8,31.998,poisson_glm_global_conformal
13125,7,13,8.162,9.369,15.068,0.735,0.7692,0.8,31.876,poisson_glm_global_conformal
13125,8,13,6.778,8.55,12.026,0.6103,0.8462,0.8,31.794,poisson_glm_global_conformal
13126,1,13,4.172,5.864,20.328,0.6856,0.9231,0.8,15.515,poisson_glm_global_conformal
13126,2,13,6.023,6.979,30.194,0.9897,0.6923,0.8,15.543,poisson_glm_global_conformal
13126,3,13,4.447,5.295,21.88,0.7308,0.9231,0.8,15.499,poisson_glm_global_conformal
13126,4,13,5.11,5.79,27.274,0.8397,1.0,0.8,15.476,poisson_glm_global_conformal
13126,5,13,4.079,5.797,19.753,0.6703,0.9231,0.8,15.445,poisson_glm_global_conformal
13126,6,13,5.991,7.008,29.601,0.9845,0.6923,0.8,15.405,poisson_glm_global_conformal
13126,7,13,4.991,5.707,24.135,0.8202,0.9231,0.8,15.378,poisson_glm_global_conformal
13126,8,13,5.611,6.737,28.139,0.922,0.9231,0.8,15.343,poisson_glm_global_conformal
13127,1,13,52.298,70.527,17.472,0.585,0.6154,0.8,78.67,poisson_glm_global_conformal
13127,2,13,40.455,46.933,10.775,0.4525,0.3846,0.8,78.622,poisson_glm_global_conformal
13127,3,13,42.186,50.19,11.46,0.4719,0.6154,0.8,78.247,poisson_glm_global_conformal
13127,4,13,32.336,38.076,8.352,0.3617,0.6923,0.8,77.967,poisson_glm_global_conformal
13127,5,13,55.411,75.043,18.391,0.6198,0.5385,0.8,77.772,poisson_glm_global_conformal
13127,6,13,46.502,53.227,12.612,0.5202,0.4615,0.8,77.337,poisson_glm_global_conformal
13127,7,13,50.874,59.777,14.272,0.5691,0.5385,0.8,77.058,poisson_glm_global_conformal
13127,8,13,31.482,38.468,7.936,0.3522,0.6923,0.8,76.752,poisson_glm_global_conformal
13128,1,13,8.35,9.994,22.176,0.9244,0.8462,0.8,24.811,poisson_glm_global_conformal
13128,2,13,8.65,10.613,26.065,0.9576,0.6154,0.8,24.783,poisson_glm_global_conformal
13128,3,13,5.358,7.003,15.729,0.5931,0.8462,0.8,24.713,poisson_glm_global_conformal
13128,4,13,4.091,5.039,10.96,0.4529,1.0,0.8,24.661,poisson_glm_global_conformal
13128,5,13,8.279,10.202,21.869,0.9166,0.8462,0.8,24.577,poisson_glm_global_conformal
13128,6,13,8.692,10.768,26.069,0.9623,0.6154,0.8,24.483,poisson_glm_global_conformal
13128,7,13,5.66,7.178,16.727,0.6265,0.8462,0.8,24.395,poisson_glm_global_conformal
13128,8,13,3.799,4.908,9.816,0.4206,1.0,0.8,24.342,poisson_glm_global_conformal
13129,1,13,4.857,6.224,30.883,0.9149,0.6923,0.8,17.423,poisson_glm_global_conformal
13129,2,13,3.168,3.954,19.464,0.5968,0.9231,0.8,17.423,poisson_glm_global_conformal
13129,3,13,3.741,4.89,34.861,0.7047,0.7692,0.8,17.367,poisson_glm_global_conformal
13129,4,13,3.851,4.789,27.605,0.7254,0.8462,0.8,17.339,poisson_glm_global_conformal
13129,5,13,3.96,4.622,28.734,0.7459,0.8462,0.8,17.297,poisson_glm_global_conformal
13129,6,13,3.305,3.978,20.255,0.6225,0.9231,0.8,17.243,poisson_glm_global_conformal
13129,7,13,3.885,4.978,35.267,0.7317,0.7692,0.8,17.203,poisson_glm_global_conformal
13129,8,13,3.885,4.803,28.14,0.7317,0.7692,0.8,17.171,poisson_glm_global_conformal
13130,1,13,18.418,22.757,31.25,0.8961,0.4615,0.8,38.854,poisson_glm_global_conformal
13130,2,13,21.964,25.204,36.473,1.0687,0.3077,0.8,38.846,poisson_glm_global_conformal
13130,3,13,13.739,16.234,19.512,0.6685,0.3077,0.8,38.669,poisson_glm_global_conformal
13130,4,13,16.238,19.113,24.026,0.7901,0.3077,0.8,38.555,poisson_glm_global_conformal
13130,5,13,16.981,22.389,29.326,0.8262,0.4615,0.8,38.44,poisson_glm_global_conformal
13130,6,13,20.949,24.609,34.93,1.0193,0.3077,0.8,38.199,poisson_glm_global_conformal
13130,7,13,13.963,16.98,20.633,0.6794,0.5385,0.8,38.011,poisson_glm_global_conformal
13130,8,13,16.378,19.608,24.584,0.7969,0.3077,0.8,37.854,poisson_glm_global_conformal
13131,1,13,10.555,12.116,17.671,0.5811,0.8462,0.8,29.826,poisson_glm_global_conformal
13131,2,13,11.329,12.441,18.038,0.6237,0.7692,0.8,29.803,poisson_glm_global_conformal
13131,3,13,11.471,16.032,15.572,0.6315,0.6923,0.8,29.703,poisson_glm_global_conformal
13131,4,13,15.87,18.456,22.141,0.8737,0.6154,0.8,29.68,poisson_glm_global_conformal
13131,5,13,11.987,13.334,19.732,0.6599,0.7692,0.8,29.612,poisson_glm_global_conformal
13131,6,13,11.063,12.142,17.529,0.6091,0.7692,0.8,29.536,poisson_glm_global_conformal
13131,7,13,12.069,16.25,16.445,0.6644,0.7692,0.8,29.485,poisson_glm_global_conformal
13131,8,13,15.387,18.311,21.141,0.8471,0.6923,0.8,29.409,poisson_glm_global_conformal
13201,1,13,12.269,16.533,12.425,0.46,0.8462,0.8,44.493,poisson_glm_global_conformal
13201,2,13,8.928,10.967,7.599,0.3347,0.9231,0.8,44.482,poisson_glm_global_conformal
13201,3,13,9.787,12.173,8.656,0.367,0.8462,0.8,44.304,poisson_glm_global_conformal
13201,4,13,9.161,10.916,7.488,0.3435,1.0,0.8,44.205,poisson_glm_global_conformal
13201,5,13,13.01,17.65,13.015,0.4878,0.8462,0.8,44.111,poisson_glm_global_conformal
13201,6,13,9.145,10.873,7.697,0.3429,0.9231,0.8,43.896,poisson_glm_global_conformal
13201,7,13,8.957,11.717,7.736,0.3358,0.8462,0.8,43.726,poisson_glm_global_conformal
13201,8,13,10.76,13.03,8.454,0.4034,0.9231,0.8,43.585,poisson_glm_global_conformal
13202,1,13,1.858,2.298,65.938,0.5753,0.9231,0.8,9.574,poisson_glm_global_conformal
13202,2,13,1.452,1.844,29.955,0.4494,1.0,0.8,9.572,poisson_glm_global_conformal
13202,3,13,1.657,1.881,35.563,0.513,1.0,0.8,9.543,poisson_glm_global_conformal
13202,4,13,2.479,3.071,54.337,0.7675,0.7692,0.8,9.533,poisson_glm_global_conformal
13202,5,13,1.844,2.327,65.785,0.5708,0.9231,0.8,9.529,poisson_glm_global_conformal
13202,6,13,1.252,1.58,27.494,0.3877,1.0,0.8,9.461,poisson_glm_global_conformal
13202,7,13,1.848,2.126,36.31,0.5721,1.0,0.8,9.425,poisson_glm_global_conformal
13202,8,13,2.553,3.148,63.616,0.7902,0.6923,0.8,9.352,poisson_glm_global_conformal
13203,1,13,2.53,3.334,41.02,0.6453,0.8462,0.8,11.807,poisson_glm_global_conformal
13203,2,13,2.59,3.027,53.065,0.6605,0.9231,0.8,11.817,poisson_glm_global_conformal
13203,3,13,2.754,3.378,27.819,0.7023,1.0,0.8,11.787,poisson_glm_global_conformal
13203,4,13,1.952,2.151,24.034,0.4977,1.0,0.8,11.749,poisson_glm_global_conformal
13203,5,13,3.251,4.336,45.225,0.829,0.6923,0.8,11.736,poisson_glm_global_conformal
13203,6,13,2.809,3.448,101.544,0.7165,0.8462,0.8,11.692,poisson_glm_global_conformal
13203,7,13,2.733,3.396,26.97,0.6969,1.0,0.8,11.647,poisson_glm_global_conformal
13203,8,13,1.833,2.069,22.125,0.4676,1.0,0.8,11.634,poisson_glm_global_conformal
13301,1,13,8.368,10.692,28.703,0.422,0.6923,0.8,27.065,poisson_glm_global_conformal
13301,2,13,10.063,12.033,36.446,0.5075,0.4615,0.8,27.053,poisson_glm_global_conformal
13301,3,13,6.998,8.972,21.503,0.3529,0.6923,0.8,26.93,poisson_glm_global_conformal
13301,4,13,8.244,9.407,23.48,0.4157,0.8462,0.8,26.844,poisson_glm_global_conformal
13301,5,13,8.314,10.829,29.137,0.4193,0.6154,0.8,26.774,poisson_glm_global_conformal
13301,6,13,9.908,11.971,35.944,0.4997,0.4615,0.8,26.659,poisson_glm_global_conformal
13301,7,13,6.867,9.1,21.247,0.3463,0.7692,0.8,26.559,poisson_glm_global_conformal
13301,8,13,8.137,9.374,23.262,0.4103,0.8462,0.8,26.42,poisson_glm_global_conformal
13302,1,13,7.503,10.185,19.906,0.552,0.7692,0.8,24.117,poisson_glm_global_conformal
13302,2,13,7.117,9.968,16.748,0.5236,0.9231,0.8,24.192,poisson_glm_global_conformal
13302,3,13,4.677,5.899,13.168,0.3441,1.0,0.8,24.132,poisson_glm_global_conformal
13302,4,13,6.957,8.641,15.505,0.5119,0.9231,0.8,24.094,poisson_glm_global_conformal
13302,5,13,6.904,9.466,16.502,0.508,0.9231,0.8,24.078,poisson_glm_global_conformal
13302,6,13,7.079,9.915,16.56,0.5208,0.9231,0.8,23.99,poisson_glm_global_conformal
13302,7,13,5.378,6.894,14.139,0.3957,0.9231,0.8,23.917,poisson_glm_global_conformal
13302,8,13,6.871,8.77,15.406,0.5055,0.9231,0.8,23.846,poisson_glm_global_conformal
13303,1,13,2.063,2.643,39.805,0.4111,0.8462,0.8,12.149,poisson_glm_global_conformal
13303,2,13,3.123,3.642,72.643,0.6222,0.6923,0.8,12.166,poisson_glm_global_conformal
13303,3,13,2.674,2.831,30.44,0.5328,1.0,0.8,12.126,poisson_glm_global_conformal
13303,4,13,2.058,2.737,42.914,0.4099,0.9231,0.8,12.127,poisson_glm_global_conformal
13303,5,13,2.197,2.84,46.181,0.4376,0.8462,0.8,12.108,poisson_glm_global_conformal
13303,6,13,3.44,3.925,81.978,0.6854,0.6154,0.8,12.073,poisson_glm_global_conformal
13303,7,13,2.626,2.781,29.889,0.5231,1.0,0.8,12.029,poisson_glm_global_conformal
13303,8,13,1.838,2.542,38.131,0.3662,0.9231,0.8,12.004,poisson_glm_global_conformal
13401,1,13,10.815,12.379,13.031,0.6464,0.8462,0.8,38.352,poisson_glm_global_conformal
13401,2,13,7.835,8.842,9.106,0.4683,0.9231,0.8,38.357,poisson_glm_global_conformal
13401,3,13,9.036,10.239,9.801,0.5401,1.0,0.8,38.178,poisson_glm_global_conformal
13401,4,13,14.231,24.555,12.081,0.8506,0.8462,0.8,38.108,poisson_glm_global_conformal
13401,5,13,10.482,11.871,12.582,0.6266,0.8462,0.8,38.032,poisson_glm_global_conformal
13401,6,13,8.015,9.115,9.389,0.479,0.9231,0.8,37.854,poisson_glm_global_conformal
13401,7,13,10.208,11.517,10.888,0.6101,1.0,0.8,37.724,poisson_glm_global_conformal
13401,8,13,10.976,15.956,10.774,0.656,0.8462,0.8,37.592,poisson_glm_global_conformal
13402,1,13,7.085,8.832,21.624,0.9934,0.7692,0.8,20.276,poisson_glm_global_conformal
13402,2,13,4.757,5.617,19.796,0.667,0.9231,0.8,20.281,poisson_glm_global_conformal
13402,3,13,5.646,6.997,18.856,0.7917,0.9231,0.8,20.192,poisson_glm_global_conformal
13402,4,13,5.357,6.384,21.063,0.7512,0.9231,0.8,20.131,poisson_glm_global_conformal
13402,5,13,7.341,9.081,22.502,1.0294,0.6923,0.8,20.112,poisson_glm_global_conformal
13402,6,13,4.929,5.766,20.454,0.6911,0.9231,0.8,20.034,poisson_glm_global_conformal
13402,7,13,5.907,7.375,19.843,0.8282,0.9231,0.8,19.963,poisson_glm_global_conformal
13402,8,13,5.484,6.492,21.337,0.769,0.9231,0.8,19.909,poisson_glm_global_conformal
13403,1,13,2.011,2.653,30.56,1.0157,0.9231,0.8,7.679,poisson_glm_global_conformal
13403,2,13,2.085,2.739,54.444,1.0531,0.9231,0.8,7.693,poisson_glm_global_conformal
13403,3,13,2.009,2.337,79.756,1.0145,1.0,0.8,7.649,poisson_glm_global_conformal
13403,4,13,2.248,2.8,74.277,1.1353,0.7692,0.8,7.626,poisson_glm_global_conformal
13403,5,13,2.21,2.793,51.358,1.1158,0.9231,0.8,7.617,poisson_glm_global_conformal
13403,6,13,2.374,3.006,57.025,1.199,0.8462,0.8,7.583,poisson_glm_global_conformal
13403,7,13,2.522,3.393,65.067,1.2738,0.8462,0.8,7.564,poisson_glm_global_conformal
13403,8,13,2.291,2.817,79.786,1.1568,0.8462,0.8,7.535,poisson_glm_global_conformal
13404,1,13,3.238,4.157,45.369,0.6875,0.8462,0.8,14.557,poisson_glm_global_conformal
13404,2,13,3.157,3.894,23.704,0.6701,0.9231,0.8,14.57,poisson_glm_global_conformal
13404,3,13,2.007,2.789,14.318,0.426,1.0,0.8,14.521,poisson_glm_global_conformal
13404,4,13,3.789,4.73,118.842,0.8044,0.7692,0.8,14.476,poisson_glm_global_conformal
13404,5,13,2.912,3.989,41.234,0.6182,0.7692,0.8,14.447,poisson_glm_global_conformal
13404,6,13,3.474,4.02,25.82,0.7375,0.9231,0.8,14.387,poisson_glm_global_conformal
13404,7,13,2.059,2.798,14.756,0.437,1.0,0.8,14.312,poisson_glm_global_conformal
13404,8,13,3.257,4.278,113.582,0.6914,0.7692,0.8,14.266,poisson_glm_global_conformal
13501,1,13,5.748,7.483,11.694,0.5703,1.0,0.8,26.68,poisson_glm_global_conformal
13501,2,13,9.299,11.194,22.945,0.9226,0.7692,0.8,26.713,poisson_glm_global_conformal
13501,3,13,6.44,7.757,12.819,0.6389,1.0,0.8,26.721,poisson_glm_global_conformal
13501,4,13,6.735,9.313,12.41,0.6682,0.9231,0.8,26.66,poisson_glm_global_conformal
13501,5,13,6.156,7.894,12.869,0.6108,0.9231,0.8,26.599,poisson_glm_global_conformal
13501,6,13,8.438,10.539,21.677,0.8372,0.7692,0.8,26.558,poisson_glm_global_conformal
13501,7,13,6.157,7.583,12.27,0.6109,1.0,0.8,26.525,poisson_glm_global_conformal
13501,8,13,6.965,9.196,13.149,0.691,0.9231,0.8,26.511,poisson_glm_global_conformal
13502,1,13,1.709,2.115,51.335,1.1649,0.9231,0.8,5.146,poisson_glm_global_conformal
13502,2,13,1.334,1.725,56.437,0.9089,0.9231,0.8,5.148,poisson_glm_global_conformal
13502,3,13,1.525,2.221,42.736,1.0396,0.8462,0.8,5.119,poisson_glm_global_conformal
13502,4,13,1.994,2.603,51.555,1.359,0.7692,0.8,5.107,poisson_glm_global_conformal
13502,5,13,1.755,2.131,49.637,1.1964,0.9231,0.8,5.084,poisson_glm_global_conformal
13502,6,13,1.31,1.701,55.363,0.8932,0.9231,0.8,5.075,poisson_glm_global_conformal
13502,7,13,1.268,2.011,37.452,0.8646,0.9231,0.8,5.072,poisson_glm_global_conformal
13502,8,13,1.59,1.931,48.161,1.0838,0.8462,0.8,5.059,poisson_glm_global_conformal
13503,1,13,4.173,4.982,19.924,0.7427,1.0,0.8,16.915,poisson_glm_global_conformal
13503,2,13,4.69,6.776,21.795,0.8348,0.9231,0.8,16.909,poisson_glm_global_conformal
13503,3,13,4.69,5.607,22.762,0.8347,0.9231,0.8,16.869,poisson_glm_global_conformal
13503,4,13,3.951,5.148,18.807,0.7032,0.9231,0.8,16.843,poisson_glm_global_conformal
13503,5,13,4.026,4.88,19.262,0.7165,1.0,0.8,16.821,poisson_glm_global_conformal
13503,6,13,4.736,6.676,22.195,0.843,0.9231,0.8,16.751,poisson_glm_global_conformal
13503,7,13,4.398,5.484,20.337,0.7828,0.9231,0.8,16.681,poisson_glm_global_conformal
13503,8,13,3.847,5.095,17.498,0.6847,0.9231,0.8,16.599,poisson_glm_global_conformal
13504,1,13,2.579,3.145,88.461,0.9054,0.8462,0.8,9.719,poisson_glm_global_conformal
13504,2,13,2.387,2.974,50.781,0.8379,0.9231,0.8,9.69,poisson_glm_global_conformal
13504,3,13,1.54,1.8,35.232,0.5406,1.0,0.8,9.657,poisson_glm_global_conformal
13504,4,13,0.763,1.036,16.658,0.2679,1.0,0.8,9.641,poisson_glm_global_conformal
13504,5,13,2.736,3.227,92.993,0.9603,0.8462,0.8,9.625,poisson_glm_global_conformal
13504,6,13,2.306,2.953,47.966,0.8094,0.9231,0.8,9.594,poisson_glm_global_conformal
13504,7,13,1.517,1.769,34.184,0.5324,1.0,0.8,9.564,poisson_glm_global_conformal
13504,8,13,0.958,1.309,23.378,0.3363,1.0,0.8,9.527,poisson_glm_global_conformal
13505,1,13,1.53,1.84,63.815,0.5798,0.9231,0.8,7.154,poisson_glm_global_conformal
13505,2,13,2.849,3.972,36.656,1.0798,0.7692,0.8,7.164,poisson_glm_global_conformal
13505,3,13,1.671,2.109,58.902,0.6335,0.9231,0.8,7.144,poisson_glm_global_conformal
13505,4,13,2.015,2.318,46.057,0.7638,0.9231,0.8,7.141,poisson_glm_global_conformal
13505,5,13,1.522,1.826,62.132,0.577,0.9231,0.8,7.135,poisson_glm_global_conformal
13505,6,13,2.962,4.004,41.973,1.1227,0.7692,0.8,7.119,poisson_glm_global_conformal
13505,7,13,1.8,2.316,59.733,0.6822,0.8462,0.8,7.102,poisson_glm_global_conformal
13505,8,13,1.835,2.167,43.538,0.6956,0.9231,0.8,7.066,poisson_glm_global_conformal
13601,1,13,7.921,9.765,18.034,0.9925,0.7692,0.8,26.548,poisson_glm_global_conformal
13601,2,13,6.906,7.926,14.527,0.8654,0.9231,0.8,26.532,poisson_glm_global_conformal
13601,3,13,6.427,7.771,14.337,0.8054,0.8462,0.8,26.417,poisson_glm_global_conformal
13601,4,13,3.667,4.122,8.331,0.4595,1.0,0.8,26.348,poisson_glm_global_conformal
13601,5,13,8.05,9.937,18.344,1.0088,0.7692,0.8,26.264,poisson_glm_global_conformal
13601,6,13,5.899,6.534,12.711,0.7392,1.0,0.8,26.167,poisson_glm_global_conformal
13601,7,13,6.932,8.33,15.242,0.8686,0.8462,0.8,26.079,poisson_glm_global_conformal
13601,8,13,3.607,4.139,8.174,0.452,1.0,0.8,26.012,poisson_glm_global_conformal
13602,1,13,2.319,2.941,42.21,0.5176,0.9231,0.8,12.124,poisson_glm_global_conformal
13602,2,13,3.046,3.75,41.461,0.6798,0.7692,0.8,12.11,poisson_glm_global_conformal
13602,3,13,3.003,3.599,58.154,0.6703,0.8462,0.8,12.075,poisson_glm_global_conformal
13602,4,13,3.068,3.503,64.144,0.6847,0.7692,0.8,12.06,poisson_glm_global_conformal
13602,5,13,2.155,2.914,39.553,0.481,0.9231,0.8,12.027,poisson_glm_global_conformal
13602,6,13,2.858,3.62,38.448,0.6378,0.7692,0.8,11.978,poisson_glm_global_conformal
13602,7,13,2.994,3.57,57.616,0.6682,0.7692,0.8,11.919,poisson_glm_global_conformal
13602,8,13,2.771,3.286,61.065,0.6185,0.8462,0.8,11.877,poisson_glm_global_conformal
13603,1,13,4.686,6.381,23.221,0.8225,0.9231,0.8,17.104,poisson_glm_global_conformal
13603,2,13,5.408,6.364,27.748,0.9493,0.7692,0.8,17.09,poisson_glm_global_conformal
13603,3,13,4.645,5.263,29.784,0.8153,1.0,0.8,16.998,poisson_glm_global_conformal
13603,4,13,3.894,5.517,19.628,0.6836,0.9231,0.8,16.951,poisson_glm_global_conformal
13603,5,13,4.586,6.424,22.221,0.8049,0.9231,0.8,16.911,poisson_glm_global_conformal
13603,6,13,5.146,6.177,23.59,0.9031,0.7692,0.8,16.806,poisson_glm_global_conformal
13603,7,13,4.871,5.421,30.176,0.855,1.0,0.8,16.747,poisson_glm_global_conformal
13603,8,13,4.152,5.68,20.432,0.7288,0.9231,0.8,16.7,poisson_glm_global_conformal
13604,1,13,4.221,5.103,17.928,0.5179,0.9231,0.8,21.462,poisson_glm_global_conformal
13604,2,13,6.629,7.507,24.286,0.8133,0.8462,0.8,21.495,poisson_glm_global_conformal
13604,3,13,7.295,9.433,23.388,0.8949,0.6923,0.8,21.416,poisson_glm_global_conformal
13604,4,13,4.525,4.879,17.678,0.5551,1.0,0.8,21.355,poisson_glm_global_conformal
13604,5,13,4.051,5.065,17.386,0.497,0.8462,0.8,21.315,poisson_glm_global_conformal
13604,6,13,6.603,7.365,23.847,0.81,0.7692,0.8,21.199,poisson_glm_global_conformal
13604,7,13,8.252,10.353,24.959,1.0124,0.5385,0.8,21.092,poisson_glm_global_conformal
13604,8,13,4.72,5.032,18.326,0.5791,1.0,0.8,21.016,poisson_glm_global_conformal
13605,1,13,8.724,12.029,23.475,0.725,0.6923,0.8,25.036,poisson_glm_global_conformal
13605,2,13,6.561,7.947,16.57,0.5452,1.0,0.8,25.062,poisson_glm_global_conformal
13605,3,13,6.707,8.971,14.755,0.5574,0.9231,0.8,24.962,poisson_glm_global_conformal
13605,4,13,5.97,6.976,16.943,0.4961,0.8462,0.8,24.89,poisson_glm_global_conformal
13605,5,13,8.242,11.57,20.465,0.685,0.7692,0.8,24.854,poisson_glm_global_conformal
13605,6,13,5.778,7.588,13.896,0.4802,1.0,0.8,24.765,poisson_glm_global_conformal
13605,7,13,6.481,8.883,14.12,0.5386,0.9231,0.8,24.694,poisson_glm_global_conformal
13605,8,13,5.707,6.692,16.223,0.4742,0.8462,0.8,24.617,poisson_glm_global_conformal
RM,1,13,189.465,318.073,11.506,0.8524,0.8462,0.8,484.786,poisson_glm_global_conformal
RM,2,13,123.782,172.084,6.135,0.5569,0.8462,0.8,450.132,poisson_glm_global_conformal
RM,3,13,111.191,141.105,5.317,0.5002,0.9231,0.8,511.141,poisson_glm_global_conformal
RM,4,13,76.168,109.801,3.482,0.3427,0.9231,0.8,475.419,poisson_glm_global_conformal
RM,5,13,179.614,331.51,11.295,0.8081,0.8462,0.8,482.158,poisson_glm_global_conformal
RM,6,13,163.933,206.126,8.188,0.7375,0.7692,0.8,501.804,poisson_glm_global_conformal
RM,7,13,134.635,169.181,6.492,0.6057,0.8462,0.8,538.093,poisson_glm_global_conformal
RM,8,13,107.119,133.436,5.074,0.4819,1.0,0.8,525.343,poisson_glm_global_conformal
13101,1,13,9.149,12.711,16.651,0.6943,0.8462,0.8,28.535,lightgbm_global_conformal
13101,2,13,10.116,13.55,20.13,0.7677,0.8462,0.8,29.048,lightgbm_global_conformal
13101,3,13,7.769,9.234,11.256,0.5896,0.9231,0.8,29.498,lightgbm_global_conformal
13101,4,13,4.151,5.874,6.352,0.315,1.0,0.8,29.631,lightgbm_global_conformal
13101,5,13,9.849,13.063,17.756,0.7474,0.9231,0.8,29.378,lightgbm_global_conformal
13101,6,13,12.621,15.012,24.045,0.9577,0.6154,0.8,29.334,lightgbm_global_conformal
13101,7,13,7.816,9.079,11.071,0.5931,0.9231,0.8,29.571,lightgbm_global_conformal
13101,8,13,4.801,5.741,7.146,0.3643,1.0,0.8,29.657,lightgbm_global_conformal
13102,1,13,5.062,6.409,24.423,0.619,0.9231,0.8,17.872,lightgbm_global_conformal
13102,2,13,6.642,8.515,31.562,0.8123,0.6923,0.8,18.061,lightgbm_global_conformal
13102,3,13,4.564,6.138,16.961,0.5581,0.9231,0.8,18.196,lightgbm_global_conformal
13102,4,13,8.975,11.149,27.861,1.0975,0.6923,0.8,18.309,lightgbm_global_conformal
13102,5,13,6.047,7.323,25.552,0.7395,0.8462,0.8,18.109,lightgbm_global_conformal
13102,6,13,6.79,8.026,30.874,0.8303,0.6923,0.8,18.044,lightgbm_global_conformal
13102,7,13,5.942,8.16,20.729,0.7266,0.7692,0.8,18.075,lightgbm_global_conformal
13102,8,13,9.731,11.967,29.677,1.1899,0.5385,0.8,18.091,lightgbm_global_conformal
13103,1,13,14.075,21.108,32.896,0.4671,0.6923,0.8,30.347,lightgbm_global_conformal
13103,2,13,13.698,15.744,22.056,0.4546,0.7692,0.8,30.948,lightgbm_global_conformal
13103,3,13,9.356,10.142,13.107,0.3105,0.8462,0.8,31.682,lightgbm_global_conformal
13103,4,13,9.17,10.809,12.266,0.3043,0.8462,0.8,32.045,lightgbm_global_conformal
13103,5,13,13.398,22.578,33.49,0.4447,0.7692,0.8,31.963,lightgbm_global_conformal
13103,6,13,15.315,17.793,24.811,0.5083,0.6154,0.8,31.77,lightgbm_global_conformal
13103,7,13,9.712,11.226,13.44,0.3223,0.6923,0.8,31.963,lightgbm_global_conformal
13103,8,13,9.652,11.262,13.851,0.3203,0.6923,0.8,31.695,lightgbm_global_conformal
13104,1,13,9.432,12.093,28.237,0.7737,0.7692,0.8,21.648,lightgbm_global_conformal
13104,2,13,6.718,9.031,19.932,0.5511,0.7692,0.8,22.092,lightgbm_global_conformal
13104,3,13,5.015,6.136,16.073,0.4114,0.9231,0.8,22.446,lightgbm_global_conformal
13104,4,13,7.003,8.104,17.837,0.5745,0.8462,0.8,22.601,lightgbm_global_conformal
13104,5,13,9.202,12.068,27.424,0.7548,0.6923,0.8,22.409,lightgbm_global_conformal
13104,6,13,6.977,8.291,21.461,0.5723,0.6154,0.8,22.334,lightgbm_global_conformal
13104,7,13,5.281,6.48,16.936,0.4332,0.9231,0.8,22.504,lightgbm_global_conformal
13104,8,13,6.697,7.692,17.199,0.5493,0.9231,0.8,22.477,lightgbm_global_conformal
13105,1,13,8.505,10.81,27.904,1.0956,0.7692,0.8,19.306,lightgbm_global_conformal
13105,2,13,6.606,8.674,18.758,0.851,0.7692,0.8,19.817,lightgbm_global_conformal
13105,3,13,9.376,19.563,18.119,1.2077,0.8462,0.8,20.169,lightgbm_global_conformal
13105,4,13,4.185,5.019,13.651,0.5391,1.0,0.8,20.418,lightgbm_global_conformal
13105,5,13,8.363,10.952,27.836,1.0772,0.7692,0.8,20.36,lightgbm_global_conformal
13105,6,13,5.974,8.266,16.438,0.7695,0.7692,0.8,20.072,lightgbm_global_conformal
13105,7,13,9.037,19.327,16.481,1.1641,0.8462,0.8,20.106,lightgbm_global_conformal
13105,8,13,4.052,4.744,13.243,0.5219,1.0,0.8,20.229,lightgbm_global_conformal
13106,1,13,4.609,5.411,22.936,0.6958,0.7692,0.8,15.328,lightgbm_global_conformal
13106,2,13,3.374,4.032,20.708,0.5093,0.9231,0.8,15.572,lightgbm_global_conformal
13106,3,13,4.197,5.06,22.233,0.6335,0.8462,0.8,15.74,lightgbm_global_conformal
13106,4,13,4.594,5.27,25.144,0.6934,0.8462,0.8,15.882,lightgbm_global_conformal
13106,5,13,4.468,5.313,21.878,0.6745,0.8462,0.8,15.903,lightgbm_global_conformal
13106,6,13,3.114,4.051,19.322,0.47,0.9231,0.8,15.759,lightgbm_global_conformal
13106,7,13,4.255,5.138,23.341,0.6423,0.9231,0.8,15.871,lightgbm_global_conformal
13106,8,13,4.125,4.71,24.184,0.6226,0.9231,0.8,15.899,lightgbm_global_conformal
13107,1,13,5.335,6.368,25.385,0.3417,0.7692,0.8,18.073,lightgbm_global_conformal
13107,2,13,3.949,4.976,15.021,0.2529,0.9231,0.8,18.543,lightgbm_global_conformal
13107,3,13,6.316,7.522,28.611,0.4046,0.7692,0.8,18.978,lightgbm_global_conformal
13107,4,13,6.6,7.859,25.144,0.4228,0.6923,0.8,19.342,lightgbm_global_conformal
13107,5,13,5.719,7.478,26.682,0.3663,0.8462,0.8,19.343,lightgbm_global_conformal
13107,6,13,4.035,5.256,15.994,0.2585,0.9231,0.8,18.924,lightgbm_global_conformal
13107,7,13,6.308,7.138,27.697,0.404,0.7692,0.8,19.187,lightgbm_global_conformal
13107,8,13,7.065,9.308,25.324,0.4526,0.7692,0.8,19.258,lightgbm_global_conformal
13108,1,13,9.404,12.882,30.525,0.5868,0.6923,0.8,23.858,lightgbm_global_conformal
13108,2,13,6.862,8.425,18.286,0.4282,0.8462,0.8,24.127,lightgbm_global_conformal
13108,3,13,9.182,11.874,18.453,0.5729,0.6923,0.8,24.84,lightgbm_global_conformal
13108,4,13,7.746,9.281,17.932,0.4833,0.8462,0.8,24.988,lightgbm_global_conformal
13108,5,13,7.227,11.806,24.526,0.451,0.7692,0.8,24.601,lightgbm_global_conformal
13108,6,13,7.339,8.867,19.634,0.4579,0.8462,0.8,24.607,lightgbm_global_conformal
13108,7,13,8.723,11.271,16.638,0.5443,0.7692,0.8,24.724,lightgbm_global_conformal
13108,8,13,8.018,10.407,18.135,0.5003,0.7692,0.8,24.603,lightgbm_global_conformal
13109,1,13,2.914,3.59,35.139,0.6987,0.7692,0.8,9.578,lightgbm_global_conformal
13109,2,13,1.948,2.582,22.221,0.4671,0.9231,0.8,9.675,lightgbm_global_conformal
13109,3,13,1.626,2.059,24.607,0.3898,1.0,0.8,9.968,lightgbm_global_conformal
13109,4,13,2.847,3.379,33.875,0.6825,0.9231,0.8,10.063,lightgbm_global_conformal
13109,5,13,2.615,3.367,31.483,0.6269,0.7692,0.8,9.976,lightgbm_global_conformal
13109,6,13,1.968,2.476,23.326,0.4719,0.9231,0.8,10.014,lightgbm_global_conformal
13109,7,13,1.655,1.984,27.078,0.3967,1.0,0.8,9.997,lightgbm_global_conformal
13109,8,13,2.902,3.395,37.024,0.6957,0.9231,0.8,9.969,lightgbm_global_conformal
13110,1,13,12.578,15.733,18.018,1.0246,0.6154,0.8,31.249,lightgbm_global_conformal
13110,2,13,12.48,16.293,12.846,1.0166,0.6154,0.8,31.283,lightgbm_global_conformal
13110,3,13,12.729,14.37,14.632,1.0369,0.6923,0.8,32.1,lightgbm_global_conformal
13110,4,13,16.745,19.898,18.632,1.364,0.5385,0.8,31.895,lightgbm_global_conformal
13110,5,13,12.966,14.576,17.548,1.0562,0.7692,0.8,31.806,lightgbm_global_conformal
13110,6,13,13.145,16.729,13.761,1.0707,0.6923,0.8,31.342,lightgbm_global_conformal
13110,7,13,12.883,16.319,14.339,1.0494,0.6923,0.8,31.558,lightgbm_global_conformal
13110,8,13,20.045,23.082,21.957,1.6328,0.4615,0.8,31.295,lightgbm_global_conformal
13111,1,13,7.683,9.369,52.107,1.2776,0.6923,0.8,17.728,lightgbm_global_conformal
13111,2,13,5.172,6.697,22.49,0.8601,0.7692,0.8,17.719,lightgbm_global_conformal
13111,3,13,5.349,5.92,17.926,0.8895,0.9231,0.8,18.1,lightgbm_global_conformal
13111,4,13,6.561,7.869,23.07,1.0911,0.8462,0.8,18.041,lightgbm_global_conformal
13111,5,13,7.478,9.193,44.554,1.2436,0.5385,0.8,17.55,lightgbm_global_conformal
13111,6,13,5.749,7.241,23.202,0.9561,0.7692,0.8,17.52,lightgbm_global_conformal
13111,7,13,5.945,7.302,19.079,0.9887,0.6923,0.8,17.392,lightgbm_global_conformal
13111,8,13,8.506,9.887,27.051,1.4145,0.6154,0.8,17.416,lightgbm_global_conformal
13112,1,13,10.665,12.27,25.026,0.9873,0.6923,0.8,23.724,lightgbm_global_conformal
13112,2,13,7.754,9.465,15.411,0.7178,0.8462,0.8,24.16,lightgbm_global_conformal
13112,3,13,10.002,12.351,23.486,0.9258,0.6154,0.8,24.572,lightgbm_global_conformal
13112,4,13,8.271,11.503,20.042,0.7656,0.6154,0.8,24.779,lightgbm_global_conformal
13112,5,13,10.387,12.654,24.821,0.9615,0.7692,0.8,24.73,lightgbm_global_conformal
13112,6,13,9.346,10.712,20.078,0.8651,0.7692,0.8,24.665,lightgbm_global_conformal
13112,7,13,11.028,12.904,25.435,1.0208,0.4615,0.8,24.345,lightgbm_global_conformal
13112,8,13,9.39,13.084,21.813,0.8693,0.6923,0.8,24.408,lightgbm_global_conformal
13113,1,13,3.053,3.845,26.689,0.6058,0.8462,0.8,12.489,lightgbm_global_conformal
13113,2,13,2.228,2.67,17.801,0.4421,1.0,0.8,12.554,lightgbm_global_conformal
13113,3,13,2.703,3.15,21.208,0.5364,1.0,0.8,12.804,lightgbm_global_conformal
13113,4,13,3.048,4.005,19.698,0.6049,0.9231,0.8,12.927,lightgbm_global_conformal
13113,5,13,3.352,4.33,25.378,0.6652,0.9231,0.8,12.791,lightgbm_global_conformal
13113,6,13,2.849,3.292,22.045,0.5654,1.0,0.8,12.71,lightgbm_global_conformal
13113,7,13,2.317,2.892,14.826,0.4598,1.0,0.8,12.774,lightgbm_global_conformal
13113,8,13,3.173,4.198,20.547,0.6296,0.9231,0.8,12.86,lightgbm_global_conformal
13114,1,13,4.623,5.811,146.494,0.717,0.6154,0.8,9.997,lightgbm_global_conformal
13114,2,13,5.167,6.115,185.769,0.8014,0.4615,0.8,9.978,lightgbm_global_conformal
13114,3,13,3.502,3.883,64.822,0.5432,0.8462,0.8,10.298,lightgbm_global_conformal
13114,4,13,3.555,4.509,74.662,0.5513,0.8462,0.8,10.501,lightgbm_global_conformal
13114,5,13,4.469,5.319,125.702,0.6932,0.5385,0.8,10.301,lightgbm_global_conformal
13114,6,13,6.08,6.86,222.953,0.943,0.2308,0.8,10.402,lightgbm_global_conformal
13114,7,13,3.237,3.576,62.991,0.502,0.6923,0.8,10.267,lightgbm_global_conformal
13114,8,13,3.992,4.94,89.273,0.6192,0.6923,0.8,10.519,lightgbm_global_conformal
13115,1,13,1.407,1.944,26.372,0.7664,0.7692,0.8,5.536,lightgbm_global_conformal
13115,2,13,1.292,1.645,50.811,0.7039,0.8462,0.8,5.448,lightgbm_global_conformal
13115,3,13,1.808,2.289,73.52,0.9847,0.7692,0.8,5.471,lightgbm_global_conformal
13115,4,13,1.758,1.988,68.419,0.958,0.8462,0.8,5.668,lightgbm_global_conformal
13115,5,13,1.523,2.01,29.124,0.8296,0.8462,0.8,5.599,lightgbm_global_conformal
13115,6,13,1.166,1.508,50.14,0.6351,0.9231,0.8,5.418,lightgbm_global_conformal
13115,7,13,1.94,2.299,75.621,1.057,0.7692,0.8,5.539,lightgbm_global_conformal
13115,8,13,1.791,2.042,67.701,0.9757,0.7692,0.8,5.539,lightgbm_global_conformal
13116,1,13,4.785,6.346,17.105,0.5355,0.9231,0.8,19.916,lightgbm_global_conformal
13116,2,13,7.012,8.055,22.479,0.7848,0.7692,0.8,20.161,lightgbm_global_conformal
13116,3,13,5.004,6.169,14.816,0.5601,0.9231,0.8,20.361,lightgbm_global_conformal
13116,4,13,4.46,6.151,11.718,0.4992,0.8462,0.8,20.581,lightgbm_global_conformal
13116,5,13,4.98,6.762,17.347,0.5574,0.8462,0.8,20.547,lightgbm_global_conformal
13116,6,13,6.637,7.342,22.499,0.7429,0.8462,0.8,20.479,lightgbm_global_conformal
13116,7,13,4.503,5.771,12.331,0.504,0.9231,0.8,20.613,lightgbm_global_conformal
13116,8,13,3.676,5.255,9.804,0.4114,0.8462,0.8,20.475,lightgbm_global_conformal
13117,1,13,6.908,9.961,19.116,0.9252,0.7692,0.8,21.405,lightgbm_global_conformal
13117,2,13,6.155,9.582,12.912,0.8243,0.8462,0.8,21.689,lightgbm_global_conformal
13117,3,13,3.797,4.724,11.055,0.5085,1.0,0.8,22.041,lightgbm_global_conformal
13117,4,13,6.5,7.744,16.738,0.8705,0.7692,0.8,22.029,lightgbm_global_conformal
13117,5,13,6.485,8.909,17.559,0.8685,0.7692,0.8,22.06,lightgbm_global_conformal
13117,6,13,5.469,9.332,12.034,0.7325,0.9231,0.8,21.71,lightgbm_global_conformal
13117,7,13,4.94,6.199,13.852,0.6616,0.8462,0.8,21.977,lightgbm_global_conformal
13117,8,13,6.586,7.355,17.043,0.882,1.0,0.8,21.924,lightgbm_global_conformal
13118,1,13,3.353,4.512,59.139,0.684,0.6923,0.8,10.173,lightgbm_global_conformal
13118,2,13,3.636,4.176,46.115,0.7418,0.7692,0.8,10.384,lightgbm_global_conformal
13118,3,13,3.031,3.542,58.331,0.6184,0.8462,0.8,10.624,lightgbm_global_conformal
13118,4,13,2.306,2.828,43.41,0.4706,0.9231,0.8,10.667,lightgbm_global_conformal
13118,5,13,3.274,4.299,58.19,0.6679,0.7692,0.8,10.542,lightgbm_global_conformal
13118,6,13,5.105,7.539,49.593,1.0416,0.6154,0.8,10.468,lightgbm_global_conformal
13118,7,13,2.684,3.049,45.819,0.5477,0.9231,0.8,10.516,lightgbm_global_conformal
13118,8,13,2.346,2.726,42.465,0.4787,0.9231,0.8,10.568,lightgbm_global_conformal
13119,1,13,14.569,16.906,19.175,0.9582,0.6154,0.8,32.611,lightgbm_global_conformal
13119,2,13,10.128,12.575,11.969,0.6662,0.7692,0.8,33.013,lightgbm_global_conformal
13119,3,13,10.649,13.58,12.299,0.7004,0.7692,0.8,33.563,lightgbm_global_conformal
13119,4,13,13.994,16.048,14.797,0.9204,0.6923,0.8,33.525,lightgbm_global_conformal
13119,5,13,15.353,19.068,20.436,1.0098,0.5385,0.8,33.67,lightgbm_global_conformal
13119,6,13,14.115,16.795,16.4,0.9284,0.6923,0.8,33.277,lightgbm_global_conformal
13119,7,13,16.129,18.29,18.348,1.0609,0.6923,0.8,33.524,lightgbm_global_conformal
13119,8,13,13.878,17.047,14.601,0.9128,0.6154,0.8,33.286,lightgbm_global_conformal
13120,1,13,6.734,7.931,28.875,0.8565,0.8462,0.8,18.881,lightgbm_global_conformal
13120,2,13,6.894,8.611,24.77,0.8769,0.8462,0.8,19.07,lightgbm_global_conformal
13120,3,13,6.026,7.346,17.504,0.7665,0.7692,0.8,19.415,lightgbm_global_conformal
13120,4,13,4.105,4.949,14.967,0.5222,0.9231,0.8,19.603,lightgbm_global_conformal
13120,5,13,5.96,6.865,25.69,0.7581,0.9231,0.8,19.484,lightgbm_global_conformal
13120,6,13,6.79,8.777,24.882,0.8636,0.7692,0.8,19.27,lightgbm_global_conformal
13120,7,13,5.811,7.367,16.914,0.7392,0.8462,0.8,19.431,lightgbm_global_conformal
13120,8,13,4.256,5.257,15.986,0.5414,0.9231,0.8,19.48,lightgbm_global_conformal
13121,1,13,7.039,9.652,28.693,0.9083,0.6923,0.8,19.8,lightgbm_global_conformal
13121,2,13,6.85,7.91,25.018,0.8839,0.6923,0.8,20.006,lightgbm_global_conformal
13121,3,13,4.557,5.313,14.005,0.588,0.9231,0.8,20.48,lightgbm_global_conformal
13121,4,13,6.082,7.407,16.941,0.7848,0.8462,0.8,20.632,lightgbm_global_conformal
13121,5,13,7.034,9.154,28.321,0.9077,0.9231,0.8,20.476,lightgbm_global_conformal
13121,6,13,6.143,7.295,22.312,0.7926,0.7692,0.8,20.207,lightgbm_global_conformal
13121,7,13,4.715,5.356,15.06,0.6083,1.0,0.8,20.51,lightgbm_global_conformal
13121,8,13,6.222,7.453,17.945,0.8029,0.8462,0.8,20.459,lightgbm_global_conformal
13122,1,13,9.778,12.978,23.331,0.7135,0.7692,0.8,25.495,lightgbm_global_conformal
13122,2,13,6.628,7.609,12.77,0.4837,0.9231,0.8,25.715,lightgbm_global_conformal
13122,3,13,7.771,9.477,15.672,0.5671,0.8462,0.8,26.242,lightgbm_global_conformal
13122,4,13,9.162,11.466,17.248,0.6685,0.7692,0.8,26.351,lightgbm_global_conformal
13122,5,13,9.862,12.912,23.241,0.7196,0.7692,0.8,26.306,lightgbm_global_conformal
13122,6,13,5.796,6.902,10.495,0.423,1.0,0.8,25.87,lightgbm_global_conformal
13122,7,13,7.161,8.252,13.189,0.5226,1.0,0.8,26.153,lightgbm_global_conformal
13122,8,13,9.666,11.95,17.339,0.7054,0.7692,0.8,26.068,lightgbm_global_conformal
13123,1,13,12.69,15.541,29.006,0.898,0.5385,0.8,25.009,lightgbm_global_conformal
13123,2,13,8.62,10.615,16.359,0.61,0.8462,0.8,25.357,lightgbm_global_conformal
13123,3,13,9.687,11.505,18.656,0.6855,0.6923,0.8,26.013,lightgbm_global_conformal
13123,4,13,15.954,29.685,21.119,1.129,0.8462,0.8,26.451,lightgbm_global_conformal
13123,5,13,10.445,14.123,25.811,0.7391,0.7692,0.8,26.125,lightgbm_global_conformal
13123,6,13,10.58,12.553,19.665,0.7487,0.6923,0.8,25.546,lightgbm_global_conformal
13123,7,13,9.424,11.353,17.432,0.6669,0.6923,0.8,25.728,lightgbm_global_conformal
13123,8,13,17.003,31.289,22.639,1.2032,0.6154,0.8,26.069,lightgbm_global_conformal
13124,1,13,9.531,12.446,22.877,0.7109,0.6923,0.8,25.949,lightgbm_global_conformal
13124,2,13,8.818,9.946,17.088,0.6577,0.8462,0.8,26.263,lightgbm_global_conformal
13124,3,13,6.127,7.492,11.655,0.4569,0.8462,0.8,26.644,lightgbm_global_conformal
13124,4,13,8.78,12.1,15.071,0.6548,0.8462,0.8,26.816,lightgbm_global_conformal
13124,5,13,9.06,13.576,22.76,0.6757,0.7692,0.8,26.628,lightgbm_global_conformal
13124,6,13,9.283,10.737,17.137,0.6924,0.7692,0.8,26.581,lightgbm_global_conformal
13124,7,13,7.759,10.438,13.423,0.5787,0.8462,0.8,26.768,lightgbm_global_conformal
13124,8,13,7.508,9.994,14.123,0.56,0.8462,0.8,26.737,lightgbm_global_conformal
13125,1,13,12.465,15.247,24.637,1.1225,0.6154,0.8,27.449,lightgbm_global_conformal
13125,2,13,8.868,11.159,15.095,0.7985,0.6923,0.8,27.807,lightgbm_global_conformal
13125,3,13,7.902,9.529,14.385,0.7116,0.9231,0.8,28.376,lightgbm_global_conformal
13125,4,13,8.854,10.749,14.744,0.7973,0.7692,0.8,28.603,lightgbm_global_conformal
13125,5,13,12.55,14.434,24.983,1.1301,0.6154,0.8,28.546,lightgbm_global_conformal
13125,6,13,10.531,13.626,19.534,0.9483,0.6923,0.8,28.326,lightgbm_global_conformal
13125,7,13,8.847,10.548,16.532,0.7967,0.7692,0.8,28.458,lightgbm_global_conformal
13125,8,13,8.015,9.648,14.329,0.7217,0.8462,0.8,28.475,lightgbm_global_conformal
13126,1,13,2.811,3.947,15.994,0.4619,0.9231,0.8,14.183,lightgbm_global_conformal
13126,2,13,5.216,6.267,28.766,0.8572,0.7692,0.8,14.341,lightgbm_global_conformal
13126,3,13,2.471,3.315,12.241,0.4061,0.9231,0.8,14.559,lightgbm_global_conformal
13126,4,13,4.568,5.23,27.049,0.7506,0.7692,0.8,14.61,lightgbm_global_conformal
13126,5,13,4.118,5.362,22.943,0.6767,0.9231,0.8,14.604,lightgbm_global_conformal
13126,6,13,5.277,6.025,28.925,0.8671,0.6923,0.8,14.453,lightgbm_global_conformal
13126,7,13,3.466,4.287,16.573,0.5696,0.9231,0.8,14.506,lightgbm_global_conformal
13126,8,13,5.11,5.834,27.754,0.8396,0.8462,0.8,14.549,lightgbm_global_conformal
13127,1,13,61.206,83.315,20.5,0.6847,0.5385,0.8,66.179,lightgbm_global_conformal
13127,2,13,43.249,53.144,11.672,0.4838,0.4615,0.8,67.411,lightgbm_global_conformal
13127,3,13,48.782,57.439,13.306,0.5457,0.4615,0.8,68.754,lightgbm_global_conformal
13127,4,13,39.052,46.437,10.319,0.4368,0.5385,0.8,69.188,lightgbm_global_conformal
13127,5,13,62.062,78.47,20.119,0.6942,0.3846,0.8,68.641,lightgbm_global_conformal
13127,6,13,45.72,52.95,12.795,0.5114,0.3077,0.8,68.822,lightgbm_global_conformal
13127,7,13,45.191,52.396,12.581,0.5055,0.4615,0.8,68.549,lightgbm_global_conformal
13127,8,13,38.661,45.653,9.912,0.4325,0.5385,0.8,68.445,lightgbm_global_conformal
13128,1,13,8.408,10.58,23.569,0.9308,0.6923,0.8,21.045,lightgbm_global_conformal
13128,2,13,9.275,10.843,27.676,1.0268,0.5385,0.8,21.389,lightgbm_global_conformal
13128,3,13,5.449,6.576,16.016,0.6032,0.9231,0.8,21.844,lightgbm_global_conformal
13128,4,13,3.657,4.822,9.836,0.4049,1.0,0.8,21.94,lightgbm_global_conformal
13128,5,13,7.893,10.599,21.893,0.8738,0.8462,0.8,21.748,lightgbm_global_conformal
13128,6,13,9.024,10.685,26.938,0.999,0.6154,0.8,21.662,lightgbm_global_conformal
13128,7,13,5.996,7.184,17.891,0.6638,0.7692,0.8,21.764,lightgbm_global_conformal
13128,8,13,3.368,4.617,8.583,0.3728,1.0,0.8,21.686,lightgbm_global_conformal
13129,1,13,4.615,6.033,30.448,0.8692,0.7692,0.8,14.522,lightgbm_global_conformal
13129,2,13,2.788,4.319,17.559,0.5252,0.8462,0.8,14.707,lightgbm_global_conformal
13129,3,13,3.513,4.52,32.22,0.6617,0.7692,0.8,15.074,lightgbm_global_conformal
13129,4,13,4.29,5.233,30.807,0.8081,0.8462,0.8,15.283,lightgbm_global_conformal
13129,5,13,3.589,4.734,27.319,0.6759,0.8462,0.8,15.164,lightgbm_global_conformal
13129,6,13,2.717,3.714,16.903,0.5117,0.9231,0.8,14.94,lightgbm_global_conformal
13129,7,13,3.666,4.671,32.333,0.6906,0.7692,0.8,15.004,lightgbm_global_conformal
13129,8,13,3.919,4.958,28.179,0.7381,0.7692,0.8,15.034,lightgbm_global_conformal
13130,1,13,8.867,14.156,16.234,0.4314,0.7692,0.8,29.979,lightgbm_global_conformal
13130,2,13,9.244,11.679,15.688,0.4498,0.7692,0.8,30.379,lightgbm_global_conformal
13130,3,13,7.425,9.033,9.709,0.3612,0.8462,0.8,31.235,lightgbm_global_conformal
13130,4,13,10.383,12.189,14.576,0.5052,0.8462,0.8,31.772,lightgbm_global_conformal
13130,5,13,12.149,16.677,21.217,0.5911,0.7692,0.8,31.573,lightgbm_global_conformal
13130,6,13,11.386,14.159,19.146,0.554,0.6923,0.8,31.343,lightgbm_global_conformal
13130,7,13,8.806,10.01,12.127,0.4284,0.9231,0.8,31.538,lightgbm_global_conformal
13130,8,13,9.064,11.601,13.045,0.441,0.8462,0.8,31.388,lightgbm_global_conformal
13131,1,13,8.083,11.114,15.863,0.445,0.8462,0.8,26.767,lightgbm_global_conformal
13131,2,13,6.491,7.948,11.522,0.3574,0.8462,0.8,27.413,lightgbm_global_conformal
13131,3,13,9.464,12.861,13.576,0.521,0.6154,0.8,27.766,lightgbm_global_conformal
13131,4,13,10.714,13.364,15.602,0.5898,0.8462,0.8,27.945,lightgbm_global_conformal
13131,5,13,8.349,10.839,16.045,0.4597,0.8462,0.8,27.862,lightgbm_global_conformal
13131,6,13,6.874,8.254,11.528,0.3784,0.9231,0.8,27.322,lightgbm_global_conformal
13131,7,13,8.826,12.346,12.126,0.4859,0.7692,0.8,27.394,lightgbm_global_conformal
13131,8,13,12.246,14.666,17.433,0.6742,0.7692,0.8,27.482,lightgbm_global_conformal
13201,1,13,11.669,18.165,12.165,0.4375,0.8462,0.8,37.209,lightgbm_global_conformal
13201,2,13,10.495,11.517,8.983,0.3935,0.9231,0.8,37.831,lightgbm_global_conformal
13201,3,13,8.541,10.693,7.504,0.3202,0.9231,0.8,38.693,lightgbm_global_conformal
13201,4,13,10.404,13.24,8.454,0.3901,0.6923,0.8,38.766,lightgbm_global_conformal
13201,5,13,13.255,19.699,13.518,0.497,0.9231,0.8,38.815,lightgbm_global_conformal
13201,6,13,11.101,12.629,9.46,0.4162,0.7692,0.8,38.426,lightgbm_global_conformal
13201,7,13,8.951,10.963,7.7,0.3356,0.9231,0.8,38.785,lightgbm_global_conformal
13201,8,13,12.466,15.411,9.809,0.4674,0.6923,0.8,38.646,lightgbm_global_conformal
13202,1,13,1.813,2.339,69.281,0.5613,0.9231,0.8,8.135,lightgbm_global_conformal
13202,2,13,1.424,1.836,28.572,0.4409,0.9231,0.8,8.244,lightgbm_global_conformal
13202,3,13,1.654,1.915,36.338,0.512,1.0,0.8,8.464,lightgbm_global_conformal
13202,4,13,2.582,3.253,56.814,0.7992,0.7692,0.8,8.507,lightgbm_global_conformal
13202,5,13,1.911,2.38,68.937,0.5916,0.9231,0.8,8.417,lightgbm_global_conformal
13202,6,13,1.253,1.636,28.157,0.3878,1.0,0.8,8.329,lightgbm_global_conformal
13202,7,13,1.805,2.146,35.71,0.5588,0.9231,0.8,8.431,lightgbm_global_conformal
13202,8,13,2.716,3.382,65.261,0.8408,0.7692,0.8,8.454,lightgbm_global_conformal
13203,1,13,2.497,3.293,39.959,0.6369,0.7692,0.8,9.781,lightgbm_global_conformal
13203,2,13,2.77,3.091,54.062,0.7064,0.9231,0.8,9.983,lightgbm_global_conformal
13203,3,13,2.688,3.354,26.764,0.6855,0.8462,0.8,10.237,lightgbm_global_conformal
13203,4,13,2.079,2.217,25.255,0.5303,1.0,0.8,10.375,lightgbm_global_conformal
13203,5,13,3.339,4.323,45.11,0.8514,0.6923,0.8,10.269,lightgbm_global_conformal
13203,6,13,3.042,3.559,104.326,0.7759,0.8462,0.8,10.337,lightgbm_global_conformal
13203,7,13,2.395,2.972,23.229,0.6109,0.9231,0.8,10.399,lightgbm_global_conformal
13203,8,13,1.909,2.097,22.828,0.487,1.0,0.8,10.374,lightgbm_global_conformal
13301,1,13,7.5,10.634,25.549,0.3782,0.6923,0.8,21.696,lightgbm_global_conformal
13301,2,13,6.749,8.388,24.266,0.3404,0.6923,0.8,22.096,lightgbm_global_conformal
13301,3,13,6.948,8.645,20.763,0.3504,0.8462,0.8,22.776,lightgbm_global_conformal
13301,4,13,6.678,8.475,17.694,0.3368,0.8462,0.8,22.783,lightgbm_global_conformal
13301,5,13,7.533,10.811,26.993,0.3799,0.8462,0.8,22.727,lightgbm_global_conformal
13301,6,13,7.517,9.579,27.634,0.3791,0.6154,0.8,22.603,lightgbm_global_conformal
13301,7,13,6.494,9.08,19.974,0.3275,0.7692,0.8,23.03,lightgbm_global_conformal
13301,8,13,7.079,8.596,19.322,0.357,0.8462,0.8,22.914,lightgbm_global_conformal
13302,1,13,7.269,9.67,21.701,0.5348,0.6923,0.8,21.354,lightgbm_global_conformal
13302,2,13,8.499,10.39,21.108,0.6253,0.7692,0.8,21.597,lightgbm_global_conformal
13302,3,13,4.626,5.725,13.734,0.3404,0.9231,0.8,21.773,lightgbm_global_conformal
13302,4,13,5.267,7.685,11.604,0.3875,0.8462,0.8,21.994,lightgbm_global_conformal
13302,5,13,6.636,9.005,17.66,0.4883,0.6923,0.8,21.867,lightgbm_global_conformal
13302,6,13,8.501,11.137,20.703,0.6254,0.7692,0.8,21.638,lightgbm_global_conformal
13302,7,13,4.083,5.696,11.604,0.3004,0.9231,0.8,21.866,lightgbm_global_conformal
13302,8,13,6.75,9.274,15.419,0.4966,0.8462,0.8,21.645,lightgbm_global_conformal
13303,1,13,1.859,2.431,36.271,0.3703,0.8462,0.8,9.966,lightgbm_global_conformal
13303,2,13,3.121,3.681,71.137,0.6217,0.7692,0.8,10.212,lightgbm_global_conformal
13303,3,13,2.694,2.952,29.446,0.5367,1.0,0.8,10.365,lightgbm_global_conformal
13303,4,13,1.939,2.485,38.764,0.3862,0.9231,0.8,10.582,lightgbm_global_conformal
13303,5,13,2.19,2.828,45.761,0.4362,0.8462,0.8,10.588,lightgbm_global_conformal
13303,6,13,3.591,4.135,84.619,0.7155,0.6923,0.8,10.52,lightgbm_global_conformal
13303,7,13,2.707,2.933,31.163,0.5393,1.0,0.8,10.634,lightgbm_global_conformal
13303,8,13,1.739,2.49,36.032,0.3464,0.8462,0.8,10.669,lightgbm_global_conformal
13401,1,13,12.608,15.914,15.355,0.7536,0.6923,0.8,32.452,lightgbm_global_conformal
13401,2,13,8.182,9.047,9.42,0.489,1.0,0.8,32.702,lightgbm_global_conformal
13401,3,13,9.629,11.253,10.384,0.5755,0.8462,0.8,33.364,lightgbm_global_conformal
13401,4,13,16.853,26.357,14.754,1.0073,0.8462,0.8,33.505,lightgbm_global_conformal
13401,5,13,12.844,14.33,15.494,0.7677,0.6154,0.8,33.765,lightgbm_global_conformal
13401,6,13,8.969,10.374,10.491,0.5361,0.9231,0.8,33.221,lightgbm_global_conformal
13401,7,13,10.482,12.507,11.116,0.6265,0.7692,0.8,33.453,lightgbm_global_conformal
13401,8,13,12.391,17.36,12.293,0.7407,0.7692,0.8,33.494,lightgbm_global_conformal
13402,1,13,6.413,7.584,20.17,0.8992,0.6923,0.8,17.611,lightgbm_global_conformal
13402,2,13,5.11,5.917,22.552,0.7166,0.8462,0.8,17.912,lightgbm_global_conformal
13402,3,13,4.352,5.709,14.792,0.6103,0.8462,0.8,18.197,lightgbm_global_conformal
13402,4,13,5.81,6.588,24.188,0.8147,0.7692,0.8,18.272,lightgbm_global_conformal
13402,5,13,6.098,7.503,18.832,0.8551,0.6923,0.8,18.239,lightgbm_global_conformal
13402,6,13,5.766,6.737,25.792,0.8085,0.8462,0.8,18.234,lightgbm_global_conformal
13402,7,13,5.612,6.776,19.032,0.7869,0.8462,0.8,18.187,lightgbm_global_conformal
13402,8,13,5.651,6.506,23.172,0.7924,0.7692,0.8,18.256,lightgbm_global_conformal
13403,1,13,1.801,2.311,28.522,0.9093,0.7692,0.8,6.859,lightgbm_global_conformal
13403,2,13,2.274,2.748,69.654,1.1483,0.8462,0.8,7.078,lightgbm_global_conformal
13403,3,13,1.926,2.404,83.462,0.9728,0.8462,0.8,7.02,lightgbm_global_conformal
13403,4,13,2.262,2.766,85.016,1.1424,0.7692,0.8,7.275,lightgbm_global_conformal
13403,5,13,1.965,2.539,53.131,0.9922,0.8462,0.8,7.157,lightgbm_global_conformal
13403,6,13,2.22,2.771,62.803,1.1212,0.8462,0.8,7.038,lightgbm_global_conformal
13403,7,13,2.188,3.016,61.679,1.1049,0.8462,0.8,7.126,lightgbm_global_conformal
13403,8,13,2.373,2.864,92.901,1.1986,0.7692,0.8,7.151,lightgbm_global_conformal
13404,1,13,3.814,4.781,50.712,0.8096,0.7692,0.8,12.125,lightgbm_global_conformal
13404,2,13,3.208,3.831,23.616,0.6811,0.9231,0.8,12.234,lightgbm_global_conformal
13404,3,13,2.42,3.112,16.846,0.5137,0.9231,0.8,12.428,lightgbm_global_conformal
13404,4,13,3.513,4.435,111.091,0.7458,0.7692,0.8,12.506,lightgbm_global_conformal
13404,5,13,3.368,4.251,44.57,0.715,0.8462,0.8,12.576,lightgbm_global_conformal
13404,6,13,3.881,4.335,28.64,0.8239,0.8462,0.8,12.549,lightgbm_global_conformal
13404,7,13,2.035,2.882,14.155,0.432,1.0,0.8,12.564,lightgbm_global_conformal
13404,8,13,3.169,4.205,113.724,0.6727,0.7692,0.8,12.632,lightgbm_global_conformal
13501,1,13,4.726,5.883,10.341,0.4689,1.0,0.8,23.013,lightgbm_global_conformal
13501,2,13,9.15,10.958,22.838,0.9078,0.6154,0.8,23.493,lightgbm_global_conformal
13501,3,13,5.995,6.927,12.489,0.5948,1.0,0.8,23.983,lightgbm_global_conformal
13501,4,13,6.526,8.714,12.343,0.6475,0.6923,0.8,24.056,lightgbm_global_conformal
13501,5,13,6.068,7.013,13.398,0.602,1.0,0.8,23.849,lightgbm_global_conformal
13501,6,13,7.97,10.165,20.653,0.7908,0.7692,0.8,23.613,lightgbm_global_conformal
13501,7,13,6.748,7.581,13.856,0.6695,1.0,0.8,23.84,lightgbm_global_conformal
13501,8,13,7.039,9.035,13.502,0.6984,0.7692,0.8,23.773,lightgbm_global_conformal
13502,1,13,1.59,1.819,71.925,1.0839,0.9231,0.8,5.532,lightgbm_global_conformal
13502,2,13,1.398,1.625,83.821,0.9528,1.0,0.8,5.549,lightgbm_global_conformal
13502,3,13,1.421,1.855,54.257,0.9686,0.8462,0.8,5.63,lightgbm_global_conformal
13502,4,13,1.64,2.16,55.519,1.118,0.8462,0.8,5.7,lightgbm_global_conformal
13502,5,13,1.41,1.686,54.225,0.9613,0.8462,0.8,5.678,lightgbm_global_conformal
13502,6,13,1.421,1.664,79.933,0.9684,0.8462,0.8,5.614,lightgbm_global_conformal
13502,7,13,1.256,1.782,52.138,0.856,0.9231,0.8,5.616,lightgbm_global_conformal
13502,8,13,1.306,1.605,51.574,0.89,0.9231,0.8,5.585,lightgbm_global_conformal
13503,1,13,4.464,4.978,22.802,0.7945,0.9231,0.8,14.583,lightgbm_global_conformal
13503,2,13,4.152,6.202,20.289,0.739,0.9231,0.8,14.827,lightgbm_global_conformal
13503,3,13,4.289,5.17,21.553,0.7634,0.8462,0.8,15.036,lightgbm_global_conformal
13503,4,13,3.868,4.86,18.612,0.6884,0.8462,0.8,15.189,lightgbm_global_conformal
13503,5,13,4.206,4.998,21.388,0.7486,0.9231,0.8,15.243,lightgbm_global_conformal
13503,6,13,4.605,6.409,23.153,0.8197,0.9231,0.8,15.101,lightgbm_global_conformal
13503,7,13,4.044,5.234,19.267,0.7198,0.8462,0.8,15.117,lightgbm_global_conformal
13503,8,13,3.98,5.202,18.978,0.7084,0.8462,0.8,15.23,lightgbm_global_conformal
13504,1,13,2.816,3.476,101.408,0.9884,0.6154,0.8,8.143,lightgbm_global_conformal
13504,2,13,2.43,3.08,50.507,0.853,0.8462,0.8,8.264,lightgbm_global_conformal
13504,3,13,1.509,1.797,34.641,0.5298,1.0,0.8,8.547,lightgbm_global_conformal
13504,4,13,0.858,1.157,18.782,0.3013,1.0,0.8,8.576,lightgbm_global_conformal
13504,5,13,2.788,3.23,92.503,0.9788,0.6154,0.8,8.434,lightgbm_global_conformal
13504,6,13,2.297,2.998,47.366,0.8063,0.7692,0.8,8.34,lightgbm_global_conformal
13504,7,13,1.419,1.687,31.518,0.4983,1.0,0.8,8.496,lightgbm_global_conformal
13504,8,13,0.807,1.203,20.2,0.2834,1.0,0.8,8.377,lightgbm_global_conformal
13505,1,13,1.483,1.802,74.881,0.5622,1.0,0.8,6.524,lightgbm_global_conformal
13505,2,13,2.561,3.581,34.608,0.9709,0.7692,0.8,6.723,lightgbm_global_conformal
13505,3,13,1.683,2.183,76.782,0.6381,0.8462,0.8,6.921,lightgbm_global_conformal
13505,4,13,1.964,2.162,51.239,0.7446,0.9231,0.8,6.803,lightgbm_global_conformal
13505,5,13,1.642,1.977,76.614,0.6222,0.9231,0.8,6.682,lightgbm_global_conformal
13505,6,13,2.765,3.712,41.431,1.048,0.6923,0.8,6.543,lightgbm_global_conformal
13505,7,13,1.914,2.445,74.642,0.7255,0.8462,0.8,6.556,lightgbm_global_conformal
13505,8,13,1.741,2.115,44.001,0.6601,0.8462,0.8,6.574,lightgbm_global_conformal
13601,1,13,8.343,10.884,20.261,1.0455,0.6923,0.8,22.745,lightgbm_global_conformal
13601,2,13,7.054,8.399,15.774,0.8839,0.8462,0.8,23.179,lightgbm_global_conformal
13601,3,13,6.388,7.601,14.852,0.8005,0.9231,0.8,23.592,lightgbm_global_conformal
13601,4,13,4.92,5.42,11.501,0.6165,1.0,0.8,23.836,lightgbm_global_conformal
13601,5,13,8.518,10.728,20.874,1.0674,0.6154,0.8,23.634,lightgbm_global_conformal
13601,6,13,5.588,6.431,12.66,0.7002,0.9231,0.8,23.4,lightgbm_global_conformal
13601,7,13,6.784,8.121,15.319,0.8502,0.8462,0.8,23.475,lightgbm_global_conformal
13601,8,13,3.782,4.727,8.718,0.4739,1.0,0.8,23.496,lightgbm_global_conformal
13602,1,13,2.432,2.902,41.575,0.5429,0.9231,0.8,9.859,lightgbm_global_conformal
13602,2,13,2.737,3.491,32.753,0.6109,0.7692,0.8,10.02,lightgbm_global_conformal
13602,3,13,2.728,3.455,48.158,0.609,0.8462,0.8,10.125,lightgbm_global_conformal
13602,4,13,3.055,3.484,61.293,0.6818,0.9231,0.8,10.373,lightgbm_global_conformal
13602,5,13,2.175,2.713,37.451,0.4855,0.9231,0.8,10.352,lightgbm_global_conformal
13602,6,13,2.806,3.65,35.137,0.6264,0.7692,0.8,10.263,lightgbm_global_conformal
13602,7,13,3.044,3.559,54.516,0.6794,0.8462,0.8,10.398,lightgbm_global_conformal
13602,8,13,2.742,3.346,61.994,0.6121,0.9231,0.8,10.425,lightgbm_global_conformal
13603,1,13,4.461,5.964,22.351,0.7831,0.9231,0.8,14.452,lightgbm_global_conformal
13603,2,13,5.113,5.961,25.523,0.8974,0.8462,0.8,14.56,lightgbm_global_conformal
13603,3,13,4.946,5.477,31.582,0.8681,0.8462,0.8,14.783,lightgbm_global_conformal
13603,4,13,4.151,5.647,21.903,0.7286,0.7692,0.8,14.974,lightgbm_global_conformal
13603,5,13,4.616,6.606,21.879,0.8103,0.8462,0.8,14.821,lightgbm_global_conformal
13603,6,13,5.526,6.461,25.721,0.9699,0.7692,0.8,14.718,lightgbm_global_conformal
13603,7,13,5.257,5.61,32.488,0.9227,0.7692,0.8,14.838,lightgbm_global_conformal
13603,8,13,4.182,5.738,21.117,0.7341,0.8462,0.8,14.923,lightgbm_global_conformal
13604,1,13,4.606,6.314,20.251,0.5651,0.8462,0.8,18.06,lightgbm_global_conformal
13604,2,13,6.919,7.697,24.612,0.8489,0.7692,0.8,18.189,lightgbm_global_conformal
13604,3,13,7.777,10.005,24.605,0.9541,0.6923,0.8,18.594,lightgbm_global_conformal
13604,4,13,4.978,5.536,19.223,0.6107,1.0,0.8,18.817,lightgbm_global_conformal
13604,5,13,4.257,5.549,18.144,0.5223,0.8462,0.8,18.684,lightgbm_global_conformal
13604,6,13,6.829,7.851,24.356,0.8378,0.7692,0.8,18.442,lightgbm_global_conformal
13604,7,13,8.709,10.633,26.446,1.0684,0.6923,0.8,18.616,lightgbm_global_conformal
13604,8,13,4.536,5.063,17.422,0.5564,1.0,0.8,18.53,lightgbm_global_conformal
13605,1,13,7.212,10.767,19.025,0.5993,0.7692,0.8,21.068,lightgbm_global_conformal
13605,2,13,6.17,7.521,15.69,0.5127,0.7692,0.8,21.441,lightgbm_global_conformal
13605,3,13,6.93,8.591,15.853,0.5759,0.8462,0.8,21.872,lightgbm_global_conformal
13605,4,13,6.398,8.068,18.164,0.5317,0.7692,0.8,22.082,lightgbm_global_conformal
13605,5,13,7.657,10.666,18.96,0.6364,0.8462,0.8,21.947,lightgbm_global_conformal
13605,6,13,6.319,7.716,15.462,0.5252,0.8462,0.8,21.856,lightgbm_global_conformal
13605,7,13,7.37,9.07,16.866,0.6125,0.7692,0.8,21.844,lightgbm_global_conformal
13605,8,13,6.647,7.92,18.489,0.5524,0.7692,0.8,22.02,lightgbm_global_conformal
RM,1,13,185.54,299.27,11.167,0.8347,0.7692,0.8,495.78,lightgbm_global_conformal
RM,2,13,128.05,155.099,6.185,0.5761,0.7692,0.8,556.272,lightgbm_global_conformal
RM,3,13,154.241,186.31,7.248,0.6939,0.7692,0.8,542.107,lightgbm_global_conformal
RM,4,13,120.035,142.764,5.53,0.54,0.8462,0.8,590.111,lightgbm_global_conformal
RM,5,13,204.061,309.008,11.967,0.9181,0.7692,0.8,599.111,lightgbm_global_conformal
RM,6,13,179.516,213.439,8.689,0.8076,0.5385,0.8,611.305,lightgbm_global_conformal
RM,7,13,152.163,192.612,6.965,0.6846,0.9231,0.8,622.596,lightgbm_global_conformal
RM,8,13,122.331,142.209,5.65,0.5504,0.8462,0.8,591.167,lightgbm_global_conformal
13101,1,13,9.005,12.959,16.732,0.6834,0.7692,0.8,28.533,hibrido_glm_region_lgbm_comuna_conformal
13101,2,13,11.175,14.734,22.176,0.8481,0.6923,0.8,28.865,hibrido_glm_region_lgbm_comuna_conformal
13101,3,13,6.979,9.263,10.454,0.5296,0.8462,0.8,29.151,hibrido_glm_region_lgbm_comuna_conformal
13101,4,13,5.648,6.768,8.678,0.4286,1.0,0.8,29.163,hibrido_glm_region_lgbm_comuna_conformal
13101,5,13,8.789,13.039,16.525,0.667,0.9231,0.8,29.027,hibrido_glm_region_lgbm_comuna_conformal
13101,6,13,12.711,15.898,25.334,0.9646,0.6923,0.8,29.484,hibrido_glm_region_lgbm_comuna_conformal
13101,7,13,8.531,9.756,12.98,0.6474,0.8462,0.8,30.101,hibrido_glm_region_lgbm_comuna_conformal
13101,8,13,7.716,9.11,12.024,0.5855,0.9231,0.8,30.366,hibrido_glm_region_lgbm_comuna_conformal
13102,1,13,4.863,6.089,23.807,0.5947,0.8462,0.8,17.87,hibrido_glm_region_lgbm_comuna_conformal
13102,2,13,6.814,8.035,32.823,0.8332,0.6923,0.8,17.945,hibrido_glm_region_lgbm_comuna_conformal
13102,3,13,4.118,5.307,15.959,0.5035,0.9231,0.8,17.968,hibrido_glm_region_lgbm_comuna_conformal
13102,4,13,8.173,10.071,25.915,0.9994,0.6923,0.8,17.999,hibrido_glm_region_lgbm_comuna_conformal
13102,5,13,5.459,6.732,23.764,0.6675,0.7692,0.8,17.88,hibrido_glm_region_lgbm_comuna_conformal
13102,6,13,7.292,8.322,34.178,0.8917,0.6923,0.8,18.15,hibrido_glm_region_lgbm_comuna_conformal
13102,7,13,5.732,7.919,21.064,0.701,0.7692,0.8,18.403,hibrido_glm_region_lgbm_comuna_conformal
13102,8,13,9.154,11.164,29.332,1.1194,0.5385,0.8,18.536,hibrido_glm_region_lgbm_comuna_conformal
13103,1,13,14.683,21.388,33.891,0.4873,0.6154,0.8,30.325,hibrido_glm_region_lgbm_comuna_conformal
13103,2,13,15.064,18.44,24.919,0.4999,0.6154,0.8,30.743,hibrido_glm_region_lgbm_comuna_conformal
13103,3,13,9.596,11.39,13.813,0.3185,0.6923,0.8,31.293,hibrido_glm_region_lgbm_comuna_conformal
13103,4,13,9.583,11.391,13.23,0.318,0.9231,0.8,31.53,hibrido_glm_region_lgbm_comuna_conformal
13103,5,13,15.337,23.336,36.558,0.509,0.6923,0.8,31.574,hibrido_glm_region_lgbm_comuna_conformal
13103,6,13,16.715,19.754,27.734,0.5547,0.6154,0.8,31.925,hibrido_glm_region_lgbm_comuna_conformal
13103,7,13,11.7,13.616,16.72,0.3883,0.7692,0.8,32.535,hibrido_glm_region_lgbm_comuna_conformal
13103,8,13,11.523,13.848,16.948,0.3824,0.6923,0.8,32.452,hibrido_glm_region_lgbm_comuna_conformal
13104,1,13,8.803,11.271,27.42,0.7221,0.7692,0.8,21.659,hibrido_glm_region_lgbm_comuna_conformal
13104,2,13,6.29,7.656,19.519,0.516,0.8462,0.8,21.956,hibrido_glm_region_lgbm_comuna_conformal
13104,3,13,6.238,7.22,19.629,0.5117,0.9231,0.8,22.188,hibrido_glm_region_lgbm_comuna_conformal
13104,4,13,6.318,7.805,16.781,0.5183,0.8462,0.8,22.258,hibrido_glm_region_lgbm_comuna_conformal
13104,5,13,8.659,11.34,27.11,0.7103,0.7692,0.8,22.157,hibrido_glm_region_lgbm_comuna_conformal
13104,6,13,7.718,9.047,24.764,0.6331,0.7692,0.8,22.455,hibrido_glm_region_lgbm_comuna_conformal
13104,7,13,7.375,8.615,23.519,0.605,0.8462,0.8,22.92,hibrido_glm_region_lgbm_comuna_conformal
13104,8,13,6.103,7.226,16.773,0.5007,0.8462,0.8,23.009,hibrido_glm_region_lgbm_comuna_conformal
13105,1,13,8.705,11.142,28.646,1.1213,0.6154,0.8,19.312,hibrido_glm_region_lgbm_comuna_conformal
13105,2,13,6.872,8.54,20.134,0.8852,0.7692,0.8,19.703,hibrido_glm_region_lgbm_comuna_conformal
13105,3,13,9.594,19.374,19.447,1.2358,0.8462,0.8,19.938,hibrido_glm_region_lgbm_comuna_conformal
13105,4,13,4.719,5.62,15.759,0.6079,0.9231,0.8,20.105,hibrido_glm_region_lgbm_comuna_conformal
13105,5,13,8.201,10.61,28.004,1.0563,0.7692,0.8,20.123,hibrido_glm_region_lgbm_comuna_conformal
13105,6,13,6.89,8.504,19.958,0.8875,0.7692,0.8,20.18,hibrido_glm_region_lgbm_comuna_conformal
13105,7,13,9.598,19.114,19.071,1.2363,0.9231,0.8,20.469,hibrido_glm_region_lgbm_comuna_conformal
13105,8,13,4.787,5.519,16.502,0.6166,1.0,0.8,20.714,hibrido_glm_region_lgbm_comuna_conformal
13106,1,13,4.568,5.408,23.064,0.6895,0.7692,0.8,15.338,hibrido_glm_region_lgbm_comuna_conformal
13106,2,13,3.52,4.34,21.181,0.5314,1.0,0.8,15.486,hibrido_glm_region_lgbm_comuna_conformal
13106,3,13,3.829,4.699,20.903,0.578,0.9231,0.8,15.557,hibrido_glm_region_lgbm_comuna_conformal
13106,4,13,4.107,5.027,23.712,0.6199,0.8462,0.8,15.643,hibrido_glm_region_lgbm_comuna_conformal
13106,5,13,4.511,5.174,22.765,0.6809,0.8462,0.8,15.72,hibrido_glm_region_lgbm_comuna_conformal
13106,6,13,3.649,4.533,22.619,0.5508,0.9231,0.8,15.842,hibrido_glm_region_lgbm_comuna_conformal
13106,7,13,4.452,5.408,25.677,0.672,0.9231,0.8,16.162,hibrido_glm_region_lgbm_comuna_conformal
13106,8,13,4.237,5.277,27.015,0.6396,0.9231,0.8,16.279,hibrido_glm_region_lgbm_comuna_conformal
13107,1,13,5.764,6.993,27.007,0.3692,0.6923,0.8,18.098,hibrido_glm_region_lgbm_comuna_conformal
13107,2,13,4.429,5.891,17.065,0.2837,0.9231,0.8,18.447,hibrido_glm_region_lgbm_comuna_conformal
13107,3,13,7.211,8.73,32.888,0.4619,0.6923,0.8,18.78,hibrido_glm_region_lgbm_comuna_conformal
13107,4,13,6.054,7.269,24.644,0.3878,0.6923,0.8,19.054,hibrido_glm_region_lgbm_comuna_conformal
13107,5,13,6.414,8.269,29.557,0.4108,0.7692,0.8,19.12,hibrido_glm_region_lgbm_comuna_conformal
13107,6,13,4.105,5.276,16.784,0.263,0.9231,0.8,19.023,hibrido_glm_region_lgbm_comuna_conformal
13107,7,13,6.964,8.526,32.053,0.4461,0.7692,0.8,19.537,hibrido_glm_region_lgbm_comuna_conformal
13107,8,13,7.316,9.565,27.723,0.4686,0.7692,0.8,19.719,hibrido_glm_region_lgbm_comuna_conformal
13108,1,13,9.674,13.117,31.413,0.6036,0.6923,0.8,23.852,hibrido_glm_region_lgbm_comuna_conformal
13108,2,13,8.359,10.53,22.41,0.5216,0.7692,0.8,23.977,hibrido_glm_region_lgbm_comuna_conformal
13108,3,13,10.089,12.209,21.165,0.6295,0.6154,0.8,24.541,hibrido_glm_region_lgbm_comuna_conformal
13108,4,13,8.012,10.257,19.961,0.4999,0.8462,0.8,24.588,hibrido_glm_region_lgbm_comuna_conformal
13108,5,13,8.138,12.629,27.17,0.5078,0.7692,0.8,24.308,hibrido_glm_region_lgbm_comuna_conformal
13108,6,13,8.104,10.284,22.68,0.5057,0.7692,0.8,24.738,hibrido_glm_region_lgbm_comuna_conformal
13108,7,13,8.97,11.121,18.428,0.5597,0.6154,0.8,25.172,hibrido_glm_region_lgbm_comuna_conformal
13108,8,13,9.363,11.56,22.886,0.5842,0.6154,0.8,25.193,hibrido_glm_region_lgbm_comuna_conformal
13109,1,13,3.076,3.675,37.825,0.7374,0.6923,0.8,9.585,hibrido_glm_region_lgbm_comuna_conformal
13109,2,13,1.759,2.25,20.564,0.4217,1.0,0.8,9.62,hibrido_glm_region_lgbm_comuna_conformal
13109,3,13,1.879,2.298,28.697,0.4506,1.0,0.8,9.853,hibrido_glm_region_lgbm_comuna_conformal
13109,4,13,2.816,3.225,35.362,0.6751,0.9231,0.8,9.905,hibrido_glm_region_lgbm_comuna_conformal
13109,5,13,2.646,3.324,32.866,0.6344,0.9231,0.8,9.857,hibrido_glm_region_lgbm_comuna_conformal
13109,6,13,1.958,2.387,24.15,0.4694,0.9231,0.8,10.066,hibrido_glm_region_lgbm_comuna_conformal
13109,7,13,1.998,2.263,33.159,0.4789,1.0,0.8,10.176,hibrido_glm_region_lgbm_comuna_conformal
13109,8,13,2.632,3.121,36.304,0.631,0.9231,0.8,10.207,hibrido_glm_region_lgbm_comuna_conformal
13110,1,13,12.661,15.675,18.16,1.0314,0.6154,0.8,31.257,hibrido_glm_region_lgbm_comuna_conformal
13110,2,13,11.897,14.729,12.372,0.9691,0.6154,0.8,31.095,hibrido_glm_region_lgbm_comuna_conformal
13110,3,13,13.477,14.469,15.985,1.0978,0.6923,0.8,31.713,hibrido_glm_region_lgbm_comuna_conformal
13110,4,13,13.799,16.887,15.73,1.1241,0.6154,0.8,31.391,hibrido_glm_region_lgbm_comuna_conformal
13110,5,13,11.161,13.136,15.726,0.9091,0.8462,0.8,31.425,hibrido_glm_region_lgbm_comuna_conformal
13110,6,13,9.999,14.147,10.246,0.8145,0.6154,0.8,31.513,hibrido_glm_region_lgbm_comuna_conformal
13110,7,13,12.901,16.276,15.035,1.0509,0.6154,0.8,32.118,hibrido_glm_region_lgbm_comuna_conformal
13110,8,13,16.064,19.544,17.985,1.3085,0.5385,0.8,32.048,hibrido_glm_region_lgbm_comuna_conformal
13111,1,13,7.777,9.674,53.645,1.2933,0.8462,0.8,17.766,hibrido_glm_region_lgbm_comuna_conformal
13111,2,13,5.655,6.981,25.389,0.9404,0.7692,0.8,17.643,hibrido_glm_region_lgbm_comuna_conformal
13111,3,13,4.66,5.342,15.87,0.775,0.8462,0.8,17.901,hibrido_glm_region_lgbm_comuna_conformal
13111,4,13,5.767,7.093,20.862,0.959,0.9231,0.8,17.76,hibrido_glm_region_lgbm_comuna_conformal
13111,5,13,7.39,9.103,45.77,1.229,0.6154,0.8,17.332,hibrido_glm_region_lgbm_comuna_conformal
13111,6,13,5.814,7.322,25.101,0.9668,0.7692,0.8,17.613,hibrido_glm_region_lgbm_comuna_conformal
13111,7,13,5.266,6.395,17.112,0.8757,0.8462,0.8,17.704,hibrido_glm_region_lgbm_comuna_conformal
13111,8,13,7.533,8.793,25.232,1.2528,0.6154,0.8,17.839,hibrido_glm_region_lgbm_comuna_conformal
13112,1,13,10.295,11.816,25.042,0.953,0.6923,0.8,23.728,hibrido_glm_region_lgbm_comuna_conformal
13112,2,13,7.205,7.892,15.148,0.667,0.8462,0.8,24.008,hibrido_glm_region_lgbm_comuna_conformal
13112,3,13,9.3,11.459,22.812,0.8609,0.6923,0.8,24.281,hibrido_glm_region_lgbm_comuna_conformal
13112,4,13,8.082,11.29,20.823,0.7481,0.6923,0.8,24.393,hibrido_glm_region_lgbm_comuna_conformal
13112,5,13,10.459,12.529,26.061,0.9681,0.6923,0.8,24.44,hibrido_glm_region_lgbm_comuna_conformal
13112,6,13,10.194,11.222,22.797,0.9436,0.7692,0.8,24.806,hibrido_glm_region_lgbm_comuna_conformal
13112,7,13,11.728,13.154,28.354,1.0857,0.6154,0.8,24.795,hibrido_glm_region_lgbm_comuna_conformal
13112,8,13,10.529,13.782,25.88,0.9747,0.6923,0.8,24.987,hibrido_glm_region_lgbm_comuna_conformal
13113,1,13,3.357,3.926,29.216,0.6661,0.8462,0.8,12.487,hibrido_glm_region_lgbm_comuna_conformal
13113,2,13,2.308,2.593,18.839,0.4579,1.0,0.8,12.473,hibrido_glm_region_lgbm_comuna_conformal
13113,3,13,2.74,3.081,22.31,0.5437,1.0,0.8,12.65,hibrido_glm_region_lgbm_comuna_conformal
13113,4,13,3.157,3.898,21.267,0.6265,0.9231,0.8,12.721,hibrido_glm_region_lgbm_comuna_conformal
13113,5,13,3.596,4.333,28.107,0.7136,0.9231,0.8,12.638,hibrido_glm_region_lgbm_comuna_conformal
13113,6,13,2.501,3.028,19.986,0.4962,1.0,0.8,12.779,hibrido_glm_region_lgbm_comuna_conformal
13113,7,13,2.137,2.601,14.791,0.4241,1.0,0.8,13.003,hibrido_glm_region_lgbm_comuna_conformal
13113,8,13,3.134,4.047,21.415,0.6219,0.9231,0.8,13.168,hibrido_glm_region_lgbm_comuna_conformal
13114,1,13,4.531,5.815,147.046,0.7028,0.6154,0.8,10.02,hibrido_glm_region_lgbm_comuna_conformal
13114,2,13,5.393,6.435,195.387,0.8365,0.6154,0.8,9.944,hibrido_glm_region_lgbm_comuna_conformal
13114,3,13,3.81,4.129,68.999,0.5909,0.7692,0.8,10.201,hibrido_glm_region_lgbm_comuna_conformal
13114,4,13,3.853,5.038,82.26,0.5977,0.7692,0.8,10.366,hibrido_glm_region_lgbm_comuna_conformal
13114,5,13,4.497,5.245,128.5,0.6975,0.5385,0.8,10.203,hibrido_glm_region_lgbm_comuna_conformal
13114,6,13,6.476,7.22,240.011,1.0044,0.3077,0.8,10.466,hibrido_glm_region_lgbm_comuna_conformal
13114,7,13,3.444,3.796,68.24,0.5342,0.7692,0.8,10.467,hibrido_glm_region_lgbm_comuna_conformal
13114,8,13,4.461,5.461,101.131,0.692,0.6154,0.8,10.764,hibrido_glm_region_lgbm_comuna_conformal
13115,1,13,1.398,1.928,26.089,0.7619,0.7692,0.8,5.395,hibrido_glm_region_lgbm_comuna_conformal
13115,2,13,1.25,1.607,52.303,0.6809,0.8462,0.8,5.194,hibrido_glm_region_lgbm_comuna_conformal
13115,3,13,1.851,2.303,75.502,1.0082,0.7692,0.8,5.105,hibrido_glm_region_lgbm_comuna_conformal
13115,4,13,1.741,1.975,70.721,0.9484,0.8462,0.8,5.363,hibrido_glm_region_lgbm_comuna_conformal
13115,5,13,1.489,1.992,27.412,0.8114,0.7692,0.8,5.411,hibrido_glm_region_lgbm_comuna_conformal
13115,6,13,1.164,1.528,52.801,0.6339,0.9231,0.8,5.243,hibrido_glm_region_lgbm_comuna_conformal
13115,7,13,2.034,2.327,83.357,1.108,0.7692,0.8,5.414,hibrido_glm_region_lgbm_comuna_conformal
13115,8,13,1.721,1.983,69.336,0.9378,0.8462,0.8,5.451,hibrido_glm_region_lgbm_comuna_conformal
13116,1,13,4.519,6.176,16.698,0.5058,0.9231,0.8,19.925,hibrido_glm_region_lgbm_comuna_conformal
13116,2,13,7.428,8.463,24.263,0.8314,0.7692,0.8,20.047,hibrido_glm_region_lgbm_comuna_conformal
13116,3,13,5.0,6.444,15.322,0.5597,0.8462,0.8,20.122,hibrido_glm_region_lgbm_comuna_conformal
13116,4,13,4.41,5.893,11.903,0.4937,0.8462,0.8,20.263,hibrido_glm_region_lgbm_comuna_conformal
13116,5,13,5.348,6.969,19.177,0.5986,0.9231,0.8,20.309,hibrido_glm_region_lgbm_comuna_conformal
13116,6,13,7.368,8.18,25.595,0.8247,0.8462,0.8,20.585,hibrido_glm_region_lgbm_comuna_conformal
13116,7,13,4.272,5.537,12.471,0.4781,0.9231,0.8,20.987,hibrido_glm_region_lgbm_comuna_conformal
13116,8,13,4.153,5.325,11.931,0.4648,0.9231,0.8,20.965,hibrido_glm_region_lgbm_comuna_conformal
13117,1,13,6.668,9.069,18.938,0.893,0.7692,0.8,21.421,hibrido_glm_region_lgbm_comuna_conformal
13117,2,13,6.859,9.612,15.082,0.9185,0.8462,0.8,21.566,hibrido_glm_region_lgbm_comuna_conformal
13117,3,13,4.451,5.07,13.092,0.5961,1.0,0.8,21.789,hibrido_glm_region_lgbm_comuna_conformal
13117,4,13,5.673,7.453,15.154,0.7597,0.6923,0.8,21.702,hibrido_glm_region_lgbm_comuna_conformal
13117,5,13,6.286,8.082,17.855,0.8419,0.7692,0.8,21.811,hibrido_glm_region_lgbm_comuna_conformal
13117,6,13,5.933,9.829,13.521,0.7945,0.9231,0.8,21.835,hibrido_glm_region_lgbm_comuna_conformal
13117,7,13,5.812,6.808,17.096,0.7783,0.8462,0.8,22.383,hibrido_glm_region_lgbm_comuna_conformal
13117,8,13,6.22,7.08,17.46,0.833,0.9231,0.8,22.447,hibrido_glm_region_lgbm_comuna_conformal
13118,1,13,3.329,4.497,58.319,0.6793,0.7692,0.8,10.171,hibrido_glm_region_lgbm_comuna_conformal
13118,2,13,3.739,4.247,47.85,0.7629,0.6923,0.8,10.323,hibrido_glm_region_lgbm_comuna_conformal
13118,3,13,3.328,3.836,64.338,0.679,0.8462,0.8,10.5,hibrido_glm_region_lgbm_comuna_conformal
13118,4,13,2.328,2.961,45.117,0.4749,0.9231,0.8,10.496,hibrido_glm_region_lgbm_comuna_conformal
13118,5,13,3.316,4.257,60.514,0.6766,0.7692,0.8,10.414,hibrido_glm_region_lgbm_comuna_conformal
13118,6,13,5.037,7.438,50.153,1.0277,0.7692,0.8,10.523,hibrido_glm_region_lgbm_comuna_conformal
13118,7,13,2.802,3.198,49.98,0.5716,0.9231,0.8,10.705,hibrido_glm_region_lgbm_comuna_conformal
13118,8,13,2.628,3.057,48.88,0.5361,1.0,0.8,10.822,hibrido_glm_region_lgbm_comuna_conformal
13119,1,13,11.867,14.65,16.455,0.7805,0.7692,0.8,32.569,hibrido_glm_region_lgbm_comuna_conformal
13119,2,13,10.536,13.046,12.641,0.693,0.7692,0.8,32.773,hibrido_glm_region_lgbm_comuna_conformal
13119,3,13,9.599,11.916,11.711,0.6313,0.8462,0.8,33.129,hibrido_glm_region_lgbm_comuna_conformal
13119,4,13,11.992,13.091,13.108,0.7888,0.7692,0.8,32.962,hibrido_glm_region_lgbm_comuna_conformal
13119,5,13,14.878,18.347,20.525,0.9786,0.5385,0.8,33.249,hibrido_glm_region_lgbm_comuna_conformal
13119,6,13,14.516,17.314,17.323,0.9547,0.6154,0.8,33.457,hibrido_glm_region_lgbm_comuna_conformal
13119,7,13,16.81,19.31,20.198,1.1056,0.5385,0.8,34.127,hibrido_glm_region_lgbm_comuna_conformal
13119,8,13,13.922,16.425,15.468,0.9157,0.5385,0.8,34.098,hibrido_glm_region_lgbm_comuna_conformal
13120,1,13,6.685,8.036,29.024,0.8503,0.9231,0.8,18.881,hibrido_glm_region_lgbm_comuna_conformal
13120,2,13,6.525,8.138,23.915,0.8299,0.8462,0.8,18.944,hibrido_glm_region_lgbm_comuna_conformal
13120,3,13,5.668,6.522,16.863,0.721,0.8462,0.8,19.182,hibrido_glm_region_lgbm_comuna_conformal
13120,4,13,4.306,5.065,16.066,0.5477,0.9231,0.8,19.297,hibrido_glm_region_lgbm_comuna_conformal
13120,5,13,6.585,7.536,28.636,0.8376,0.9231,0.8,19.256,hibrido_glm_region_lgbm_comuna_conformal
13120,6,13,6.683,8.959,25.755,0.85,0.8462,0.8,19.376,hibrido_glm_region_lgbm_comuna_conformal
13120,7,13,5.704,7.032,17.721,0.7256,0.8462,0.8,19.797,hibrido_glm_region_lgbm_comuna_conformal
13120,8,13,5.105,6.078,19.737,0.6493,1.0,0.8,19.952,hibrido_glm_region_lgbm_comuna_conformal
13121,1,13,7.005,9.551,28.743,0.9039,0.7692,0.8,19.788,hibrido_glm_region_lgbm_comuna_conformal
13121,2,13,7.356,8.314,27.507,0.9492,0.6923,0.8,19.867,hibrido_glm_region_lgbm_comuna_conformal
13121,3,13,4.402,5.115,14.062,0.568,0.9231,0.8,20.235,hibrido_glm_region_lgbm_comuna_conformal
13121,4,13,5.688,6.816,16.515,0.734,0.9231,0.8,20.302,hibrido_glm_region_lgbm_comuna_conformal
13121,5,13,7.183,9.349,29.492,0.9269,0.7692,0.8,20.235,hibrido_glm_region_lgbm_comuna_conformal
13121,6,13,6.697,7.845,24.961,0.8642,0.8462,0.8,20.313,hibrido_glm_region_lgbm_comuna_conformal
13121,7,13,4.608,5.568,15.711,0.5946,1.0,0.8,20.888,hibrido_glm_region_lgbm_comuna_conformal
13121,8,13,6.416,7.061,19.952,0.8279,1.0,0.8,20.949,hibrido_glm_region_lgbm_comuna_conformal
13122,1,13,11.169,14.89,26.477,0.815,0.7692,0.8,25.512,hibrido_glm_region_lgbm_comuna_conformal
13122,2,13,6.594,7.441,12.648,0.4812,0.9231,0.8,25.561,hibrido_glm_region_lgbm_comuna_conformal
13122,3,13,8.502,9.766,17.404,0.6204,0.7692,0.8,25.937,hibrido_glm_region_lgbm_comuna_conformal
13122,4,13,7.583,10.65,15.041,0.5534,0.8462,0.8,25.945,hibrido_glm_region_lgbm_comuna_conformal
13122,5,13,9.377,13.681,23.174,0.6843,0.7692,0.8,26.002,hibrido_glm_region_lgbm_comuna_conformal
13122,6,13,5.224,6.702,9.894,0.3812,0.9231,0.8,26.005,hibrido_glm_region_lgbm_comuna_conformal
13122,7,13,7.25,8.581,14.06,0.529,0.9231,0.8,26.621,hibrido_glm_region_lgbm_comuna_conformal
13122,8,13,8.713,10.348,16.951,0.6358,0.7692,0.8,26.689,hibrido_glm_region_lgbm_comuna_conformal
13123,1,13,11.489,14.787,27.301,0.813,0.6923,0.8,24.974,hibrido_glm_region_lgbm_comuna_conformal
13123,2,13,9.17,10.859,17.873,0.6489,0.7692,0.8,25.175,hibrido_glm_region_lgbm_comuna_conformal
13123,3,13,8.513,10.947,16.854,0.6024,0.6154,0.8,25.664,hibrido_glm_region_lgbm_comuna_conformal
13123,4,13,16.1,29.495,22.005,1.1393,0.7692,0.8,26.003,hibrido_glm_region_lgbm_comuna_conformal
13123,5,13,9.815,13.759,25.44,0.6945,0.7692,0.8,25.791,hibrido_glm_region_lgbm_comuna_conformal
13123,6,13,11.455,12.782,22.18,0.8106,0.6923,0.8,25.671,hibrido_glm_region_lgbm_comuna_conformal
13123,7,13,8.562,10.309,16.561,0.6059,0.6923,0.8,26.182,hibrido_glm_region_lgbm_comuna_conformal
13123,8,13,18.102,29.984,26.312,1.2809,0.5385,0.8,26.689,hibrido_glm_region_lgbm_comuna_conformal
13124,1,13,9.834,12.052,23.467,0.7334,0.8462,0.8,25.953,hibrido_glm_region_lgbm_comuna_conformal
13124,2,13,8.856,10.037,17.66,0.6605,0.7692,0.8,26.107,hibrido_glm_region_lgbm_comuna_conformal
13124,3,13,7.503,8.659,14.344,0.5596,0.8462,0.8,26.342,hibrido_glm_region_lgbm_comuna_conformal
13124,4,13,8.191,10.879,14.303,0.6109,0.7692,0.8,26.407,hibrido_glm_region_lgbm_comuna_conformal
13124,5,13,8.141,13.11,21.449,0.6072,0.7692,0.8,26.319,hibrido_glm_region_lgbm_comuna_conformal
13124,6,13,9.675,11.281,18.954,0.7216,0.8462,0.8,26.72,hibrido_glm_region_lgbm_comuna_conformal
13124,7,13,8.751,10.765,16.133,0.6527,0.8462,0.8,27.254,hibrido_glm_region_lgbm_comuna_conformal
13124,8,13,6.682,9.789,13.687,0.4983,0.8462,0.8,27.372,hibrido_glm_region_lgbm_comuna_conformal
13125,1,13,11.819,14.773,23.842,1.0643,0.6923,0.8,27.457,hibrido_glm_region_lgbm_comuna_conformal
13125,2,13,7.286,9.623,13.027,0.6561,0.7692,0.8,27.643,hibrido_glm_region_lgbm_comuna_conformal
13125,3,13,8.928,10.537,16.477,0.8039,0.9231,0.8,28.048,hibrido_glm_region_lgbm_comuna_conformal
13125,4,13,9.003,11.256,15.359,0.8107,0.7692,0.8,28.165,hibrido_glm_region_lgbm_comuna_conformal
13125,5,13,12.856,14.84,26.127,1.1576,0.6923,0.8,28.213,hibrido_glm_region_lgbm_comuna_conformal
13125,6,13,11.334,14.569,21.728,1.0206,0.6923,0.8,28.482,hibrido_glm_region_lgbm_comuna_conformal
13125,7,13,11.665,13.441,22.262,1.0504,0.6923,0.8,28.982,hibrido_glm_region_lgbm_comuna_conformal
13125,8,13,8.884,11.148,16.804,0.8,0.6923,0.8,29.154,hibrido_glm_region_lgbm_comuna_conformal
13126,1,13,2.69,3.424,15.695,0.4421,0.9231,0.8,14.196,hibrido_glm_region_lgbm_comuna_conformal
13126,2,13,5.399,6.164,29.739,0.8872,0.8462,0.8,14.253,hibrido_glm_region_lgbm_comuna_conformal
13126,3,13,2.027,2.713,10.053,0.3331,0.9231,0.8,14.39,hibrido_glm_region_lgbm_comuna_conformal
13126,4,13,4.25,5.085,26.435,0.6984,0.7692,0.8,14.382,hibrido_glm_region_lgbm_comuna_conformal
13126,5,13,3.802,4.983,22.036,0.6247,0.9231,0.8,14.433,hibrido_glm_region_lgbm_comuna_conformal
13126,6,13,5.14,5.956,29.429,0.8446,0.7692,0.8,14.537,hibrido_glm_region_lgbm_comuna_conformal
13126,7,13,2.859,3.759,13.876,0.4697,0.9231,0.8,14.777,hibrido_glm_region_lgbm_comuna_conformal
13126,8,13,4.896,5.56,28.559,0.8045,0.8462,0.8,14.904,hibrido_glm_region_lgbm_comuna_conformal
13127,1,13,59.406,89.41,20.761,0.6645,0.5385,0.8,66.154,hibrido_glm_region_lgbm_comuna_conformal
13127,2,13,45.122,58.637,12.566,0.5048,0.4615,0.8,67.025,hibrido_glm_region_lgbm_comuna_conformal
13127,3,13,46.109,63.352,13.099,0.5158,0.6154,0.8,67.952,hibrido_glm_region_lgbm_comuna_conformal
13127,4,13,33.425,40.585,8.98,0.3739,0.6154,0.8,68.1,hibrido_glm_region_lgbm_comuna_conformal
13127,5,13,62.541,81.936,21.083,0.6996,0.4615,0.8,67.821,hibrido_glm_region_lgbm_comuna_conformal
13127,6,13,50.886,57.173,14.593,0.5692,0.3077,0.8,69.175,hibrido_glm_region_lgbm_comuna_conformal
13127,7,13,44.263,58.217,13.028,0.4951,0.4615,0.8,69.79,hibrido_glm_region_lgbm_comuna_conformal
13127,8,13,31.707,38.924,8.499,0.3547,0.6154,0.8,70.081,hibrido_glm_region_lgbm_comuna_conformal
13128,1,13,7.662,9.702,21.89,0.8483,0.6923,0.8,21.034,hibrido_glm_region_lgbm_comuna_conformal
13128,2,13,8.101,9.834,24.981,0.8969,0.6923,0.8,21.247,hibrido_glm_region_lgbm_comuna_conformal
13128,3,13,4.903,6.117,15.32,0.5428,0.9231,0.8,21.578,hibrido_glm_region_lgbm_comuna_conformal
13128,4,13,4.143,4.843,11.433,0.4586,1.0,0.8,21.593,hibrido_glm_region_lgbm_comuna_conformal
13128,5,13,7.165,9.73,20.657,0.7932,0.7692,0.8,21.494,hibrido_glm_region_lgbm_comuna_conformal
13128,6,13,9.05,10.565,28.106,1.0019,0.6154,0.8,21.779,hibrido_glm_region_lgbm_comuna_conformal
13128,7,13,6.088,7.737,19.683,0.674,0.9231,0.8,22.163,hibrido_glm_region_lgbm_comuna_conformal
13128,8,13,3.918,4.659,10.569,0.4337,1.0,0.8,22.205,hibrido_glm_region_lgbm_comuna_conformal
13129,1,13,4.714,6.014,30.84,0.8879,0.7692,0.8,14.522,hibrido_glm_region_lgbm_comuna_conformal
13129,2,13,2.811,4.053,18.709,0.5294,0.9231,0.8,14.624,hibrido_glm_region_lgbm_comuna_conformal
13129,3,13,4.02,4.813,35.67,0.7572,0.8462,0.8,14.901,hibrido_glm_region_lgbm_comuna_conformal
13129,4,13,4.11,5.275,31.324,0.7741,0.9231,0.8,15.044,hibrido_glm_region_lgbm_comuna_conformal
13129,5,13,3.579,4.892,28.05,0.674,0.8462,0.8,14.987,hibrido_glm_region_lgbm_comuna_conformal
13129,6,13,2.934,3.686,18.974,0.5527,0.9231,0.8,15.02,hibrido_glm_region_lgbm_comuna_conformal
13129,7,13,4.438,5.435,39.147,0.8359,0.8462,0.8,15.281,hibrido_glm_region_lgbm_comuna_conformal
13129,8,13,4.247,5.52,32.197,0.7999,0.8462,0.8,15.395,hibrido_glm_region_lgbm_comuna_conformal
13130,1,13,10.403,15.136,18.231,0.5062,0.8462,0.8,29.97,hibrido_glm_region_lgbm_comuna_conformal
13130,2,13,12.172,16.256,20.706,0.5922,0.6923,0.8,30.203,hibrido_glm_region_lgbm_comuna_conformal
13130,3,13,8.259,9.134,11.066,0.4018,1.0,0.8,30.874,hibrido_glm_region_lgbm_comuna_conformal
13130,4,13,13.117,15.879,19.072,0.6382,0.6923,0.8,31.278,hibrido_glm_region_lgbm_comuna_conformal
13130,5,13,13.726,18.62,23.83,0.6678,0.6923,0.8,31.203,hibrido_glm_region_lgbm_comuna_conformal
13130,6,13,13.611,17.371,23.251,0.6622,0.6923,0.8,31.502,hibrido_glm_region_lgbm_comuna_conformal
13130,7,13,11.007,13.05,15.655,0.5356,0.6923,0.8,32.108,hibrido_glm_region_lgbm_comuna_conformal
13130,8,13,11.352,14.688,17.027,0.5523,0.7692,0.8,32.133,hibrido_glm_region_lgbm_comuna_conformal
13131,1,13,8.657,11.308,16.742,0.4766,0.7692,0.8,26.773,hibrido_glm_region_lgbm_comuna_conformal
13131,2,13,5.679,8.436,10.828,0.3126,0.9231,0.8,27.247,hibrido_glm_region_lgbm_comuna_conformal
13131,3,13,10.691,12.925,16.018,0.5885,0.6923,0.8,27.427,hibrido_glm_region_lgbm_comuna_conformal
13131,4,13,9.246,12.335,13.608,0.509,0.8462,0.8,27.502,hibrido_glm_region_lgbm_comuna_conformal
13131,5,13,8.189,10.659,16.16,0.4508,0.9231,0.8,27.528,hibrido_glm_region_lgbm_comuna_conformal
13131,6,13,7.109,8.813,12.554,0.3914,0.7692,0.8,27.465,hibrido_glm_region_lgbm_comuna_conformal
13131,7,13,9.534,11.856,14.03,0.5249,0.7692,0.8,27.883,hibrido_glm_region_lgbm_comuna_conformal
13131,8,13,9.852,11.774,14.853,0.5424,0.7692,0.8,28.14,hibrido_glm_region_lgbm_comuna_conformal
13201,1,13,13.227,18.854,13.639,0.4959,0.8462,0.8,37.209,hibrido_glm_region_lgbm_comuna_conformal
13201,2,13,9.904,11.539,8.473,0.3713,0.8462,0.8,37.603,hibrido_glm_region_lgbm_comuna_conformal
13201,3,13,12.523,14.984,11.132,0.4695,0.6154,0.8,38.243,hibrido_glm_region_lgbm_comuna_conformal
13201,4,13,10.471,12.657,8.774,0.3926,0.9231,0.8,38.157,hibrido_glm_region_lgbm_comuna_conformal
13201,5,13,13.762,20.253,14.245,0.516,0.7692,0.8,38.36,hibrido_glm_region_lgbm_comuna_conformal
13201,6,13,12.026,14.723,10.462,0.4509,0.6923,0.8,38.627,hibrido_glm_region_lgbm_comuna_conformal
13201,7,13,13.308,15.506,11.872,0.499,0.6923,0.8,39.484,hibrido_glm_region_lgbm_comuna_conformal
13201,8,13,13.417,15.271,11.256,0.5031,0.7692,0.8,39.572,hibrido_glm_region_lgbm_comuna_conformal
13202,1,13,1.663,2.232,66.809,0.5147,0.8462,0.8,8.14,hibrido_glm_region_lgbm_comuna_conformal
13202,2,13,1.403,1.867,29.467,0.4344,0.9231,0.8,8.199,hibrido_glm_region_lgbm_comuna_conformal
13202,3,13,1.642,1.961,37.429,0.5083,1.0,0.8,8.37,hibrido_glm_region_lgbm_comuna_conformal
13202,4,13,2.666,3.362,60.904,0.8254,0.7692,0.8,8.374,hibrido_glm_region_lgbm_comuna_conformal
13202,5,13,1.884,2.344,69.53,0.5834,0.9231,0.8,8.323,hibrido_glm_region_lgbm_comuna_conformal
13202,6,13,1.373,1.765,32.425,0.4249,0.9231,0.8,8.375,hibrido_glm_region_lgbm_comuna_conformal
13202,7,13,1.762,2.068,36.621,0.5456,0.9231,0.8,8.588,hibrido_glm_region_lgbm_comuna_conformal
13202,8,13,3.018,3.587,75.92,0.9342,0.8462,0.8,8.658,hibrido_glm_region_lgbm_comuna_conformal
13203,1,13,2.519,3.323,40.669,0.6424,0.7692,0.8,9.769,hibrido_glm_region_lgbm_comuna_conformal
13203,2,13,2.715,3.153,55.159,0.6924,0.9231,0.8,9.91,hibrido_glm_region_lgbm_comuna_conformal
13203,3,13,2.664,3.294,27.233,0.6794,0.8462,0.8,10.113,hibrido_glm_region_lgbm_comuna_conformal
13203,4,13,1.973,2.096,24.993,0.5031,1.0,0.8,10.203,hibrido_glm_region_lgbm_comuna_conformal
13203,5,13,3.35,4.332,46.331,0.8545,0.7692,0.8,10.145,hibrido_glm_region_lgbm_comuna_conformal
13203,6,13,3.385,3.814,111.524,0.8632,0.8462,0.8,10.394,hibrido_glm_region_lgbm_comuna_conformal
13203,7,13,2.058,2.695,20.527,0.5249,0.9231,0.8,10.588,hibrido_glm_region_lgbm_comuna_conformal
13203,8,13,1.604,1.928,20.978,0.4092,1.0,0.8,10.626,hibrido_glm_region_lgbm_comuna_conformal
13301,1,13,7.481,10.75,25.604,0.3773,0.6923,0.8,21.69,hibrido_glm_region_lgbm_comuna_conformal
13301,2,13,7.671,9.659,27.427,0.3868,0.8462,0.8,21.954,hibrido_glm_region_lgbm_comuna_conformal
13301,3,13,7.097,9.621,21.72,0.3579,0.7692,0.8,22.507,hibrido_glm_region_lgbm_comuna_conformal
13301,4,13,7.697,8.636,20.678,0.3882,0.6923,0.8,22.429,hibrido_glm_region_lgbm_comuna_conformal
13301,5,13,7.969,11.311,28.572,0.4019,0.8462,0.8,22.466,hibrido_glm_region_lgbm_comuna_conformal
13301,6,13,9.251,11.547,33.68,0.4666,0.6923,0.8,22.727,hibrido_glm_region_lgbm_comuna_conformal
13301,7,13,8.48,10.985,25.836,0.4277,0.6923,0.8,23.459,hibrido_glm_region_lgbm_comuna_conformal
13301,8,13,8.829,10.066,25.144,0.4453,0.6923,0.8,23.461,hibrido_glm_region_lgbm_comuna_conformal
13302,1,13,7.49,9.544,22.404,0.551,0.6923,0.8,21.362,hibrido_glm_region_lgbm_comuna_conformal
13302,2,13,8.205,10.185,21.002,0.6036,0.8462,0.8,21.472,hibrido_glm_region_lgbm_comuna_conformal
13302,3,13,5.033,6.932,15.537,0.3703,0.9231,0.8,21.522,hibrido_glm_region_lgbm_comuna_conformal
13302,4,13,5.422,7.46,12.167,0.3989,0.8462,0.8,21.652,hibrido_glm_region_lgbm_comuna_conformal
13302,5,13,6.225,8.46,16.876,0.458,0.7692,0.8,21.606,hibrido_glm_region_lgbm_comuna_conformal
13302,6,13,8.787,10.819,22.424,0.6465,0.6923,0.8,21.746,hibrido_glm_region_lgbm_comuna_conformal
13302,7,13,4.386,6.612,13.077,0.3227,0.8462,0.8,22.253,hibrido_glm_region_lgbm_comuna_conformal
13302,8,13,5.63,7.798,13.182,0.4142,0.8462,0.8,22.157,hibrido_glm_region_lgbm_comuna_conformal
13303,1,13,1.952,2.501,37.425,0.389,1.0,0.8,9.968,hibrido_glm_region_lgbm_comuna_conformal
13303,2,13,3.282,3.8,74.645,0.6538,0.7692,0.8,10.151,hibrido_glm_region_lgbm_comuna_conformal
13303,3,13,2.826,3.002,31.86,0.563,0.9231,0.8,10.242,hibrido_glm_region_lgbm_comuna_conformal
13303,4,13,2.242,2.872,45.553,0.4466,0.9231,0.8,10.41,hibrido_glm_region_lgbm_comuna_conformal
13303,5,13,2.414,3.034,49.203,0.4809,0.8462,0.8,10.46,hibrido_glm_region_lgbm_comuna_conformal
13303,6,13,3.713,4.343,89.275,0.7396,0.7692,0.8,10.573,hibrido_glm_region_lgbm_comuna_conformal
13303,7,13,2.791,3.012,34.025,0.5561,1.0,0.8,10.82,hibrido_glm_region_lgbm_comuna_conformal
13303,8,13,2.265,2.97,45.35,0.4512,0.8462,0.8,10.924,hibrido_glm_region_lgbm_comuna_conformal
13401,1,13,13.035,16.146,15.98,0.7791,0.6923,0.8,32.457,hibrido_glm_region_lgbm_comuna_conformal
13401,2,13,9.073,11.492,10.781,0.5423,0.9231,0.8,32.506,hibrido_glm_region_lgbm_comuna_conformal
13401,3,13,10.641,11.819,11.844,0.636,0.8462,0.8,32.979,hibrido_glm_region_lgbm_comuna_conformal
13401,4,13,18.447,27.567,16.872,1.1026,0.6923,0.8,32.995,hibrido_glm_region_lgbm_comuna_conformal
13401,5,13,13.55,15.643,16.948,0.8099,0.6923,0.8,33.375,hibrido_glm_region_lgbm_comuna_conformal
13401,6,13,9.175,12.055,11.159,0.5484,0.8462,0.8,33.396,hibrido_glm_region_lgbm_comuna_conformal
13401,7,13,11.928,13.528,13.427,0.713,0.6923,0.8,34.063,hibrido_glm_region_lgbm_comuna_conformal
13401,8,13,13.443,17.35,14.175,0.8035,0.7692,0.8,34.299,hibrido_glm_region_lgbm_comuna_conformal
13402,1,13,6.14,7.455,19.599,0.861,0.6154,0.8,17.588,hibrido_glm_region_lgbm_comuna_conformal
13402,2,13,4.751,5.654,21.42,0.6662,0.8462,0.8,17.778,hibrido_glm_region_lgbm_comuna_conformal
13402,3,13,4.277,5.76,14.918,0.5997,0.8462,0.8,17.971,hibrido_glm_region_lgbm_comuna_conformal
13402,4,13,5.917,6.644,25.412,0.8297,0.8462,0.8,17.968,hibrido_glm_region_lgbm_comuna_conformal
13402,5,13,5.692,6.892,18.189,0.7982,0.6923,0.8,18.007,hibrido_glm_region_lgbm_comuna_conformal
13402,6,13,5.789,6.886,26.724,0.8117,0.7692,0.8,18.328,hibrido_glm_region_lgbm_comuna_conformal
13402,7,13,5.478,6.666,19.517,0.7682,0.8462,0.8,18.514,hibrido_glm_region_lgbm_comuna_conformal
13402,8,13,5.945,7.324,26.074,0.8336,0.7692,0.8,18.701,hibrido_glm_region_lgbm_comuna_conformal
13403,1,13,1.746,2.311,27.309,0.8819,0.8462,0.8,6.836,hibrido_glm_region_lgbm_comuna_conformal
13403,2,13,2.279,2.765,69.789,1.1508,0.7692,0.8,6.993,hibrido_glm_region_lgbm_comuna_conformal
13403,3,13,1.899,2.422,85.363,0.9591,0.8462,0.8,6.843,hibrido_glm_region_lgbm_comuna_conformal
13403,4,13,2.339,2.781,92.78,1.1811,0.8462,0.8,7.136,hibrido_glm_region_lgbm_comuna_conformal
13403,5,13,1.852,2.457,50.396,0.9352,0.7692,0.8,7.068,hibrido_glm_region_lgbm_comuna_conformal
13403,6,13,2.133,2.689,61.784,1.0769,0.9231,0.8,7.074,hibrido_glm_region_lgbm_comuna_conformal
13403,7,13,2.097,2.913,63.83,1.0588,0.9231,0.8,7.258,hibrido_glm_region_lgbm_comuna_conformal
13403,8,13,2.364,2.907,101.081,1.1935,0.7692,0.8,7.325,hibrido_glm_region_lgbm_comuna_conformal
13404,1,13,3.622,4.784,50.52,0.7689,0.7692,0.8,12.133,hibrido_glm_region_lgbm_comuna_conformal
13404,2,13,3.164,3.78,23.629,0.6717,0.9231,0.8,12.171,hibrido_glm_region_lgbm_comuna_conformal
13404,3,13,2.268,3.006,16.183,0.4816,0.9231,0.8,12.286,hibrido_glm_region_lgbm_comuna_conformal
13404,4,13,3.467,4.571,114.008,0.736,0.8462,0.8,12.311,hibrido_glm_region_lgbm_comuna_conformal
13404,5,13,3.336,4.436,46.982,0.7083,0.8462,0.8,12.429,hibrido_glm_region_lgbm_comuna_conformal
13404,6,13,3.902,4.281,29.615,0.8283,0.9231,0.8,12.618,hibrido_glm_region_lgbm_comuna_conformal
13404,7,13,2.02,2.685,14.884,0.4289,1.0,0.8,12.794,hibrido_glm_region_lgbm_comuna_conformal
13404,8,13,3.692,4.982,134.321,0.7837,0.7692,0.8,12.936,hibrido_glm_region_lgbm_comuna_conformal
13501,1,13,5.522,6.726,11.967,0.5479,1.0,0.8,23.004,hibrido_glm_region_lgbm_comuna_conformal
13501,2,13,8.747,10.883,22.752,0.8678,0.6923,0.8,23.338,hibrido_glm_region_lgbm_comuna_conformal
13501,3,13,4.655,5.736,9.813,0.4619,1.0,0.8,23.691,hibrido_glm_region_lgbm_comuna_conformal
13501,4,13,6.535,8.301,12.796,0.6484,0.6923,0.8,23.679,hibrido_glm_region_lgbm_comuna_conformal
13501,5,13,6.156,7.09,13.845,0.6108,1.0,0.8,23.568,hibrido_glm_region_lgbm_comuna_conformal
13501,6,13,7.604,10.414,20.688,0.7544,0.6923,0.8,23.739,hibrido_glm_region_lgbm_comuna_conformal
13501,7,13,5.104,6.066,10.871,0.5064,1.0,0.8,24.272,hibrido_glm_region_lgbm_comuna_conformal
13501,8,13,6.933,7.81,14.328,0.6878,0.8462,0.8,24.343,hibrido_glm_region_lgbm_comuna_conformal
13502,1,13,1.557,1.768,70.598,1.0614,0.8462,0.8,5.341,hibrido_glm_region_lgbm_comuna_conformal
13502,2,13,1.441,1.64,88.364,0.982,1.0,0.8,5.269,hibrido_glm_region_lgbm_comuna_conformal
13502,3,13,1.407,1.856,54.769,0.9587,0.8462,0.8,5.241,hibrido_glm_region_lgbm_comuna_conformal
13502,4,13,1.591,2.125,56.414,1.0843,0.8462,0.8,5.368,hibrido_glm_region_lgbm_comuna_conformal
13502,5,13,1.351,1.609,53.664,0.9209,0.9231,0.8,5.456,hibrido_glm_region_lgbm_comuna_conformal
13502,6,13,1.473,1.721,84.434,1.0039,0.9231,0.8,5.419,hibrido_glm_region_lgbm_comuna_conformal
13502,7,13,1.276,1.811,56.511,0.8695,0.9231,0.8,5.488,hibrido_glm_region_lgbm_comuna_conformal
13502,8,13,1.252,1.558,54.031,0.8537,0.9231,0.8,5.496,hibrido_glm_region_lgbm_comuna_conformal
13503,1,13,4.018,4.733,20.75,0.7151,0.9231,0.8,14.583,hibrido_glm_region_lgbm_comuna_conformal
13503,2,13,4.052,5.597,20.782,0.7212,0.8462,0.8,14.747,hibrido_glm_region_lgbm_comuna_conformal
13503,3,13,3.716,4.469,19.031,0.6613,0.8462,0.8,14.856,hibrido_glm_region_lgbm_comuna_conformal
13503,4,13,3.463,4.544,16.93,0.6163,0.8462,0.8,14.952,hibrido_glm_region_lgbm_comuna_conformal
13503,5,13,3.774,4.771,19.748,0.6718,0.8462,0.8,15.066,hibrido_glm_region_lgbm_comuna_conformal
13503,6,13,4.67,6.186,24.873,0.8312,0.9231,0.8,15.186,hibrido_glm_region_lgbm_comuna_conformal
13503,7,13,3.872,4.622,19.404,0.6892,0.8462,0.8,15.396,hibrido_glm_region_lgbm_comuna_conformal
13503,8,13,3.866,5.156,19.609,0.688,0.9231,0.8,15.597,hibrido_glm_region_lgbm_comuna_conformal
13504,1,13,2.916,3.532,103.6,1.0236,0.5385,0.8,8.138,hibrido_glm_region_lgbm_comuna_conformal
13504,2,13,2.338,3.011,49.33,0.8208,0.8462,0.8,8.209,hibrido_glm_region_lgbm_comuna_conformal
13504,3,13,1.637,1.88,38.096,0.5746,1.0,0.8,8.446,hibrido_glm_region_lgbm_comuna_conformal
13504,4,13,1.011,1.312,22.029,0.3548,1.0,0.8,8.437,hibrido_glm_region_lgbm_comuna_conformal
13504,5,13,2.952,3.305,98.466,1.0362,0.6923,0.8,8.335,hibrido_glm_region_lgbm_comuna_conformal
13504,6,13,2.349,2.946,50.111,0.8246,0.8462,0.8,8.383,hibrido_glm_region_lgbm_comuna_conformal
13504,7,13,1.541,1.842,35.379,0.5408,1.0,0.8,8.649,hibrido_glm_region_lgbm_comuna_conformal
13504,8,13,1.048,1.456,26.279,0.368,1.0,0.8,8.578,hibrido_glm_region_lgbm_comuna_conformal
13505,1,13,1.41,1.701,71.983,0.5345,1.0,0.8,6.52,hibrido_glm_region_lgbm_comuna_conformal
13505,2,13,2.645,3.55,37.851,1.0027,0.6923,0.8,6.624,hibrido_glm_region_lgbm_comuna_conformal
13505,3,13,1.68,2.174,79.046,0.637,0.9231,0.8,6.779,hibrido_glm_region_lgbm_comuna_conformal
13505,4,13,1.931,2.096,52.447,0.7321,0.9231,0.8,6.696,hibrido_glm_region_lgbm_comuna_conformal
13505,5,13,1.584,1.902,76.625,0.6003,0.9231,0.8,6.612,hibrido_glm_region_lgbm_comuna_conformal
13505,6,13,2.638,3.565,39.608,1.0,0.5385,0.8,6.575,hibrido_glm_region_lgbm_comuna_conformal
13505,7,13,1.895,2.479,80.306,0.7182,0.8462,0.8,6.645,hibrido_glm_region_lgbm_comuna_conformal
13505,8,13,1.755,2.071,48.088,0.6654,0.8462,0.8,6.699,hibrido_glm_region_lgbm_comuna_conformal
13601,1,13,7.901,10.326,19.71,0.99,0.6923,0.8,22.752,hibrido_glm_region_lgbm_comuna_conformal
13601,2,13,5.633,7.02,12.918,0.7059,0.8462,0.8,23.036,hibrido_glm_region_lgbm_comuna_conformal
13601,3,13,6.518,8.222,15.903,0.8167,0.8462,0.8,23.316,hibrido_glm_region_lgbm_comuna_conformal
13601,4,13,5.085,5.819,11.976,0.6372,1.0,0.8,23.467,hibrido_glm_region_lgbm_comuna_conformal
13601,5,13,7.469,10.04,19.107,0.9359,0.6923,0.8,23.359,hibrido_glm_region_lgbm_comuna_conformal
13601,6,13,4.954,6.071,11.634,0.6208,0.9231,0.8,23.52,hibrido_glm_region_lgbm_comuna_conformal
13601,7,13,6.765,8.448,16.376,0.8477,0.8462,0.8,23.899,hibrido_glm_region_lgbm_comuna_conformal
13601,8,13,4.041,4.894,9.644,0.5064,1.0,0.8,24.055,hibrido_glm_region_lgbm_comuna_conformal
13602,1,13,2.579,3.166,44.605,0.5757,0.8462,0.8,9.867,hibrido_glm_region_lgbm_comuna_conformal
13602,2,13,2.75,3.537,32.467,0.6137,0.8462,0.8,9.965,hibrido_glm_region_lgbm_comuna_conformal
13602,3,13,2.747,3.444,50.455,0.6131,0.8462,0.8,10.009,hibrido_glm_region_lgbm_comuna_conformal
13602,4,13,3.075,3.606,63.831,0.6863,0.8462,0.8,10.208,hibrido_glm_region_lgbm_comuna_conformal
13602,5,13,2.211,2.883,39.466,0.4935,0.9231,0.8,10.234,hibrido_glm_region_lgbm_comuna_conformal
13602,6,13,3.044,3.838,38.046,0.6794,0.8462,0.8,10.32,hibrido_glm_region_lgbm_comuna_conformal
13602,7,13,3.118,3.642,60.105,0.6958,0.7692,0.8,10.589,hibrido_glm_region_lgbm_comuna_conformal
13602,8,13,2.851,3.64,69.044,0.6364,0.9231,0.8,10.675,hibrido_glm_region_lgbm_comuna_conformal
13603,1,13,4.268,5.881,21.399,0.7492,0.8462,0.8,14.448,hibrido_glm_region_lgbm_comuna_conformal
13603,2,13,4.757,5.857,24.262,0.835,0.8462,0.8,14.471,hibrido_glm_region_lgbm_comuna_conformal
13603,3,13,5.079,5.659,33.548,0.8915,0.7692,0.8,14.609,hibrido_glm_region_lgbm_comuna_conformal
13603,4,13,3.971,5.382,21.691,0.697,0.9231,0.8,14.732,hibrido_glm_region_lgbm_comuna_conformal
13603,5,13,4.4,6.344,21.353,0.7724,0.8462,0.8,14.646,hibrido_glm_region_lgbm_comuna_conformal
13603,6,13,5.171,6.261,24.642,0.9077,0.6923,0.8,14.801,hibrido_glm_region_lgbm_comuna_conformal
13603,7,13,5.831,6.085,38.174,1.0234,0.7692,0.8,15.108,hibrido_glm_region_lgbm_comuna_conformal
13603,8,13,3.771,5.376,20.314,0.6618,0.8462,0.8,15.282,hibrido_glm_region_lgbm_comuna_conformal
13604,1,13,4.634,6.727,20.943,0.5685,0.8462,0.8,18.073,hibrido_glm_region_lgbm_comuna_conformal
13604,2,13,7.162,7.441,26.19,0.8787,0.6923,0.8,18.096,hibrido_glm_region_lgbm_comuna_conformal
13604,3,13,7.833,9.715,25.484,0.961,0.6923,0.8,18.386,hibrido_glm_region_lgbm_comuna_conformal
13604,4,13,5.787,6.486,22.97,0.71,0.9231,0.8,18.529,hibrido_glm_region_lgbm_comuna_conformal
13604,5,13,4.379,5.943,19.613,0.5373,0.8462,0.8,18.468,hibrido_glm_region_lgbm_comuna_conformal
13604,6,13,6.814,7.644,25.483,0.8359,0.6923,0.8,18.54,hibrido_glm_region_lgbm_comuna_conformal
13604,7,13,8.085,9.888,25.355,0.9919,0.6923,0.8,18.95,hibrido_glm_region_lgbm_comuna_conformal
13604,8,13,5.008,5.459,20.27,0.6143,1.0,0.8,18.967,hibrido_glm_region_lgbm_comuna_conformal
13605,1,13,7.875,11.015,20.733,0.6544,0.8462,0.8,21.091,hibrido_glm_region_lgbm_comuna_conformal
13605,2,13,6.308,8.071,16.425,0.5243,0.7692,0.8,21.321,hibrido_glm_region_lgbm_comuna_conformal
13605,3,13,5.767,7.949,13.017,0.4793,0.8462,0.8,21.619,hibrido_glm_region_lgbm_comuna_conformal
13605,4,13,6.414,8.397,19.139,0.533,0.7692,0.8,21.741,hibrido_glm_region_lgbm_comuna_conformal
13605,5,13,7.721,10.718,19.569,0.6416,0.8462,0.8,21.69,hibrido_glm_region_lgbm_comuna_conformal
13605,6,13,6.767,7.857,17.289,0.5624,0.7692,0.8,21.971,hibrido_glm_region_lgbm_comuna_conformal
13605,7,13,6.535,8.346,15.443,0.5431,0.7692,0.8,22.238,hibrido_glm_region_lgbm_comuna_conformal
13605,8,13,7.902,8.918,23.245,0.6567,0.8462,0.8,22.545,hibrido_glm_region_lgbm_comuna_conformal
RM,1,13,189.465,318.073,11.506,0.8524,0.8462,0.8,484.786,hibrido_glm_region_lgbm_comuna_conformal
RM,2,13,123.782,172.084,6.135,0.5569,0.8462,0.8,450.132,hibrido_glm_region_lgbm_comuna_conformal
RM,3,13,111.191,141.105,5.317,0.5002,0.9231,0.8,511.141,hibrido_glm_region_lgbm_comuna_conformal
RM,4,13,76.168,109.801,3.482,0.3427,0.9231,0.8,475.419,hibrido_glm_region_lgbm_comuna_conformal
RM,5,13,179.614,331.51,11.295,0.8081,0.8462,0.8,482.158,hibrido_glm_region_lgbm_comuna_conformal
RM,6,13,163.933,206.126,8.188,0.7375,0.7692,0.8,501.804,hibrido_glm_region_lgbm_comuna_conformal
RM,7,13,134.635,169.181,6.492,0.6057,0.8462,0.8,538.093,hibrido_glm_region_lgbm_comuna_conformal
RM,8,13,107.119,133.436,5.074,0.4819,1.0,0.8,525.343,hibrido_glm_region_lgbm_comuna_conformal
13101,1,13,9.149,12.711,16.651,0.6943,0.7692,0.8,23.029,lightgbm_global_bottom_up
13101,2,13,10.116,13.55,20.13,0.7677,0.6154,0.8,23.03,lightgbm_global_bottom_up
13101,3,13,7.769,9.234,11.256,0.5896,0.6923,0.8,24.121,lightgbm_global_bottom_up
13101,4,13,4.151,5.874,6.352,0.315,0.9231,0.8,24.247,lightgbm_global_bottom_up
13101,5,13,9.849,13.063,17.756,0.7474,0.8462,0.8,23.906,lightgbm_global_bottom_up
13101,6,13,12.621,15.012,24.045,0.9577,0.5385,0.8,25.402,lightgbm_global_bottom_up
13101,7,13,7.816,9.079,11.071,0.5931,0.8462,0.8,25.057,lightgbm_global_bottom_up
13101,8,13,4.801,5.741,7.146,0.3643,1.0,0.8,24.6,lightgbm_global_bottom_up
13102,1,13,5.062,6.409,24.423,0.619,0.8462,0.8,19.712,lightgbm_global_bottom_up
13102,2,13,6.642,8.515,31.562,0.8123,0.6923,0.8,22.973,lightgbm_global_bottom_up
13102,3,13,4.564,6.138,16.961,0.5581,0.8462,0.8,22.439,lightgbm_global_bottom_up
13102,4,13,8.975,11.149,27.861,1.0975,0.6923,0.8,20.901,lightgbm_global_bottom_up
13102,5,13,6.047,7.323,25.552,0.7395,0.7692,0.8,20.895,lightgbm_global_bottom_up
13102,6,13,6.79,8.026,30.874,0.8303,0.6154,0.8,21.96,lightgbm_global_bottom_up
13102,7,13,5.942,8.16,20.729,0.7266,0.7692,0.8,21.925,lightgbm_global_bottom_up
13102,8,13,9.731,11.967,29.677,1.1899,0.6923,0.8,23.002,lightgbm_global_bottom_up
13103,1,13,14.075,21.108,32.896,0.4671,0.6154,0.8,29.926,lightgbm_global_bottom_up
13103,2,13,13.698,15.744,22.056,0.4546,0.5385,0.8,30.562,lightgbm_global_bottom_up
13103,3,13,9.356,10.142,13.107,0.3105,0.8462,0.8,31.92,lightgbm_global_bottom_up
13103,4,13,9.17,10.809,12.266,0.3043,0.7692,0.8,32.193,lightgbm_global_bottom_up
13103,5,13,13.398,22.578,33.49,0.4447,0.6923,0.8,33.514,lightgbm_global_bottom_up
13103,6,13,15.315,17.793,24.811,0.5083,0.5385,0.8,33.804,lightgbm_global_bottom_up
13103,7,13,9.712,11.226,13.44,0.3223,0.7692,0.8,34.42,lightgbm_global_bottom_up
13103,8,13,9.652,11.262,13.851,0.3203,0.7692,0.8,33.715,lightgbm_global_bottom_up
13104,1,13,9.432,12.093,28.237,0.7737,0.6923,0.8,20.829,lightgbm_global_bottom_up
13104,2,13,6.718,9.031,19.932,0.5511,0.6923,0.8,21.418,lightgbm_global_bottom_up
13104,3,13,5.015,6.136,16.073,0.4114,0.8462,0.8,20.153,lightgbm_global_bottom_up
13104,4,13,7.003,8.104,17.837,0.5745,0.7692,0.8,20.955,lightgbm_global_bottom_up
13104,5,13,9.202,12.068,27.424,0.7548,0.7692,0.8,21.025,lightgbm_global_bottom_up
13104,6,13,6.977,8.291,21.461,0.5723,0.6923,0.8,20.289,lightgbm_global_bottom_up
13104,7,13,5.281,6.48,16.936,0.4332,0.6923,0.8,19.806,lightgbm_global_bottom_up
13104,8,13,6.697,7.692,17.199,0.5493,0.7692,0.8,19.836,lightgbm_global_bottom_up
13105,1,13,8.505,10.81,27.904,1.0956,0.6154,0.8,18.643,lightgbm_global_bottom_up
13105,2,13,6.606,8.674,18.758,0.851,0.6923,0.8,18.28,lightgbm_global_bottom_up
13105,3,13,9.376,19.563,18.119,1.2077,0.7692,0.8,18.8,lightgbm_global_bottom_up
13105,4,13,4.185,5.019,13.651,0.5391,0.8462,0.8,18.991,lightgbm_global_bottom_up
13105,5,13,8.363,10.952,27.836,1.0772,0.6154,0.8,18.696,lightgbm_global_bottom_up
13105,6,13,5.974,8.266,16.438,0.7695,0.7692,0.8,17.926,lightgbm_global_bottom_up
13105,7,13,9.037,19.327,16.481,1.1641,0.6923,0.8,17.805,lightgbm_global_bottom_up
13105,8,13,4.052,4.744,13.243,0.5219,0.7692,0.8,16.584,lightgbm_global_bottom_up
13106,1,13,4.609,5.411,22.936,0.6958,0.7692,0.8,12.238,lightgbm_global_bottom_up
13106,2,13,3.374,4.032,20.708,0.5093,0.8462,0.8,12.247,lightgbm_global_bottom_up
13106,3,13,4.197,5.06,22.233,0.6335,0.6154,0.8,12.285,lightgbm_global_bottom_up
13106,4,13,4.594,5.27,25.144,0.6934,0.6923,0.8,11.186,lightgbm_global_bottom_up
13106,5,13,4.468,5.313,21.878,0.6745,0.6923,0.8,12.363,lightgbm_global_bottom_up
13106,6,13,3.114,4.051,19.322,0.47,0.7692,0.8,11.81,lightgbm_global_bottom_up
13106,7,13,4.255,5.138,23.341,0.6423,0.6154,0.8,12.135,lightgbm_global_bottom_up
13106,8,13,4.125,4.71,24.184,0.6226,0.6923,0.8,11.719,lightgbm_global_bottom_up
13107,1,13,5.335,6.368,25.385,0.3417,0.9231,0.8,18.123,lightgbm_global_bottom_up
13107,2,13,3.949,4.976,15.021,0.2529,0.8462,0.8,16.514,lightgbm_global_bottom_up
13107,3,13,6.316,7.522,28.611,0.4046,0.8462,0.8,16.862,lightgbm_global_bottom_up
13107,4,13,6.6,7.859,25.144,0.4228,0.6923,0.8,17.518,lightgbm_global_bottom_up
13107,5,13,5.719,7.478,26.682,0.3663,0.7692,0.8,17.001,lightgbm_global_bottom_up
13107,6,13,4.035,5.256,15.994,0.2585,0.9231,0.8,17.21,lightgbm_global_bottom_up
13107,7,13,6.308,7.138,27.697,0.404,0.6154,0.8,16.58,lightgbm_global_bottom_up
13107,8,13,7.065,9.308,25.324,0.4526,0.6923,0.8,16.851,lightgbm_global_bottom_up
13108,1,13,9.404,12.882,30.525,0.5868,0.6923,0.8,27.028,lightgbm_global_bottom_up
13108,2,13,6.862,8.425,18.286,0.4282,0.7692,0.8,26.076,lightgbm_global_bottom_up
13108,3,13,9.182,11.874,18.453,0.5729,0.6923,0.8,25.588,lightgbm_global_bottom_up
13108,4,13,7.746,9.281,17.932,0.4833,0.7692,0.8,25.348,lightgbm_global_bottom_up
13108,5,13,7.227,11.806,24.526,0.451,0.7692,0.8,24.963,lightgbm_global_bottom_up
13108,6,13,7.339,8.867,19.634,0.4579,0.7692,0.8,26.567,lightgbm_global_bottom_up
13108,7,13,8.723,11.271,16.638,0.5443,0.8462,0.8,26.72,lightgbm_global_bottom_up
13108,8,13,8.018,10.407,18.135,0.5003,0.6923,0.8,26.484,lightgbm_global_bottom_up
13109,1,13,2.914,3.59,35.139,0.6987,0.6154,0.8,6.969,lightgbm_global_bottom_up
13109,2,13,1.948,2.582,22.221,0.4671,0.8462,0.8,7.009,lightgbm_global_bottom_up
13109,3,13,1.626,2.059,24.607,0.3898,0.9231,0.8,7.105,lightgbm_global_bottom_up
13109,4,13,2.847,3.379,33.875,0.6825,0.6154,0.8,7.424,lightgbm_global_bottom_up
13109,5,13,2.615,3.367,31.483,0.6269,0.7692,0.8,7.47,lightgbm_global_bottom_up
13109,6,13,1.968,2.476,23.326,0.4719,0.8462,0.8,7.233,lightgbm_global_bottom_up
13109,7,13,1.655,1.984,27.078,0.3967,0.8462,0.8,6.745,lightgbm_global_bottom_up
13109,8,13,2.902,3.395,37.024,0.6957,0.5385,0.8,6.698,lightgbm_global_bottom_up
13110,1,13,12.578,15.733,18.018,1.0246,0.6154,0.8,36.054,lightgbm_global_bottom_up
13110,2,13,12.48,16.293,12.846,1.0166,0.7692,0.8,34.662,lightgbm_global_bottom_up
13110,3,13,12.729,14.37,14.632,1.0369,0.6923,0.8,36.953,lightgbm_global_bottom_up
13110,4,13,16.745,19.898,18.632,1.364,0.7692,0.8,35.075,lightgbm_global_bottom_up
13110,5,13,12.966,14.576,17.548,1.0562,0.4615,0.8,37.131,lightgbm_global_bottom_up
13110,6,13,13.145,16.729,13.761,1.0707,0.7692,0.8,36.452,lightgbm_global_bottom_up
13110,7,13,12.883,16.319,14.339,1.0494,0.6154,0.8,36.308,lightgbm_global_bottom_up
13110,8,13,20.045,23.082,21.957,1.6328,0.6923,0.8,34.761,lightgbm_global_bottom_up
13111,1,13,7.683,9.369,52.107,1.2776,0.5385,0.8,20.876,lightgbm_global_bottom_up
13111,2,13,5.172,6.697,22.49,0.8601,0.7692,0.8,20.179,lightgbm_global_bottom_up
13111,3,13,5.349,5.92,17.926,0.8895,0.9231,0.8,20.254,lightgbm_global_bottom_up
13111,4,13,6.561,7.869,23.07,1.0911,0.6923,0.8,20.133,lightgbm_global_bottom_up
13111,5,13,7.478,9.193,44.554,1.2436,0.5385,0.8,19.314,lightgbm_global_bottom_up
13111,6,13,5.749,7.241,23.202,0.9561,0.7692,0.8,19.492,lightgbm_global_bottom_up
13111,7,13,5.945,7.302,19.079,0.9887,0.9231,0.8,19.357,lightgbm_global_bottom_up
13111,8,13,8.506,9.887,27.051,1.4145,0.6154,0.8,20.151,lightgbm_global_bottom_up
13112,1,13,10.665,12.27,25.026,0.9873,0.7692,0.8,25.758,lightgbm_global_bottom_up
13112,2,13,7.754,9.465,15.411,0.7178,0.8462,0.8,26.146,lightgbm_global_bottom_up
13112,3,13,10.002,12.351,23.486,0.9258,0.6923,0.8,26.575,lightgbm_global_bottom_up
13112,4,13,8.271,11.503,20.042,0.7656,0.6154,0.8,27.201,lightgbm_global_bottom_up
13112,5,13,10.387,12.654,24.821,0.9615,0.6923,0.8,27.857,lightgbm_global_bottom_up
13112,6,13,9.346,10.712,20.078,0.8651,0.7692,0.8,28.04,lightgbm_global_bottom_up
13112,7,13,11.028,12.904,25.435,1.0208,0.6154,0.8,27.093,lightgbm_global_bottom_up
13112,8,13,9.39,13.084,21.813,0.8693,0.6923,0.8,27.447,lightgbm_global_bottom_up
13113,1,13,3.053,3.845,26.689,0.6058,0.7692,0.8,9.529,lightgbm_global_bottom_up
13113,2,13,2.228,2.67,17.801,0.4421,0.9231,0.8,8.991,lightgbm_global_bottom_up
13113,3,13,2.703,3.15,21.208,0.5364,0.9231,0.8,8.801,lightgbm_global_bottom_up
13113,4,13,3.048,4.005,19.698,0.6049,0.8462,0.8,8.292,lightgbm_global_bottom_up
13113,5,13,3.352,4.33,25.378,0.6652,0.8462,0.8,8.287,lightgbm_global_bottom_up
13113,6,13,2.849,3.292,22.045,0.5654,0.6923,0.8,8.577,lightgbm_global_bottom_up
13113,7,13,2.317,2.892,14.826,0.4598,0.9231,0.8,8.641,lightgbm_global_bottom_up
13113,8,13,3.173,4.198,20.547,0.6296,0.6923,0.8,8.586,lightgbm_global_bottom_up
13114,1,13,4.623,5.811,146.494,0.717,0.6154,0.8,10.293,lightgbm_global_bottom_up
13114,2,13,5.167,6.115,185.769,0.8014,0.6154,0.8,10.018,lightgbm_global_bottom_up
13114,3,13,3.502,3.883,64.822,0.5432,0.8462,0.8,9.973,lightgbm_global_bottom_up
13114,4,13,3.555,4.509,74.662,0.5513,0.7692,0.8,9.422,lightgbm_global_bottom_up
13114,5,13,4.469,5.319,125.702,0.6932,0.6154,0.8,9.27,lightgbm_global_bottom_up
13114,6,13,6.08,6.86,222.953,0.943,0.4615,0.8,9.256,lightgbm_global_bottom_up
13114,7,13,3.237,3.576,62.991,0.502,0.7692,0.8,8.43,lightgbm_global_bottom_up
13114,8,13,3.992,4.94,89.273,0.6192,0.6923,0.8,9.549,lightgbm_global_bottom_up
13115,1,13,1.407,1.944,26.372,0.7664,0.8462,0.8,5.835,lightgbm_global_bottom_up
13115,2,13,1.292,1.645,50.811,0.7039,0.8462,0.8,5.316,lightgbm_global_bottom_up
13115,3,13,1.808,2.289,73.52,0.9847,0.6923,0.8,5.006,lightgbm_global_bottom_up
13115,4,13,1.758,1.988,68.419,0.958,0.8462,0.8,5.259,lightgbm_global_bottom_up
13115,5,13,1.523,2.01,29.124,0.8296,0.8462,0.8,5.033,lightgbm_global_bottom_up
13115,6,13,1.166,1.508,50.14,0.6351,0.8462,0.8,5.055,lightgbm_global_bottom_up
13115,7,13,1.94,2.299,75.621,1.057,0.6154,0.8,5.182,lightgbm_global_bottom_up
13115,8,13,1.791,2.042,67.701,0.9757,0.7692,0.8,5.112,lightgbm_global_bottom_up
13116,1,13,4.785,6.346,17.105,0.5355,0.9231,0.8,16.94,lightgbm_global_bottom_up
13116,2,13,7.012,8.055,22.479,0.7848,0.6923,0.8,17.546,lightgbm_global_bottom_up
13116,3,13,5.004,6.169,14.816,0.5601,0.7692,0.8,16.554,lightgbm_global_bottom_up
13116,4,13,4.46,6.151,11.718,0.4992,0.8462,0.8,16.733,lightgbm_global_bottom_up
13116,5,13,4.98,6.762,17.347,0.5574,0.9231,0.8,16.492,lightgbm_global_bottom_up
13116,6,13,6.637,7.342,22.499,0.7429,0.6923,0.8,16.793,lightgbm_global_bottom_up
13116,7,13,4.503,5.771,12.331,0.504,0.7692,0.8,16.725,lightgbm_global_bottom_up
13116,8,13,3.676,5.255,9.804,0.4114,0.9231,0.8,16.751,lightgbm_global_bottom_up
13117,1,13,6.908,9.961,19.116,0.9252,0.7692,0.8,19.784,lightgbm_global_bottom_up
13117,2,13,6.155,9.582,12.912,0.8243,0.7692,0.8,18.626,lightgbm_global_bottom_up
13117,3,13,3.797,4.724,11.055,0.5085,0.8462,0.8,19.175,lightgbm_global_bottom_up
13117,4,13,6.5,7.744,16.738,0.8705,0.6923,0.8,19.387,lightgbm_global_bottom_up
13117,5,13,6.485,8.909,17.559,0.8685,0.7692,0.8,19.443,lightgbm_global_bottom_up
13117,6,13,5.469,9.332,12.034,0.7325,0.8462,0.8,18.98,lightgbm_global_bottom_up
13117,7,13,4.94,6.199,13.852,0.6616,0.7692,0.8,19.746,lightgbm_global_bottom_up
13117,8,13,6.586,7.355,17.043,0.882,0.6923,0.8,19.596,lightgbm_global_bottom_up
13118,1,13,3.353,4.512,59.139,0.684,0.6923,0.8,9.267,lightgbm_global_bottom_up
13118,2,13,3.636,4.176,46.115,0.7418,0.5385,0.8,9.031,lightgbm_global_bottom_up
13118,3,13,3.031,3.542,58.331,0.6184,0.7692,0.8,9.345,lightgbm_global_bottom_up
13118,4,13,2.306,2.828,43.41,0.4706,0.8462,0.8,8.95,lightgbm_global_bottom_up
13118,5,13,3.274,4.299,58.19,0.6679,0.7692,0.8,9.033,lightgbm_global_bottom_up
13118,6,13,5.105,7.539,49.593,1.0416,0.5385,0.8,8.602,lightgbm_global_bottom_up
13118,7,13,2.684,3.049,45.819,0.5477,0.8462,0.8,8.731,lightgbm_global_bottom_up
13118,8,13,2.346,2.726,42.465,0.4787,0.8462,0.8,8.979,lightgbm_global_bottom_up
13119,1,13,14.569,16.906,19.175,0.9582,0.5385,0.8,33.333,lightgbm_global_bottom_up
13119,2,13,10.128,12.575,11.969,0.6662,0.6154,0.8,34.205,lightgbm_global_bottom_up
13119,3,13,10.649,13.58,12.299,0.7004,0.5385,0.8,35.055,lightgbm_global_bottom_up
13119,4,13,13.994,16.048,14.797,0.9204,0.6154,0.8,36.756,lightgbm_global_bottom_up
13119,5,13,15.353,19.068,20.436,1.0098,0.4615,0.8,37.17,lightgbm_global_bottom_up
13119,6,13,14.115,16.795,16.4,0.9284,0.6154,0.8,36.925,lightgbm_global_bottom_up
13119,7,13,16.129,18.29,18.348,1.0609,0.5385,0.8,38.94,lightgbm_global_bottom_up
13119,8,13,13.878,17.047,14.601,0.9128,0.5385,0.8,37.239,lightgbm_global_bottom_up
13120,1,13,6.734,7.931,28.875,0.8565,0.6923,0.8,15.899,lightgbm_global_bottom_up
13120,2,13,6.894,8.611,24.77,0.8769,0.7692,0.8,15.453,lightgbm_global_bottom_up
13120,3,13,6.026,7.346,17.504,0.7665,0.6923,0.8,16.588,lightgbm_global_bottom_up
13120,4,13,4.105,4.949,14.967,0.5222,0.9231,0.8,16.914,lightgbm_global_bottom_up
13120,5,13,5.96,6.865,25.69,0.7581,0.7692,0.8,17.43,lightgbm_global_bottom_up
13120,6,13,6.79,8.777,24.882,0.8636,0.6923,0.8,17.098,lightgbm_global_bottom_up
13120,7,13,5.811,7.367,16.914,0.7392,0.6923,0.8,17.085,lightgbm_global_bottom_up
13120,8,13,4.256,5.257,15.986,0.5414,0.8462,0.8,16.65,lightgbm_global_bottom_up
13121,1,13,7.039,9.652,28.693,0.9083,0.6154,0.8,17.646,lightgbm_global_bottom_up
13121,2,13,6.85,7.91,25.018,0.8839,0.5385,0.8,15.946,lightgbm_global_bottom_up
13121,3,13,4.557,5.313,14.005,0.588,0.7692,0.8,16.655,lightgbm_global_bottom_up
13121,4,13,6.082,7.407,16.941,0.7848,0.6154,0.8,16.516,lightgbm_global_bottom_up
13121,5,13,7.034,9.154,28.321,0.9077,0.6923,0.8,16.29,lightgbm_global_bottom_up
13121,6,13,6.143,7.295,22.312,0.7926,0.6154,0.8,15.991,lightgbm_global_bottom_up
13121,7,13,4.715,5.356,15.06,0.6083,0.7692,0.8,16.007,lightgbm_global_bottom_up
13121,8,13,6.222,7.453,17.945,0.8029,0.5385,0.8,15.905,lightgbm_global_bottom_up
13122,1,13,9.778,12.978,23.331,0.7135,0.6923,0.8,26.255,lightgbm_global_bottom_up
13122,2,13,6.628,7.609,12.77,0.4837,0.9231,0.8,28.327,lightgbm_global_bottom_up
13122,3,13,7.771,9.477,15.672,0.5671,0.8462,0.8,28.893,lightgbm_global_bottom_up
13122,4,13,9.162,11.466,17.248,0.6685,0.7692,0.8,28.371,lightgbm_global_bottom_up
13122,5,13,9.862,12.912,23.241,0.7196,0.7692,0.8,28.74,lightgbm_global_bottom_up
13122,6,13,5.796,6.902,10.495,0.423,0.8462,0.8,26.796,lightgbm_global_bottom_up
13122,7,13,7.161,8.252,13.189,0.5226,0.7692,0.8,27.017,lightgbm_global_bottom_up
13122,8,13,9.666,11.95,17.339,0.7054,0.6923,0.8,25.107,lightgbm_global_bottom_up
13123,1,13,12.69,15.541,29.006,0.898,0.7692,0.8,30.716,lightgbm_global_bottom_up
13123,2,13,8.62,10.615,16.359,0.61,0.8462,0.8,30.785,lightgbm_global_bottom_up
13123,3,13,9.687,11.505,18.656,0.6855,0.6923,0.8,30.4,lightgbm_global_bottom_up
13123,4,13,15.954,29.685,21.119,1.129,0.6923,0.8,29.284,lightgbm_global_bottom_up
13123,5,13,10.445,14.123,25.811,0.7391,0.6923,0.8,27.518,lightgbm_global_bottom_up
13123,6,13,10.58,12.553,19.665,0.7487,0.6154,0.8,27.673,lightgbm_global_bottom_up
13123,7,13,9.424,11.353,17.432,0.6669,0.6923,0.8,26.358,lightgbm_global_bottom_up
13123,8,13,17.003,31.289,22.639,1.2032,0.4615,0.8,26.87,lightgbm_global_bottom_up
13124,1,13,9.531,12.446,22.877,0.7109,0.6923,0.8,24.526,lightgbm_global_bottom_up
13124,2,13,8.818,9.946,17.088,0.6577,0.6154,0.8,23.326,lightgbm_global_bottom_up
13124,3,13,6.127,7.492,11.655,0.4569,0.8462,0.8,24.245,lightgbm_global_bottom_up
13124,4,13,8.78,12.1,15.071,0.6548,0.6923,0.8,23.902,lightgbm_global_bottom_up
13124,5,13,9.06,13.576,22.76,0.6757,0.6923,0.8,23.565,lightgbm_global_bottom_up
13124,6,13,9.283,10.737,17.137,0.6924,0.5385,0.8,23.316,lightgbm_global_bottom_up
13124,7,13,7.759,10.438,13.423,0.5787,0.4615,0.8,22.138,lightgbm_global_bottom_up
13124,8,13,7.508,9.994,14.123,0.56,0.7692,0.8,21.251,lightgbm_global_bottom_up
13125,1,13,12.465,15.247,24.637,1.1225,0.6154,0.8,26.487,lightgbm_global_bottom_up
13125,2,13,8.868,11.159,15.095,0.7985,0.6923,0.8,25.21,lightgbm_global_bottom_up
13125,3,13,7.902,9.529,14.385,0.7116,0.9231,0.8,25.677,lightgbm_global_bottom_up
13125,4,13,8.854,10.749,14.744,0.7973,0.7692,0.8,24.946,lightgbm_global_bottom_up
13125,5,13,12.55,14.434,24.983,1.1301,0.6923,0.8,25.561,lightgbm_global_bottom_up
13125,6,13,10.531,13.626,19.534,0.9483,0.5385,0.8,24.341,lightgbm_global_bottom_up
13125,7,13,8.847,10.548,16.532,0.7967,0.7692,0.8,25.516,lightgbm_global_bottom_up
13125,8,13,8.015,9.648,14.329,0.7217,0.8462,0.8,23.676,lightgbm_global_bottom_up
13126,1,13,2.811,3.947,15.994,0.4619,0.8462,0.8,12.636,lightgbm_global_bottom_up
13126,2,13,5.216,6.267,28.766,0.8572,0.4615,0.8,12.703,lightgbm_global_bottom_up
13126,3,13,2.471,3.315,12.241,0.4061,0.8462,0.8,12.634,lightgbm_global_bottom_up
13126,4,13,4.568,5.23,27.049,0.7506,0.6154,0.8,13.185,lightgbm_global_bottom_up
13126,5,13,4.118,5.362,22.943,0.6767,0.8462,0.8,13.612,lightgbm_global_bottom_up
13126,6,13,5.277,6.025,28.925,0.8671,0.6154,0.8,12.694,lightgbm_global_bottom_up
13126,7,13,3.466,4.287,16.573,0.5696,0.9231,0.8,13.257,lightgbm_global_bottom_up
13126,8,13,5.11,5.834,27.754,0.8396,0.6154,0.8,13.105,lightgbm_global_bottom_up
13127,1,13,61.206,83.315,20.5,0.6847,0.6923,0.8,135.194,lightgbm_global_bottom_up
13127,2,13,43.249,53.144,11.672,0.4838,0.6154,0.8,146.718,lightgbm_global_bottom_up
13127,3,13,48.782,57.439,13.306,0.5457,0.6923,0.8,148.361,lightgbm_global_bottom_up
13127,4,13,39.052,46.437,10.319,0.4368,0.8462,0.8,129.581,lightgbm_global_bottom_up
13127,5,13,62.062,78.47,20.119,0.6942,0.6154,0.8,137.189,lightgbm_global_bottom_up
13127,6,13,45.72,52.95,12.795,0.5114,0.5385,0.8,123.312,lightgbm_global_bottom_up
13127,7,13,45.191,52.396,12.581,0.5055,0.6923,0.8,126.134,lightgbm_global_bottom_up
13127,8,13,38.661,45.653,9.912,0.4325,0.8462,0.8,127.272,lightgbm_global_bottom_up
13128,1,13,8.408,10.58,23.569,0.9308,0.6923,0.8,21.224,lightgbm_global_bottom_up
13128,2,13,9.275,10.843,27.676,1.0268,0.6154,0.8,20.214,lightgbm_global_bottom_up
13128,3,13,5.449,6.576,16.016,0.6032,0.7692,0.8,20.674,lightgbm_global_bottom_up
13128,4,13,3.657,4.822,9.836,0.4049,0.9231,0.8,19.909,lightgbm_global_bottom_up
13128,5,13,7.893,10.599,21.893,0.8738,0.6923,0.8,19.42,lightgbm_global_bottom_up
13128,6,13,9.024,10.685,26.938,0.999,0.5385,0.8,19.037,lightgbm_global_bottom_up
13128,7,13,5.996,7.184,17.891,0.6638,0.8462,0.8,19.149,lightgbm_global_bottom_up
13128,8,13,3.368,4.617,8.583,0.3728,1.0,0.8,19.152,lightgbm_global_bottom_up
13129,1,13,4.615,6.033,30.448,0.8692,0.6923,0.8,11.978,lightgbm_global_bottom_up
13129,2,13,2.788,4.319,17.559,0.5252,0.8462,0.8,11.497,lightgbm_global_bottom_up
13129,3,13,3.513,4.52,32.22,0.6617,0.7692,0.8,12.56,lightgbm_global_bottom_up
13129,4,13,4.29,5.233,30.807,0.8081,0.6923,0.8,11.964,lightgbm_global_bottom_up
13129,5,13,3.589,4.734,27.319,0.6759,0.7692,0.8,11.772,lightgbm_global_bottom_up
13129,6,13,2.717,3.714,16.903,0.5117,0.8462,0.8,11.558,lightgbm_global_bottom_up
13129,7,13,3.666,4.671,32.333,0.6906,0.6154,0.8,11.213,lightgbm_global_bottom_up
13129,8,13,3.919,4.958,28.179,0.7381,0.8462,0.8,10.882,lightgbm_global_bottom_up
13130,1,13,8.867,14.156,16.234,0.4314,0.8462,0.8,27.916,lightgbm_global_bottom_up
13130,2,13,9.244,11.679,15.688,0.4498,0.6923,0.8,25.516,lightgbm_global_bottom_up
13130,3,13,7.425,9.033,9.709,0.3612,0.6923,0.8,26.384,lightgbm_global_bottom_up
13130,4,13,10.383,12.189,14.576,0.5052,0.7692,0.8,27.238,lightgbm_global_bottom_up
13130,5,13,12.149,16.677,21.217,0.5911,0.5385,0.8,26.363,lightgbm_global_bottom_up
13130,6,13,11.386,14.159,19.146,0.554,0.6923,0.8,25.911,lightgbm_global_bottom_up
13130,7,13,8.806,10.01,12.127,0.4284,0.6154,0.8,24.168,lightgbm_global_bottom_up
13130,8,13,9.064,11.601,13.045,0.441,0.6923,0.8,23.691,lightgbm_global_bottom_up
13131,1,13,8.083,11.114,15.863,0.445,0.8462,0.8,28.23,lightgbm_global_bottom_up
13131,2,13,6.491,7.948,11.522,0.3574,0.8462,0.8,26.94,lightgbm_global_bottom_up
13131,3,13,9.464,12.861,13.576,0.521,0.6923,0.8,27.735,lightgbm_global_bottom_up
13131,4,13,10.714,13.364,15.602,0.5898,0.7692,0.8,27.768,lightgbm_global_bottom_up
13131,5,13,8.349,10.839,16.045,0.4597,0.8462,0.8,29.645,lightgbm_global_bottom_up
13131,6,13,6.874,8.254,11.528,0.3784,0.8462,0.8,28.301,lightgbm_global_bottom_up
13131,7,13,8.826,12.346,12.126,0.4859,0.8462,0.8,27.574,lightgbm_global_bottom_up
13131,8,13,12.246,14.666,17.433,0.6742,0.6923,0.8,28.285,lightgbm_global_bottom_up
13201,1,13,11.669,18.165,12.165,0.4375,0.8462,0.8,31.821,lightgbm_global_bottom_up
13201,2,13,10.495,11.517,8.983,0.3935,0.7692,0.8,33.33,lightgbm_global_bottom_up
13201,3,13,8.541,10.693,7.504,0.3202,0.8462,0.8,34.147,lightgbm_global_bottom_up
13201,4,13,10.404,13.24,8.454,0.3901,0.6923,0.8,33.201,lightgbm_global_bottom_up
13201,5,13,13.255,19.699,13.518,0.497,0.6923,0.8,32.876,lightgbm_global_bottom_up
13201,6,13,11.101,12.629,9.46,0.4162,0.7692,0.8,32.768,lightgbm_global_bottom_up
13201,7,13,8.951,10.963,7.7,0.3356,0.7692,0.8,32.471,lightgbm_global_bottom_up
13201,8,13,12.466,15.411,9.809,0.4674,0.6154,0.8,30.825,lightgbm_global_bottom_up
13202,1,13,1.813,2.339,69.281,0.5613,0.8462,0.8,5.999,lightgbm_global_bottom_up
13202,2,13,1.424,1.836,28.572,0.4409,0.8462,0.8,5.645,lightgbm_global_bottom_up
13202,3,13,1.654,1.915,36.338,0.512,0.7692,0.8,5.771,lightgbm_global_bottom_up
13202,4,13,2.582,3.253,56.814,0.7992,0.7692,0.8,5.541,lightgbm_global_bottom_up
13202,5,13,1.911,2.38,68.937,0.5916,0.7692,0.8,5.796,lightgbm_global_bottom_up
13202,6,13,1.253,1.636,28.157,0.3878,0.8462,0.8,5.536,lightgbm_global_bottom_up
13202,7,13,1.805,2.146,35.71,0.5588,0.5385,0.8,5.59,lightgbm_global_bottom_up
13202,8,13,2.716,3.382,65.261,0.8408,0.6923,0.8,5.533,lightgbm_global_bottom_up
13203,1,13,2.497,3.293,39.959,0.6369,0.6154,0.8,7.241,lightgbm_global_bottom_up
13203,2,13,2.77,3.091,54.062,0.7064,0.6923,0.8,7.193,lightgbm_global_bottom_up
13203,3,13,2.688,3.354,26.764,0.6855,0.7692,0.8,7.404,lightgbm_global_bottom_up
13203,4,13,2.079,2.217,25.255,0.5303,0.9231,0.8,7.401,lightgbm_global_bottom_up
13203,5,13,3.339,4.323,45.11,0.8514,0.5385,0.8,7.462,lightgbm_global_bottom_up
13203,6,13,3.042,3.559,104.326,0.7759,0.6154,0.8,7.516,lightgbm_global_bottom_up
13203,7,13,2.395,2.972,23.229,0.6109,0.7692,0.8,7.189,lightgbm_global_bottom_up
13203,8,13,1.909,2.097,22.828,0.487,1.0,0.8,7.157,lightgbm_global_bottom_up
13301,1,13,7.5,10.634,25.549,0.3782,0.6923,0.8,20.274,lightgbm_global_bottom_up
13301,2,13,6.749,8.388,24.266,0.3404,0.6923,0.8,19.194,lightgbm_global_bottom_up
13301,3,13,6.948,8.645,20.763,0.3504,0.7692,0.8,18.815,lightgbm_global_bottom_up
13301,4,13,6.678,8.475,17.694,0.3368,0.6923,0.8,18.412,lightgbm_global_bottom_up
13301,5,13,7.533,10.811,26.993,0.3799,0.7692,0.8,18.785,lightgbm_global_bottom_up
13301,6,13,7.517,9.579,27.634,0.3791,0.7692,0.8,19.073,lightgbm_global_bottom_up
13301,7,13,6.494,9.08,19.974,0.3275,0.7692,0.8,19.256,lightgbm_global_bottom_up
13301,8,13,7.079,8.596,19.322,0.357,0.6923,0.8,19.279,lightgbm_global_bottom_up
13302,1,13,7.269,9.67,21.701,0.5348,0.6923,0.8,22.571,lightgbm_global_bottom_up
13302,2,13,8.499,10.39,21.108,0.6253,0.6154,0.8,23.974,lightgbm_global_bottom_up
13302,3,13,4.626,5.725,13.734,0.3404,1.0,0.8,23.228,lightgbm_global_bottom_up
13302,4,13,5.267,7.685,11.604,0.3875,0.8462,0.8,22.618,lightgbm_global_bottom_up
13302,5,13,6.636,9.005,17.66,0.4883,0.7692,0.8,22.623,lightgbm_global_bottom_up
13302,6,13,8.501,11.137,20.703,0.6254,0.6154,0.8,21.862,lightgbm_global_bottom_up
13302,7,13,4.083,5.696,11.604,0.3004,0.9231,0.8,23.057,lightgbm_global_bottom_up
13302,8,13,6.75,9.274,15.419,0.4966,0.7692,0.8,22.419,lightgbm_global_bottom_up
13303,1,13,1.859,2.431,36.271,0.3703,0.9231,0.8,8.257,lightgbm_global_bottom_up
13303,2,13,3.121,3.681,71.137,0.6217,0.6154,0.8,8.217,lightgbm_global_bottom_up
13303,3,13,2.694,2.952,29.446,0.5367,0.5385,0.8,8.025,lightgbm_global_bottom_up
13303,4,13,1.939,2.485,38.764,0.3862,1.0,0.8,8.028,lightgbm_global_bottom_up
13303,5,13,2.19,2.828,45.761,0.4362,0.8462,0.8,8.319,lightgbm_global_bottom_up
13303,6,13,3.591,4.135,84.619,0.7155,0.6154,0.8,8.117,lightgbm_global_bottom_up
13303,7,13,2.707,2.933,31.163,0.5393,0.6923,0.8,8.081,lightgbm_global_bottom_up
13303,8,13,1.739,2.49,36.032,0.3464,1.0,0.8,8.066,lightgbm_global_bottom_up
13401,1,13,12.608,15.914,15.355,0.7536,0.6923,0.8,31.75,lightgbm_global_bottom_up
13401,2,13,8.182,9.047,9.42,0.489,1.0,0.8,32.606,lightgbm_global_bottom_up
13401,3,13,9.629,11.253,10.384,0.5755,0.9231,0.8,34.213,lightgbm_global_bottom_up
13401,4,13,16.853,26.357,14.754,1.0073,0.7692,0.8,34.218,lightgbm_global_bottom_up
13401,5,13,12.844,14.33,15.494,0.7677,0.6154,0.8,36.379,lightgbm_global_bottom_up
13401,6,13,8.969,10.374,10.491,0.5361,0.9231,0.8,35.353,lightgbm_global_bottom_up
13401,7,13,10.482,12.507,11.116,0.6265,0.8462,0.8,34.777,lightgbm_global_bottom_up
13401,8,13,12.391,17.36,12.293,0.7407,0.6923,0.8,32.24,lightgbm_global_bottom_up
13402,1,13,6.413,7.584,20.17,0.8992,0.6154,0.8,16.766,lightgbm_global_bottom_up
13402,2,13,5.11,5.917,22.552,0.7166,0.6923,0.8,15.942,lightgbm_global_bottom_up
13402,3,13,4.352,5.709,14.792,0.6103,0.8462,0.8,16.771,lightgbm_global_bottom_up
13402,4,13,5.81,6.588,24.188,0.8147,0.7692,0.8,16.156,lightgbm_global_bottom_up
13402,5,13,6.098,7.503,18.832,0.8551,0.6923,0.8,17.158,lightgbm_global_bottom_up
13402,6,13,5.766,6.737,25.792,0.8085,0.5385,0.8,15.926,lightgbm_global_bottom_up
13402,7,13,5.612,6.776,19.032,0.7869,0.7692,0.8,15.657,lightgbm_global_bottom_up
13402,8,13,5.651,6.506,23.172,0.7924,0.6923,0.8,16.731,lightgbm_global_bottom_up
13403,1,13,1.801,2.311,28.522,0.9093,0.8462,0.8,6.738,lightgbm_global_bottom_up
13403,2,13,2.274,2.748,69.654,1.1483,0.8462,0.8,6.631,lightgbm_global_bottom_up
13403,3,13,1.926,2.404,83.462,0.9728,0.6923,0.8,6.685,lightgbm_global_bottom_up
13403,4,13,2.262,2.766,85.016,1.1424,0.6923,0.8,6.917,lightgbm_global_bottom_up
13403,5,13,1.965,2.539,53.131,0.9922,0.8462,0.8,6.986,lightgbm_global_bottom_up
13403,6,13,2.22,2.771,62.803,1.1212,0.8462,0.8,6.851,lightgbm_global_bottom_up
13403,7,13,2.188,3.016,61.679,1.1049,0.7692,0.8,6.701,lightgbm_global_bottom_up
13403,8,13,2.373,2.864,92.901,1.1986,0.6154,0.8,6.867,lightgbm_global_bottom_up
13404,1,13,3.814,4.781,50.712,0.8096,0.6923,0.8,10.138,lightgbm_global_bottom_up
13404,2,13,3.208,3.831,23.616,0.6811,0.9231,0.8,9.128,lightgbm_global_bottom_up
13404,3,13,2.42,3.112,16.846,0.5137,0.8462,0.8,9.536,lightgbm_global_bottom_up
13404,4,13,3.513,4.435,111.091,0.7458,0.6923,0.8,9.606,lightgbm_global_bottom_up
13404,5,13,3.368,4.251,44.57,0.715,0.6923,0.8,10.139,lightgbm_global_bottom_up
13404,6,13,3.881,4.335,28.64,0.8239,0.8462,0.8,9.461,lightgbm_global_bottom_up
13404,7,13,2.035,2.882,14.155,0.432,0.8462,0.8,9.681,lightgbm_global_bottom_up
13404,8,13,3.169,4.205,113.724,0.6727,0.7692,0.8,9.702,lightgbm_global_bottom_up
13501,1,13,4.726,5.883,10.341,0.4689,0.9231,0.8,19.702,lightgbm_global_bottom_up
13501,2,13,9.15,10.958,22.838,0.9078,0.5385,0.8,18.941,lightgbm_global_bottom_up
13501,3,13,5.995,6.927,12.489,0.5948,0.7692,0.8,18.103,lightgbm_global_bottom_up
13501,4,13,6.526,8.714,12.343,0.6475,0.6923,0.8,18.707,lightgbm_global_bottom_up
13501,5,13,6.068,7.013,13.398,0.602,0.6154,0.8,18.395,lightgbm_global_bottom_up
13501,6,13,7.97,10.165,20.653,0.7908,0.7692,0.8,19.179,lightgbm_global_bottom_up
13501,7,13,6.748,7.581,13.856,0.6695,0.8462,0.8,18.806,lightgbm_global_bottom_up
13501,8,13,7.039,9.035,13.502,0.6984,0.6923,0.8,18.402,lightgbm_global_bottom_up
13502,1,13,1.59,1.819,71.925,1.0839,0.6923,0.8,4.389,lightgbm_global_bottom_up
13502,2,13,1.398,1.625,83.821,0.9528,0.8462,0.8,4.268,lightgbm_global_bottom_up
13502,3,13,1.421,1.855,54.257,0.9686,0.6923,0.8,4.545,lightgbm_global_bottom_up
13502,4,13,1.64,2.16,55.519,1.118,0.6923,0.8,4.117,lightgbm_global_bottom_up
13502,5,13,1.41,1.686,54.225,0.9613,0.7692,0.8,3.87,lightgbm_global_bottom_up
13502,6,13,1.421,1.664,79.933,0.9684,0.7692,0.8,4.147,lightgbm_global_bottom_up
13502,7,13,1.256,1.782,52.138,0.856,0.8462,0.8,4.246,lightgbm_global_bottom_up
13502,8,13,1.306,1.605,51.574,0.89,0.7692,0.8,4.106,lightgbm_global_bottom_up
13503,1,13,4.464,4.978,22.802,0.7945,0.6923,0.8,11.053,lightgbm_global_bottom_up
13503,2,13,4.152,6.202,20.289,0.739,0.8462,0.8,11.298,lightgbm_global_bottom_up
13503,3,13,4.289,5.17,21.553,0.7634,0.7692,0.8,11.352,lightgbm_global_bottom_up
13503,4,13,3.868,4.86,18.612,0.6884,0.6923,0.8,11.327,lightgbm_global_bottom_up
13503,5,13,4.206,4.998,21.388,0.7486,0.6154,0.8,11.087,lightgbm_global_bottom_up
13503,6,13,4.605,6.409,23.153,0.8197,0.6923,0.8,11.167,lightgbm_global_bottom_up
13503,7,13,4.044,5.234,19.267,0.7198,0.6154,0.8,11.062,lightgbm_global_bottom_up
13503,8,13,3.98,5.202,18.978,0.7084,0.7692,0.8,11.041,lightgbm_global_bottom_up
13504,1,13,2.816,3.476,101.408,0.9884,0.4615,0.8,5.75,lightgbm_global_bottom_up
13504,2,13,2.43,3.08,50.507,0.853,0.6154,0.8,5.724,lightgbm_global_bottom_up
13504,3,13,1.509,1.797,34.641,0.5298,0.9231,0.8,5.664,lightgbm_global_bottom_up
13504,4,13,0.858,1.157,18.782,0.3013,0.8462,0.8,5.754,lightgbm_global_bottom_up
13504,5,13,2.788,3.23,92.503,0.9788,0.5385,0.8,5.736,lightgbm_global_bottom_up
13504,6,13,2.297,2.998,47.366,0.8063,0.6154,0.8,5.215,lightgbm_global_bottom_up
13504,7,13,1.419,1.687,31.518,0.4983,0.9231,0.8,5.554,lightgbm_global_bottom_up
13504,8,13,0.807,1.203,20.2,0.2834,0.8462,0.8,5.361,lightgbm_global_bottom_up
13505,1,13,1.483,1.802,74.881,0.5622,0.8462,0.8,6.306,lightgbm_global_bottom_up
13505,2,13,2.561,3.581,34.608,0.9709,0.7692,0.8,6.394,lightgbm_global_bottom_up
13505,3,13,1.683,2.183,76.782,0.6381,0.7692,0.8,6.503,lightgbm_global_bottom_up
13505,4,13,1.964,2.162,51.239,0.7446,0.7692,0.8,6.029,lightgbm_global_bottom_up
13505,5,13,1.642,1.977,76.614,0.6222,0.7692,0.8,5.997,lightgbm_global_bottom_up
13505,6,13,2.765,3.712,41.431,1.048,0.8462,0.8,6.128,lightgbm_global_bottom_up
13505,7,13,1.914,2.445,74.642,0.7255,0.6154,0.8,6.199,lightgbm_global_bottom_up
13505,8,13,1.741,2.115,44.001,0.6601,0.6923,0.8,6.158,lightgbm_global_bottom_up
13601,1,13,8.343,10.884,20.261,1.0455,0.4615,0.8,18.808,lightgbm_global_bottom_up
13601,2,13,7.054,8.399,15.774,0.8839,0.7692,0.8,19.612,lightgbm_global_bottom_up
13601,3,13,6.388,7.601,14.852,0.8005,0.7692,0.8,19.442,lightgbm_global_bottom_up
13601,4,13,4.92,5.42,11.501,0.6165,0.8462,0.8,19.128,lightgbm_global_bottom_up
13601,5,13,8.518,10.728,20.874,1.0674,0.6154,0.8,17.816,lightgbm_global_bottom_up
13601,6,13,5.588,6.431,12.66,0.7002,0.8462,0.8,17.104,lightgbm_global_bottom_up
13601,7,13,6.784,8.121,15.319,0.8502,0.7692,0.8,18.105,lightgbm_global_bottom_up
13601,8,13,3.782,4.727,8.718,0.4739,1.0,0.8,18.263,lightgbm_global_bottom_up
13602,1,13,2.432,2.902,41.575,0.5429,0.7692,0.8,7.604,lightgbm_global_bottom_up
13602,2,13,2.737,3.491,32.753,0.6109,0.7692,0.8,7.82,lightgbm_global_bottom_up
13602,3,13,2.728,3.455,48.158,0.609,0.6923,0.8,7.673,lightgbm_global_bottom_up
13602,4,13,3.055,3.484,61.293,0.6818,0.5385,0.8,7.69,lightgbm_global_bottom_up
13602,5,13,2.175,2.713,37.451,0.4855,0.7692,0.8,7.732,lightgbm_global_bottom_up
13602,6,13,2.806,3.65,35.137,0.6264,0.6154,0.8,7.876,lightgbm_global_bottom_up
13602,7,13,3.044,3.559,54.516,0.6794,0.6923,0.8,7.456,lightgbm_global_bottom_up
13602,8,13,2.742,3.346,61.994,0.6121,0.6154,0.8,7.467,lightgbm_global_bottom_up
13603,1,13,4.461,5.964,22.351,0.7831,0.7692,0.8,12.504,lightgbm_global_bottom_up
13603,2,13,5.113,5.961,25.523,0.8974,0.6923,0.8,12.55,lightgbm_global_bottom_up
13603,3,13,4.946,5.477,31.582,0.8681,0.6154,0.8,12.657,lightgbm_global_bottom_up
13603,4,13,4.151,5.647,21.903,0.7286,0.7692,0.8,12.562,lightgbm_global_bottom_up
13603,5,13,4.616,6.606,21.879,0.8103,0.8462,0.8,12.048,lightgbm_global_bottom_up
13603,6,13,5.526,6.461,25.721,0.9699,0.5385,0.8,12.291,lightgbm_global_bottom_up
13603,7,13,5.257,5.61,32.488,0.9227,0.6923,0.8,12.417,lightgbm_global_bottom_up
13603,8,13,4.182,5.738,21.117,0.7341,0.6923,0.8,12.19,lightgbm_global_bottom_up
13604,1,13,4.606,6.314,20.251,0.5651,0.7692,0.8,17.436,lightgbm_global_bottom_up
13604,2,13,6.919,7.697,24.612,0.8489,0.6923,0.8,17.789,lightgbm_global_bottom_up
13604,3,13,7.777,10.005,24.605,0.9541,0.4615,0.8,17.172,lightgbm_global_bottom_up
13604,4,13,4.978,5.536,19.223,0.6107,0.8462,0.8,17.994,lightgbm_global_bottom_up
13604,5,13,4.257,5.549,18.144,0.5223,0.8462,0.8,17.709,lightgbm_global_bottom_up
13604,6,13,6.829,7.851,24.356,0.8378,0.6923,0.8,17.133,lightgbm_global_bottom_up
13604,7,13,8.709,10.633,26.446,1.0684,0.6154,0.8,17.461,lightgbm_global_bottom_up
13604,8,13,4.536,5.063,17.422,0.5564,0.9231,0.8,17.386,lightgbm_global_bottom_up
13605,1,13,7.212,10.767,19.025,0.5993,0.7692,0.8,21.361,lightgbm_global_bottom_up
13605,2,13,6.17,7.521,15.69,0.5127,0.8462,0.8,21.659,lightgbm_global_bottom_up
13605,3,13,6.93,8.591,15.853,0.5759,0.7692,0.8,22.202,lightgbm_global_bottom_up
13605,4,13,6.398,8.068,18.164,0.5317,0.8462,0.8,23.302,lightgbm_global_bottom_up
13605,5,13,7.657,10.666,18.96,0.6364,0.8462,0.8,23.058,lightgbm_global_bottom_up
13605,6,13,6.319,7.716,15.462,0.5252,0.8462,0.8,22.787,lightgbm_global_bottom_up
13605,7,13,7.37,9.07,16.866,0.6125,0.8462,0.8,22.209,lightgbm_global_bottom_up
13605,8,13,6.647,7.92,18.489,0.5524,0.7692,0.8,21.482,lightgbm_global_bottom_up
RM,1,13,188.093,313.797,11.345,0.8462,0.9231,0.8,1029.342,lightgbm_global_bottom_up
RM,2,13,131.662,152.177,6.314,0.5923,1.0,0.8,1033.376,lightgbm_global_bottom_up
RM,3,13,103.732,121.674,4.747,0.4667,1.0,0.8,1047.68,lightgbm_global_bottom_up
RM,4,13,117.018,147.914,5.258,0.5265,1.0,0.8,1024.256,lightgbm_global_bottom_up
RM,5,13,187.841,329.176,11.453,0.8451,0.9231,0.8,1035.934,lightgbm_global_bottom_up
RM,6,13,143.585,161.078,6.962,0.646,1.0,0.8,1011.891,lightgbm_global_bottom_up
RM,7,13,94.303,122.972,4.259,0.4243,1.0,0.8,1011.938,lightgbm_global_bottom_up
RM,8,13,133.573,159.396,6.005,0.6009,1.0,0.8,1000.181,lightgbm_global_bottom_up
13101,1,13,9.1,12.363,16.638,0.6906,0.6923,0.8,23.184,lightgbm_global_top_down
13101,2,13,10.418,13.586,20.551,0.7906,0.5385,0.8,23.406,lightgbm_global_top_down
13101,3,13,8.43,10.749,12.28,0.6397,0.6923,0.8,24.041,lightgbm_global_top_down
13101,4,13,4.878,6.438,7.556,0.3702,0.9231,0.8,24.416,lightgbm_global_top_down
13101,5,13,8.249,11.508,15.077,0.626,0.8462,0.8,23.973,lightgbm_global_top_down
13101,6,13,14.443,16.703,27.286,1.0961,0.5385,0.8,25.471,lightgbm_global_top_down
13101,7,13,8.959,10.478,12.735,0.6798,0.6923,0.8,24.799,lightgbm_global_top_down
13101,8,13,5.471,6.751,8.363,0.4151,0.8462,0.8,25.44,lightgbm_global_top_down
13102,1,13,4.598,5.823,22.404,0.5623,0.7692,0.8,19.892,lightgbm_global_top_down
13102,2,13,6.302,7.996,30.179,0.7707,0.6923,0.8,23.292,lightgbm_global_top_down
13102,3,13,4.577,5.541,17.337,0.5597,0.8462,0.8,22.24,lightgbm_global_top_down
13102,4,13,8.915,11.033,27.968,1.0902,0.6923,0.8,20.909,lightgbm_global_top_down
13102,5,13,5.376,6.835,22.634,0.6574,0.7692,0.8,21.021,lightgbm_global_top_down
13102,6,13,7.307,8.614,33.749,0.8935,0.6154,0.8,22.041,lightgbm_global_top_down
13102,7,13,6.221,8.343,21.798,0.7607,0.6923,0.8,21.692,lightgbm_global_top_down
13102,8,13,9.535,11.686,29.932,1.1659,0.6154,0.8,23.705,lightgbm_global_top_down
13103,1,13,14.958,21.058,33.654,0.4964,0.6154,0.8,30.087,lightgbm_global_top_down
13103,2,13,14.815,16.958,23.701,0.4917,0.5385,0.8,31.046,lightgbm_global_top_down
13103,3,13,10.811,12.072,14.954,0.3588,0.8462,0.8,31.935,lightgbm_global_top_down
13103,4,13,9.243,11.028,12.497,0.3068,0.7692,0.8,32.368,lightgbm_global_top_down
13103,5,13,14.23,22.15,33.737,0.4723,0.6923,0.8,33.611,lightgbm_global_top_down
13103,6,13,17.744,19.91,28.37,0.5889,0.3846,0.8,34.06,lightgbm_global_top_down
13103,7,13,10.813,12.435,14.751,0.3589,0.6923,0.8,34.18,lightgbm_global_top_down
13103,8,13,9.713,12.083,14.29,0.3224,0.6923,0.8,34.823,lightgbm_global_top_down
13104,1,13,8.27,11.057,25.445,0.6784,0.7692,0.8,20.963,lightgbm_global_top_down
13104,2,13,6.629,8.335,19.769,0.5438,0.7692,0.8,21.785,lightgbm_global_top_down
13104,3,13,5.131,5.904,15.829,0.4209,0.9231,0.8,20.088,lightgbm_global_top_down
13104,4,13,7.195,8.136,18.55,0.5902,0.7692,0.8,21.079,lightgbm_global_top_down
13104,5,13,8.405,11.065,25.132,0.6895,0.7692,0.8,21.065,lightgbm_global_top_down
13104,6,13,6.567,8.311,20.781,0.5387,0.6923,0.8,20.413,lightgbm_global_top_down
13104,7,13,5.623,6.565,17.466,0.4612,0.7692,0.8,19.667,lightgbm_global_top_down
13104,8,13,7.092,8.346,18.941,0.5817,0.6154,0.8,20.517,lightgbm_global_top_down
13105,1,13,8.653,11.032,28.096,1.1147,0.6154,0.8,18.747,lightgbm_global_top_down
13105,2,13,6.809,8.287,19.768,0.8771,0.6923,0.8,18.538,lightgbm_global_top_down
13105,3,13,9.608,19.687,18.921,1.2376,0.7692,0.8,18.814,lightgbm_global_top_down
13105,4,13,3.977,4.999,13.038,0.5123,0.9231,0.8,19.121,lightgbm_global_top_down
13105,5,13,8.567,11.3,27.709,1.1036,0.6154,0.8,18.83,lightgbm_global_top_down
13105,6,13,5.777,7.982,16.019,0.7441,0.6923,0.8,18.017,lightgbm_global_top_down
13105,7,13,9.455,19.431,17.681,1.2179,0.6923,0.8,17.686,lightgbm_global_top_down
13105,8,13,4.433,5.475,14.807,0.5711,0.6154,0.8,17.128,lightgbm_global_top_down
13106,1,13,4.157,4.995,20.915,0.6275,0.7692,0.8,12.346,lightgbm_global_top_down
13106,2,13,3.57,4.01,21.559,0.5389,0.9231,0.8,12.457,lightgbm_global_top_down
13106,3,13,3.627,4.296,19.389,0.5475,0.7692,0.8,12.231,lightgbm_global_top_down
13106,4,13,4.663,5.249,25.924,0.7038,0.7692,0.8,11.262,lightgbm_global_top_down
13106,5,13,4.355,5.179,21.321,0.6573,0.6923,0.8,12.413,lightgbm_global_top_down
13106,6,13,3.047,3.947,18.977,0.4599,0.8462,0.8,11.856,lightgbm_global_top_down
13106,7,13,4.062,4.729,22.423,0.6131,0.7692,0.8,12.039,lightgbm_global_top_down
13106,8,13,4.116,4.727,24.915,0.6214,0.6923,0.8,12.093,lightgbm_global_top_down
13107,1,13,5.695,6.59,26.501,0.3648,0.9231,0.8,18.314,lightgbm_global_top_down
13107,2,13,4.452,5.666,16.918,0.2852,0.8462,0.8,16.802,lightgbm_global_top_down
13107,3,13,7.44,8.717,33.406,0.4766,0.7692,0.8,16.961,lightgbm_global_top_down
13107,4,13,6.537,7.697,25.193,0.4187,0.6154,0.8,17.636,lightgbm_global_top_down
13107,5,13,5.683,7.561,26.237,0.364,0.8462,0.8,17.107,lightgbm_global_top_down
13107,6,13,4.911,5.839,19.159,0.3146,0.8462,0.8,17.323,lightgbm_global_top_down
13107,7,13,6.964,7.837,30.479,0.4461,0.6154,0.8,16.465,lightgbm_global_top_down
13107,8,13,7.555,9.61,28.009,0.484,0.7692,0.8,17.412,lightgbm_global_top_down
13108,1,13,9.064,12.596,29.9,0.5656,0.6923,0.8,27.126,lightgbm_global_top_down
13108,2,13,6.231,8.015,16.99,0.3888,0.8462,0.8,26.412,lightgbm_global_top_down
13108,3,13,10.937,13.311,22.294,0.6825,0.4615,0.8,25.419,lightgbm_global_top_down
13108,4,13,8.443,10.099,19.519,0.5268,0.7692,0.8,25.455,lightgbm_global_top_down
13108,5,13,7.486,11.567,24.876,0.4671,0.7692,0.8,25.048,lightgbm_global_top_down
13108,6,13,7.961,9.379,21.206,0.4967,0.8462,0.8,26.627,lightgbm_global_top_down
13108,7,13,10.381,12.809,20.038,0.6478,0.8462,0.8,26.471,lightgbm_global_top_down
13108,8,13,8.481,10.502,19.589,0.5292,0.7692,0.8,27.393,lightgbm_global_top_down
13109,1,13,3.074,3.723,37.668,0.7371,0.5385,0.8,7.04,lightgbm_global_top_down
13109,2,13,1.934,2.508,22.647,0.4637,0.8462,0.8,7.123,lightgbm_global_top_down
13109,3,13,1.836,2.24,27.752,0.4402,0.9231,0.8,7.095,lightgbm_global_top_down
13109,4,13,2.799,3.293,33.534,0.6711,0.6923,0.8,7.463,lightgbm_global_top_down
13109,5,13,2.482,3.26,30.263,0.5951,0.7692,0.8,7.47,lightgbm_global_top_down
13109,6,13,1.916,2.38,22.882,0.4593,0.9231,0.8,7.271,lightgbm_global_top_down
13109,7,13,1.665,1.978,27.115,0.3991,0.7692,0.8,6.678,lightgbm_global_top_down
13109,8,13,2.823,3.361,37.146,0.6767,0.6154,0.8,6.928,lightgbm_global_top_down
13110,1,13,13.644,16.495,19.393,1.1114,0.6154,0.8,36.334,lightgbm_global_top_down
13110,2,13,12.565,15.603,13.128,1.0235,0.7692,0.8,35.158,lightgbm_global_top_down
13110,3,13,14.494,16.378,17.119,1.1806,0.6923,0.8,36.721,lightgbm_global_top_down
13110,4,13,16.054,19.748,17.904,1.3077,0.7692,0.8,35.278,lightgbm_global_top_down
13110,5,13,13.493,14.924,18.095,1.0991,0.5385,0.8,37.189,lightgbm_global_top_down
13110,6,13,13.039,16.72,13.507,1.0621,0.8462,0.8,36.437,lightgbm_global_top_down
13110,7,13,14.621,17.4,16.639,1.191,0.6923,0.8,35.929,lightgbm_global_top_down
13110,8,13,19.438,22.858,21.734,1.5834,0.6923,0.8,35.995,lightgbm_global_top_down
13111,1,13,7.431,9.21,51.336,1.2358,0.6923,0.8,21.05,lightgbm_global_top_down
13111,2,13,5.382,6.684,22.807,0.895,0.6923,0.8,20.524,lightgbm_global_top_down
13111,3,13,5.216,6.332,17.004,0.8674,0.8462,0.8,20.25,lightgbm_global_top_down
13111,4,13,6.487,7.774,23.063,1.0788,0.6923,0.8,20.286,lightgbm_global_top_down
13111,5,13,7.519,9.105,44.442,1.2505,0.5385,0.8,19.371,lightgbm_global_top_down
13111,6,13,5.885,6.994,23.584,0.9787,0.6923,0.8,19.604,lightgbm_global_top_down
13111,7,13,6.258,7.89,19.849,1.0408,0.8462,0.8,19.206,lightgbm_global_top_down
13111,8,13,7.953,9.348,25.568,1.3226,0.6923,0.8,20.811,lightgbm_global_top_down
13112,1,13,9.901,11.422,24.091,0.9166,0.7692,0.8,25.903,lightgbm_global_top_down
13112,2,13,6.868,8.174,14.067,0.6358,0.9231,0.8,26.506,lightgbm_global_top_down
13112,3,13,9.025,10.89,21.14,0.8354,0.6923,0.8,26.532,lightgbm_global_top_down
13112,4,13,8.303,11.4,20.079,0.7686,0.6154,0.8,27.275,lightgbm_global_top_down
13112,5,13,10.03,12.216,24.32,0.9285,0.6923,0.8,27.945,lightgbm_global_top_down
13112,6,13,10.271,11.379,22.118,0.9508,0.6923,0.8,28.235,lightgbm_global_top_down
13112,7,13,10.91,12.787,24.897,1.0099,0.6154,0.8,26.916,lightgbm_global_top_down
13112,8,13,10.259,13.364,24.503,0.9497,0.6154,0.8,28.32,lightgbm_global_top_down
13113,1,13,3.084,3.81,26.629,0.6121,0.7692,0.8,9.596,lightgbm_global_top_down
13113,2,13,2.545,2.992,20.552,0.505,0.9231,0.8,9.117,lightgbm_global_top_down
13113,3,13,2.689,3.241,20.895,0.5337,0.9231,0.8,8.783,lightgbm_global_top_down
13113,4,13,3.143,4.133,20.488,0.6236,0.6923,0.8,8.343,lightgbm_global_top_down
13113,5,13,3.154,4.174,23.577,0.6259,0.8462,0.8,8.317,lightgbm_global_top_down
13113,6,13,2.929,3.504,22.612,0.5812,0.6923,0.8,8.632,lightgbm_global_top_down
13113,7,13,2.388,3.028,15.228,0.4738,0.9231,0.8,8.592,lightgbm_global_top_down
13113,8,13,3.248,4.197,21.679,0.6446,0.7692,0.8,8.88,lightgbm_global_top_down
13114,1,13,4.617,5.837,144.633,0.7162,0.6154,0.8,10.37,lightgbm_global_top_down
13114,2,13,5.212,6.121,186.872,0.8085,0.6154,0.8,10.173,lightgbm_global_top_down
13114,3,13,3.813,4.144,67.498,0.5914,0.8462,0.8,9.997,lightgbm_global_top_down
13114,4,13,3.535,4.551,74.33,0.5483,0.7692,0.8,9.483,lightgbm_global_top_down
13114,5,13,4.508,5.245,122.245,0.6992,0.5385,0.8,9.267,lightgbm_global_top_down
13114,6,13,6.009,6.852,224.747,0.9321,0.4615,0.8,9.317,lightgbm_global_top_down
13114,7,13,3.316,3.66,63.872,0.5143,0.7692,0.8,8.357,lightgbm_global_top_down
13114,8,13,4.164,5.174,94.158,0.6459,0.6923,0.8,9.892,lightgbm_global_top_down
13115,1,13,1.416,1.928,26.496,0.7717,0.8462,0.8,5.867,lightgbm_global_top_down
13115,2,13,1.306,1.67,52.12,0.7114,0.8462,0.8,5.383,lightgbm_global_top_down
13115,3,13,1.83,2.312,70.482,0.9968,0.6923,0.8,4.995,lightgbm_global_top_down
13115,4,13,1.775,2.006,69.727,0.9669,0.8462,0.8,5.291,lightgbm_global_top_down
13115,5,13,1.485,1.986,27.74,0.809,0.7692,0.8,5.088,lightgbm_global_top_down
13115,6,13,1.19,1.547,51.843,0.6483,0.8462,0.8,5.071,lightgbm_global_top_down
13115,7,13,1.958,2.328,74.265,1.0666,0.6923,0.8,5.132,lightgbm_global_top_down
13115,8,13,1.783,2.031,69.977,0.9713,0.7692,0.8,5.279,lightgbm_global_top_down
13116,1,13,4.272,5.92,15.809,0.4782,0.8462,0.8,17.061,lightgbm_global_top_down
13116,2,13,6.553,7.763,21.421,0.7334,0.6154,0.8,17.835,lightgbm_global_top_down
13116,3,13,5.208,6.401,15.35,0.5829,0.7692,0.8,16.568,lightgbm_global_top_down
13116,4,13,4.021,5.597,10.561,0.45,0.8462,0.8,16.823,lightgbm_global_top_down
13116,5,13,4.446,6.023,15.878,0.4976,0.9231,0.8,16.529,lightgbm_global_top_down
13116,6,13,6.91,7.607,23.619,0.7735,0.6923,0.8,16.88,lightgbm_global_top_down
13116,7,13,4.636,6.154,12.368,0.5189,0.8462,0.8,16.573,lightgbm_global_top_down
13116,8,13,3.392,4.636,9.402,0.3797,0.8462,0.8,17.282,lightgbm_global_top_down
13117,1,13,6.387,9.032,17.816,0.8553,0.7692,0.8,19.881,lightgbm_global_top_down
13117,2,13,6.57,9.756,14.112,0.8798,0.7692,0.8,18.914,lightgbm_global_top_down
13117,3,13,3.498,4.183,10.268,0.4685,0.9231,0.8,19.21,lightgbm_global_top_down
13117,4,13,6.848,8.012,17.848,0.9171,0.6923,0.8,19.481,lightgbm_global_top_down
13117,5,13,6.134,8.03,16.571,0.8215,0.7692,0.8,19.446,lightgbm_global_top_down
13117,6,13,6.198,9.152,14.348,0.83,0.8462,0.8,19.064,lightgbm_global_top_down
13117,7,13,5.305,6.54,14.759,0.7105,0.7692,0.8,19.573,lightgbm_global_top_down
13117,8,13,6.944,7.856,18.576,0.93,0.6923,0.8,20.255,lightgbm_global_top_down
13118,1,13,3.407,4.638,60.088,0.6951,0.6923,0.8,9.341,lightgbm_global_top_down
13118,2,13,3.686,4.301,47.67,0.752,0.5385,0.8,9.176,lightgbm_global_top_down
13118,3,13,3.219,3.66,60.262,0.6568,0.7692,0.8,9.329,lightgbm_global_top_down
13118,4,13,2.271,2.768,42.852,0.4634,0.8462,0.8,9.005,lightgbm_global_top_down
13118,5,13,3.246,4.382,58.43,0.6622,0.6923,0.8,9.075,lightgbm_global_top_down
13118,6,13,5.208,7.58,51.412,1.0625,0.5385,0.8,8.647,lightgbm_global_top_down
13118,7,13,2.794,3.119,46.963,0.5701,0.8462,0.8,8.677,lightgbm_global_top_down
13118,8,13,2.568,2.947,46.422,0.524,0.8462,0.8,9.294,lightgbm_global_top_down
13119,1,13,12.986,15.61,17.638,0.8541,0.6154,0.8,33.582,lightgbm_global_top_down
13119,2,13,9.212,12.591,11.155,0.6059,0.7692,0.8,34.755,lightgbm_global_top_down
13119,3,13,10.833,12.87,12.709,0.7125,0.7692,0.8,34.925,lightgbm_global_top_down
13119,4,13,13.531,15.784,14.375,0.89,0.8462,0.8,36.9,lightgbm_global_top_down
13119,5,13,16.417,19.44,21.595,1.0798,0.5385,0.8,37.444,lightgbm_global_top_down
13119,6,13,15.176,17.766,17.797,0.9981,0.5385,0.8,37.063,lightgbm_global_top_down
13119,7,13,16.527,19.284,18.697,1.087,0.5385,0.8,38.648,lightgbm_global_top_down
13119,8,13,12.445,15.608,13.355,0.8186,0.6923,0.8,38.399,lightgbm_global_top_down
13120,1,13,6.656,7.964,28.902,0.8467,0.6923,0.8,15.974,lightgbm_global_top_down
13120,2,13,6.318,7.943,22.99,0.8036,0.7692,0.8,15.67,lightgbm_global_top_down
13120,3,13,6.186,7.454,18.174,0.7869,0.7692,0.8,16.576,lightgbm_global_top_down
13120,4,13,4.294,5.231,15.876,0.5462,0.9231,0.8,16.998,lightgbm_global_top_down
13120,5,13,5.816,6.701,25.162,0.7398,0.6923,0.8,17.462,lightgbm_global_top_down
13120,6,13,7.435,9.521,27.447,0.9457,0.6923,0.8,17.196,lightgbm_global_top_down
13120,7,13,6.355,8.029,18.626,0.8083,0.6923,0.8,16.96,lightgbm_global_top_down
13120,8,13,4.464,5.674,17.373,0.5678,0.9231,0.8,17.21,lightgbm_global_top_down
13121,1,13,6.822,9.363,27.873,0.8803,0.6154,0.8,17.79,lightgbm_global_top_down
13121,2,13,7.464,8.679,27.17,0.9631,0.4615,0.8,16.152,lightgbm_global_top_down
13121,3,13,3.856,4.193,11.925,0.4976,0.8462,0.8,16.553,lightgbm_global_top_down
13121,4,13,6.108,7.458,17.193,0.7881,0.6154,0.8,16.608,lightgbm_global_top_down
13121,5,13,6.794,8.592,27.131,0.8766,0.6154,0.8,16.401,lightgbm_global_top_down
13121,6,13,6.726,7.721,24.376,0.8679,0.6154,0.8,16.044,lightgbm_global_top_down
13121,7,13,4.249,4.787,13.509,0.5483,0.9231,0.8,15.854,lightgbm_global_top_down
13121,8,13,6.237,6.971,18.438,0.8048,0.6923,0.8,16.427,lightgbm_global_top_down
13122,1,13,10.509,13.734,24.572,0.7668,0.7692,0.8,26.452,lightgbm_global_top_down
13122,2,13,6.188,7.483,12.048,0.4515,0.9231,0.8,28.755,lightgbm_global_top_down
13122,3,13,8.455,10.482,16.974,0.617,0.7692,0.8,28.947,lightgbm_global_top_down
13122,4,13,8.963,10.978,17.034,0.6541,0.8462,0.8,28.548,lightgbm_global_top_down
13122,5,13,9.802,12.902,22.962,0.7152,0.7692,0.8,28.78,lightgbm_global_top_down
13122,6,13,6.037,7.09,11.125,0.4405,0.8462,0.8,26.957,lightgbm_global_top_down
13122,7,13,6.438,8.26,11.974,0.4698,0.8462,0.8,26.824,lightgbm_global_top_down
13122,8,13,9.277,11.321,17.346,0.677,0.7692,0.8,25.95,lightgbm_global_top_down
13123,1,13,11.979,15.367,27.824,0.8476,0.6923,0.8,31.017,lightgbm_global_top_down
13123,2,13,7.838,10.249,14.869,0.5547,0.8462,0.8,31.262,lightgbm_global_top_down
13123,3,13,8.869,11.209,16.888,0.6276,0.6154,0.8,29.944,lightgbm_global_top_down
13123,4,13,15.569,29.209,20.495,1.1017,0.6923,0.8,29.424,lightgbm_global_top_down
13123,5,13,9.564,13.502,23.68,0.6768,0.7692,0.8,27.707,lightgbm_global_top_down
13123,6,13,11.799,13.481,22.149,0.8349,0.6154,0.8,27.584,lightgbm_global_top_down
13123,7,13,10.086,11.851,18.6,0.7137,0.6923,0.8,25.971,lightgbm_global_top_down
13123,8,13,17.449,30.615,24.117,1.2348,0.4615,0.8,27.725,lightgbm_global_top_down
13124,1,13,9.245,11.899,22.268,0.6895,0.8462,0.8,24.745,lightgbm_global_top_down
13124,2,13,8.085,9.244,15.998,0.603,0.6923,0.8,23.754,lightgbm_global_top_down
13124,3,13,5.929,7.031,10.789,0.4422,0.7692,0.8,24.312,lightgbm_global_top_down
13124,4,13,8.56,11.773,14.944,0.6384,0.7692,0.8,23.998,lightgbm_global_top_down
13124,5,13,8.419,12.751,21.138,0.6279,0.6923,0.8,23.61,lightgbm_global_top_down
13124,6,13,9.773,11.25,18.023,0.7289,0.5385,0.8,23.467,lightgbm_global_top_down
13124,7,13,7.004,9.803,11.866,0.5223,0.6154,0.8,21.977,lightgbm_global_top_down
13124,8,13,7.008,9.471,13.771,0.5226,0.7692,0.8,21.976,lightgbm_global_top_down
13125,1,13,11.376,14.513,23.04,1.0244,0.6923,0.8,26.758,lightgbm_global_top_down
13125,2,13,8.802,10.928,15.164,0.7926,0.8462,0.8,25.621,lightgbm_global_top_down
13125,3,13,8.95,9.778,15.753,0.8059,0.8462,0.8,25.599,lightgbm_global_top_down
13125,4,13,8.001,10.222,13.441,0.7205,0.7692,0.8,25.075,lightgbm_global_top_down
13125,5,13,12.688,14.047,25.032,1.1426,0.6154,0.8,25.689,lightgbm_global_top_down
13125,6,13,10.402,13.501,19.87,0.9366,0.6154,0.8,24.379,lightgbm_global_top_down
13125,7,13,10.139,11.422,18.35,0.913,0.6923,0.8,25.259,lightgbm_global_top_down
13125,8,13,8.592,10.766,15.923,0.7737,0.6154,0.8,24.471,lightgbm_global_top_down
13126,1,13,2.802,3.71,15.903,0.4605,0.8462,0.8,12.694,lightgbm_global_top_down
13126,2,13,5.6,6.451,30.631,0.9202,0.5385,0.8,12.903,lightgbm_global_top_down
13126,3,13,2.542,3.355,12.592,0.4178,0.8462,0.8,12.704,lightgbm_global_top_down
13126,4,13,4.542,5.273,27.043,0.7464,0.5385,0.8,13.252,lightgbm_global_top_down
13126,5,13,4.058,5.214,22.648,0.6668,0.8462,0.8,13.619,lightgbm_global_top_down
13126,6,13,5.503,6.382,30.396,0.9043,0.6154,0.8,12.795,lightgbm_global_top_down
13126,7,13,3.556,4.463,17.003,0.5843,0.7692,0.8,13.179,lightgbm_global_top_down
13126,8,13,5.244,5.811,29.365,0.8618,0.6923,0.8,13.567,lightgbm_global_top_down
13127,1,13,59.487,82.651,20.267,0.6654,0.6923,0.8,136.046,lightgbm_global_top_down
13127,2,13,46.639,61.427,12.769,0.5217,0.5385,0.8,148.718,lightgbm_global_top_down
13127,3,13,51.982,68.73,14.44,0.5815,0.6923,0.8,148.708,lightgbm_global_top_down
13127,4,13,36.969,46.425,9.93,0.4136,0.8462,0.8,130.455,lightgbm_global_top_down
13127,5,13,65.083,79.027,20.999,0.728,0.6154,0.8,137.764,lightgbm_global_top_down
13127,6,13,51.192,60.227,14.355,0.5726,0.6154,0.8,123.625,lightgbm_global_top_down
13127,7,13,47.078,57.141,13.194,0.5266,0.6154,0.8,124.574,lightgbm_global_top_down
13127,8,13,36.363,44.718,9.426,0.4068,0.7692,0.8,131.532,lightgbm_global_top_down
13128,1,13,7.426,9.273,21.013,0.8221,0.6923,0.8,21.365,lightgbm_global_top_down
13128,2,13,8.99,11.107,27.172,0.9952,0.6154,0.8,20.482,lightgbm_global_top_down
13128,3,13,6.002,7.244,18.139,0.6644,0.8462,0.8,20.604,lightgbm_global_top_down
13128,4,13,3.803,5.076,10.224,0.421,0.8462,0.8,20.041,lightgbm_global_top_down
13128,5,13,7.223,9.876,19.761,0.7996,0.6923,0.8,19.508,lightgbm_global_top_down
13128,6,13,9.104,10.87,27.091,1.0078,0.4615,0.8,19.125,lightgbm_global_top_down
13128,7,13,6.913,8.26,20.638,0.7653,0.7692,0.8,18.99,lightgbm_global_top_down
13128,8,13,3.377,4.236,8.817,0.3739,0.9231,0.8,19.786,lightgbm_global_top_down
13129,1,13,4.806,6.087,30.879,0.9052,0.6923,0.8,12.051,lightgbm_global_top_down
13129,2,13,2.41,3.936,15.626,0.454,0.8462,0.8,11.646,lightgbm_global_top_down
13129,3,13,3.923,4.915,34.957,0.7389,0.6923,0.8,12.6,lightgbm_global_top_down
13129,4,13,4.341,5.333,31.547,0.8176,0.6923,0.8,12.04,lightgbm_global_top_down
13129,5,13,3.711,4.806,27.912,0.699,0.6923,0.8,11.797,lightgbm_global_top_down
13129,6,13,2.953,4.021,18.904,0.5563,0.6923,0.8,11.656,lightgbm_global_top_down
13129,7,13,3.958,5.007,34.336,0.7455,0.6154,0.8,11.132,lightgbm_global_top_down
13129,8,13,3.947,5.05,29.147,0.7434,0.8462,0.8,11.227,lightgbm_global_top_down
13130,1,13,9.577,14.62,16.906,0.466,0.8462,0.8,28.204,lightgbm_global_top_down
13130,2,13,10.382,12.779,17.17,0.5051,0.7692,0.8,25.952,lightgbm_global_top_down
13130,3,13,9.402,10.512,12.266,0.4575,0.6923,0.8,26.377,lightgbm_global_top_down
13130,4,13,9.783,11.902,13.816,0.476,0.7692,0.8,27.449,lightgbm_global_top_down
13130,5,13,12.675,16.496,21.596,0.6167,0.6154,0.8,26.434,lightgbm_global_top_down
13130,6,13,11.957,15.002,19.942,0.5818,0.7692,0.8,26.05,lightgbm_global_top_down
13130,7,13,9.651,10.833,13.194,0.4696,0.6154,0.8,23.956,lightgbm_global_top_down
13130,8,13,9.693,12.71,14.162,0.4716,0.6923,0.8,24.502,lightgbm_global_top_down
13131,1,13,8.701,11.542,16.815,0.479,0.8462,0.8,28.428,lightgbm_global_top_down
13131,2,13,5.401,6.897,9.791,0.2973,0.8462,0.8,27.412,lightgbm_global_top_down
13131,3,13,9.866,12.912,14.339,0.5432,0.6923,0.8,27.635,lightgbm_global_top_down
13131,4,13,10.805,13.412,15.913,0.5949,0.7692,0.8,27.967,lightgbm_global_top_down
13131,5,13,8.996,11.167,16.984,0.4952,0.7692,0.8,29.758,lightgbm_global_top_down
13131,6,13,6.945,7.99,11.54,0.3824,0.8462,0.8,28.359,lightgbm_global_top_down
13131,7,13,10.804,13.931,15.259,0.5948,0.7692,0.8,27.258,lightgbm_global_top_down
13131,8,13,11.179,13.639,16.277,0.6154,0.6923,0.8,29.255,lightgbm_global_top_down
13201,1,13,13.781,18.546,13.856,0.5167,0.7692,0.8,32.081,lightgbm_global_top_down
13201,2,13,8.876,10.495,7.626,0.3328,0.8462,0.8,33.986,lightgbm_global_top_down
13201,3,13,11.142,13.247,9.834,0.4178,0.6923,0.8,34.341,lightgbm_global_top_down
13201,4,13,11.3,13.972,9.382,0.4237,0.6923,0.8,33.485,lightgbm_global_top_down
13201,5,13,13.691,18.437,13.687,0.5133,0.6923,0.8,32.914,lightgbm_global_top_down
13201,6,13,12.83,15.901,10.906,0.4811,0.6923,0.8,32.948,lightgbm_global_top_down
13201,7,13,10.636,12.342,9.127,0.3988,0.7692,0.8,32.183,lightgbm_global_top_down
13201,8,13,12.107,14.686,9.862,0.4539,0.6154,0.8,31.835,lightgbm_global_top_down
13202,1,13,1.742,2.281,67.32,0.5392,0.8462,0.8,6.049,lightgbm_global_top_down
13202,2,13,1.355,1.729,26.734,0.4195,0.8462,0.8,5.733,lightgbm_global_top_down
13202,3,13,1.558,1.828,34.177,0.4822,0.8462,0.8,5.785,lightgbm_global_top_down
13202,4,13,2.589,3.267,58.077,0.8014,0.7692,0.8,5.59,lightgbm_global_top_down
13202,5,13,1.86,2.341,66.56,0.5757,0.7692,0.8,5.8,lightgbm_global_top_down
13202,6,13,1.27,1.699,27.857,0.3933,0.8462,0.8,5.562,lightgbm_global_top_down
13202,7,13,1.662,2.062,32.544,0.5144,0.6923,0.8,5.536,lightgbm_global_top_down
13202,8,13,2.797,3.442,68.363,0.8659,0.6923,0.8,5.726,lightgbm_global_top_down
13203,1,13,2.593,3.379,41.214,0.6614,0.5385,0.8,7.29,lightgbm_global_top_down
13203,2,13,2.673,3.037,53.288,0.6817,0.6923,0.8,7.286,lightgbm_global_top_down
13203,3,13,2.69,3.265,27.082,0.6862,0.7692,0.8,7.366,lightgbm_global_top_down
13203,4,13,2.036,2.204,25.051,0.5192,0.9231,0.8,7.44,lightgbm_global_top_down
13203,5,13,3.465,4.419,46.082,0.8837,0.5385,0.8,7.508,lightgbm_global_top_down
13203,6,13,3.112,3.642,106.304,0.7936,0.6154,0.8,7.566,lightgbm_global_top_down
13203,7,13,2.358,2.933,23.017,0.6014,0.9231,0.8,7.146,lightgbm_global_top_down
13203,8,13,1.814,2.096,22.444,0.4627,1.0,0.8,7.398,lightgbm_global_top_down
13301,1,13,7.898,11.06,26.511,0.3983,0.6154,0.8,20.428,lightgbm_global_top_down
13301,2,13,7.55,8.736,26.311,0.3808,0.7692,0.8,19.492,lightgbm_global_top_down
13301,3,13,7.435,9.223,21.931,0.375,0.8462,0.8,18.775,lightgbm_global_top_down
13301,4,13,6.809,8.447,18.087,0.3434,0.6923,0.8,18.522,lightgbm_global_top_down
13301,5,13,8.231,11.031,28.486,0.4151,0.6923,0.8,18.843,lightgbm_global_top_down
13301,6,13,7.856,10.246,28.823,0.3962,0.6923,0.8,19.186,lightgbm_global_top_down
13301,7,13,7.395,9.797,22.186,0.373,0.7692,0.8,19.101,lightgbm_global_top_down
13301,8,13,7.169,8.533,20.181,0.3616,0.6923,0.8,19.938,lightgbm_global_top_down
13302,1,13,8.025,9.615,23.444,0.5904,0.6154,0.8,22.701,lightgbm_global_top_down
13302,2,13,8.183,10.194,20.226,0.602,0.5385,0.8,24.402,lightgbm_global_top_down
13302,3,13,5.557,7.178,16.731,0.4088,1.0,0.8,23.231,lightgbm_global_top_down
13302,4,13,5.309,7.54,11.859,0.3906,0.8462,0.8,22.786,lightgbm_global_top_down
13302,5,13,6.138,8.204,16.21,0.4516,0.8462,0.8,22.669,lightgbm_global_top_down
13302,6,13,8.18,10.721,19.916,0.6019,0.6923,0.8,21.965,lightgbm_global_top_down
13302,7,13,4.323,6.494,12.378,0.3181,1.0,0.8,22.825,lightgbm_global_top_down
13302,8,13,6.055,8.682,13.861,0.4455,0.6154,0.8,23.181,lightgbm_global_top_down
13303,1,13,1.813,2.392,35.252,0.3612,0.9231,0.8,8.315,lightgbm_global_top_down
13303,2,13,3.252,3.862,74.542,0.6478,0.6154,0.8,8.345,lightgbm_global_top_down
13303,3,13,2.871,3.11,31.156,0.572,0.6154,0.8,8.015,lightgbm_global_top_down
13303,4,13,1.926,2.468,38.699,0.3836,1.0,0.8,8.076,lightgbm_global_top_down
13303,5,13,2.146,2.835,45.303,0.4275,0.8462,0.8,8.345,lightgbm_global_top_down
13303,6,13,3.636,4.183,85.185,0.7243,0.6154,0.8,8.149,lightgbm_global_top_down
13303,7,13,2.822,3.071,31.992,0.5622,0.6154,0.8,7.995,lightgbm_global_top_down
13303,8,13,1.831,2.599,38.291,0.3647,1.0,0.8,8.334,lightgbm_global_top_down
13401,1,13,11.899,14.643,14.609,0.7112,0.6923,0.8,31.862,lightgbm_global_top_down
13401,2,13,8.814,10.335,10.272,0.5268,0.9231,0.8,32.912,lightgbm_global_top_down
13401,3,13,12.118,14.471,13.254,0.7243,0.6923,0.8,34.122,lightgbm_global_top_down
13401,4,13,18.017,27.124,16.107,1.0769,0.7692,0.8,34.378,lightgbm_global_top_down
13401,5,13,12.443,14.145,15.12,0.7437,0.6154,0.8,36.643,lightgbm_global_top_down
13401,6,13,10.146,12.454,11.942,0.6064,0.6923,0.8,35.648,lightgbm_global_top_down
13401,7,13,12.789,15.494,13.624,0.7644,0.4615,0.8,34.658,lightgbm_global_top_down
13401,8,13,11.897,16.703,12.083,0.7111,0.7692,0.8,33.339,lightgbm_global_top_down
13402,1,13,6.429,7.659,20.594,0.9015,0.6154,0.8,16.899,lightgbm_global_top_down
13402,2,13,4.861,5.889,21.795,0.6816,0.7692,0.8,16.122,lightgbm_global_top_down
13402,3,13,5.044,6.208,17.484,0.7073,0.7692,0.8,16.629,lightgbm_global_top_down
13402,4,13,5.866,6.744,24.507,0.8226,0.6923,0.8,16.243,lightgbm_global_top_down
13402,5,13,5.854,7.406,17.954,0.8209,0.6923,0.8,17.292,lightgbm_global_top_down
13402,6,13,5.511,6.542,24.703,0.7728,0.6154,0.8,15.964,lightgbm_global_top_down
13402,7,13,6.032,7.248,20.618,0.8458,0.7692,0.8,15.518,lightgbm_global_top_down
13402,8,13,5.424,6.516,23.162,0.7606,0.6923,0.8,17.266,lightgbm_global_top_down
13403,1,13,1.791,2.34,28.324,0.9043,0.8462,0.8,6.807,lightgbm_global_top_down
13403,2,13,2.187,2.756,67.74,1.1045,0.8462,0.8,6.695,lightgbm_global_top_down
13403,3,13,1.752,2.259,75.696,0.885,0.6923,0.8,6.65,lightgbm_global_top_down
13403,4,13,2.222,2.722,84.585,1.122,0.6923,0.8,6.952,lightgbm_global_top_down
13403,5,13,1.94,2.564,52.081,0.9796,0.8462,0.8,7.04,lightgbm_global_top_down
13403,6,13,2.184,2.686,59.515,1.1029,0.8462,0.8,6.87,lightgbm_global_top_down
13403,7,13,2.11,2.975,57.717,1.0655,0.7692,0.8,6.645,lightgbm_global_top_down
13403,8,13,2.344,2.844,93.159,1.1836,0.6154,0.8,7.079,lightgbm_global_top_down
13404,1,13,3.693,4.785,51.056,0.7839,0.6923,0.8,10.207,lightgbm_global_top_down
13404,2,13,3.402,3.899,25.579,0.7221,0.8462,0.8,9.268,lightgbm_global_top_down
13404,3,13,2.272,3.106,15.237,0.4823,0.9231,0.8,9.495,lightgbm_global_top_down
13404,4,13,3.522,4.455,113.248,0.7476,0.7692,0.8,9.669,lightgbm_global_top_down
13404,5,13,3.235,4.098,43.397,0.6867,0.6923,0.8,10.195,lightgbm_global_top_down
13404,6,13,3.863,4.469,28.43,0.8202,0.8462,0.8,9.471,lightgbm_global_top_down
13404,7,13,2.119,2.874,14.424,0.4499,0.8462,0.8,9.585,lightgbm_global_top_down
13404,8,13,3.348,4.523,122.104,0.7108,0.7692,0.8,10.014,lightgbm_global_top_down
13501,1,13,5.755,6.921,12.397,0.571,0.7692,0.8,19.855,lightgbm_global_top_down
13501,2,13,9.019,10.83,22.77,0.8948,0.6154,0.8,19.224,lightgbm_global_top_down
13501,3,13,5.102,6.089,10.623,0.5062,0.9231,0.8,18.0,lightgbm_global_top_down
13501,4,13,6.786,8.808,13.068,0.6733,0.6923,0.8,18.814,lightgbm_global_top_down
13501,5,13,6.292,7.307,13.82,0.6243,0.5385,0.8,18.461,lightgbm_global_top_down
13501,6,13,8.163,10.319,21.13,0.8099,0.7692,0.8,19.246,lightgbm_global_top_down
13501,7,13,6.716,7.289,13.858,0.6664,0.8462,0.8,18.636,lightgbm_global_top_down
13501,8,13,6.538,8.309,12.848,0.6486,0.7692,0.8,19.024,lightgbm_global_top_down
13502,1,13,1.526,1.76,67.982,1.0399,0.7692,0.8,4.416,lightgbm_global_top_down
13502,2,13,1.463,1.678,89.298,0.9972,0.7692,0.8,4.322,lightgbm_global_top_down
13502,3,13,1.398,1.876,54.486,0.9532,0.6154,0.8,4.547,lightgbm_global_top_down
13502,4,13,1.634,2.156,56.27,1.1137,0.7692,0.8,4.142,lightgbm_global_top_down
13502,5,13,1.346,1.613,50.442,0.9177,0.8462,0.8,3.883,lightgbm_global_top_down
13502,6,13,1.458,1.682,81.726,0.9938,0.7692,0.8,4.18,lightgbm_global_top_down
13502,7,13,1.285,1.839,53.976,0.8761,0.8462,0.8,4.232,lightgbm_global_top_down
13502,8,13,1.295,1.597,53.265,0.8826,0.7692,0.8,4.247,lightgbm_global_top_down
13503,1,13,3.961,4.556,20.469,0.7051,0.6923,0.8,11.153,lightgbm_global_top_down
13503,2,13,4.012,5.851,19.75,0.7141,0.7692,0.8,11.488,lightgbm_global_top_down
13503,3,13,4.556,5.377,23.248,0.811,0.7692,0.8,11.309,lightgbm_global_top_down
13503,4,13,3.765,4.763,18.19,0.6701,0.6923,0.8,11.386,lightgbm_global_top_down
13503,5,13,3.719,4.588,18.828,0.662,0.6923,0.8,11.123,lightgbm_global_top_down
13503,6,13,4.346,6.272,21.812,0.7736,0.6154,0.8,11.206,lightgbm_global_top_down
13503,7,13,4.4,5.65,21.094,0.7832,0.6154,0.8,10.982,lightgbm_global_top_down
13503,8,13,3.898,4.924,19.235,0.6938,0.6923,0.8,11.396,lightgbm_global_top_down
13504,1,13,2.803,3.446,102.403,0.9839,0.5385,0.8,5.805,lightgbm_global_top_down
13504,2,13,2.416,3.057,50.701,0.8483,0.6154,0.8,5.828,lightgbm_global_top_down
13504,3,13,1.574,1.83,35.118,0.5525,0.9231,0.8,5.647,lightgbm_global_top_down
13504,4,13,0.924,1.182,20.133,0.3244,0.8462,0.8,5.805,lightgbm_global_top_down
13504,5,13,2.754,3.192,93.477,0.9667,0.5385,0.8,5.739,lightgbm_global_top_down
13504,6,13,2.227,2.91,45.132,0.7818,0.6154,0.8,5.204,lightgbm_global_top_down
13504,7,13,1.363,1.678,29.927,0.4784,0.8462,0.8,5.488,lightgbm_global_top_down
13504,8,13,0.794,1.158,20.004,0.2787,0.9231,0.8,5.542,lightgbm_global_top_down
13505,1,13,1.402,1.733,72.081,0.5315,0.8462,0.8,6.371,lightgbm_global_top_down
13505,2,13,2.621,3.636,36.382,0.9934,0.8462,0.8,6.493,lightgbm_global_top_down
13505,3,13,1.716,2.189,78.191,0.6503,0.7692,0.8,6.469,lightgbm_global_top_down
13505,4,13,1.924,2.133,50.511,0.7293,0.7692,0.8,6.052,lightgbm_global_top_down
13505,5,13,1.595,1.932,74.54,0.6046,0.7692,0.8,6.026,lightgbm_global_top_down
13505,6,13,2.746,3.745,40.702,1.0409,0.7692,0.8,6.163,lightgbm_global_top_down
13505,7,13,1.957,2.497,77.048,0.7417,0.6923,0.8,6.154,lightgbm_global_top_down
13505,8,13,1.75,2.092,45.764,0.6632,0.6923,0.8,6.354,lightgbm_global_top_down
13601,1,13,8.006,10.247,19.567,1.0033,0.6154,0.8,18.915,lightgbm_global_top_down
13601,2,13,6.313,7.703,14.385,0.7911,0.8462,0.8,19.873,lightgbm_global_top_down
13601,3,13,6.89,8.88,16.435,0.8633,0.8462,0.8,19.418,lightgbm_global_top_down
13601,4,13,5.022,5.297,11.759,0.6293,0.9231,0.8,19.227,lightgbm_global_top_down
13601,5,13,7.483,9.713,18.35,0.9377,0.6923,0.8,17.888,lightgbm_global_top_down
13601,6,13,5.665,6.825,13.057,0.7099,0.7692,0.8,17.201,lightgbm_global_top_down
13601,7,13,7.463,9.266,16.976,0.9352,0.7692,0.8,17.986,lightgbm_global_top_down
13601,8,13,4.293,4.981,9.975,0.538,0.8462,0.8,18.859,lightgbm_global_top_down
13602,1,13,2.437,3.02,41.877,0.544,0.7692,0.8,7.649,lightgbm_global_top_down
13602,2,13,2.607,3.337,32.938,0.5818,0.7692,0.8,7.908,lightgbm_global_top_down
13602,3,13,2.673,3.538,49.248,0.5967,0.6923,0.8,7.608,lightgbm_global_top_down
13602,4,13,3.043,3.483,61.625,0.6792,0.4615,0.8,7.737,lightgbm_global_top_down
13602,5,13,2.155,2.777,37.082,0.4811,0.7692,0.8,7.771,lightgbm_global_top_down
13602,6,13,2.93,3.748,37.458,0.6541,0.6154,0.8,7.905,lightgbm_global_top_down
13602,7,13,3.076,3.748,56.1,0.6865,0.6154,0.8,7.372,lightgbm_global_top_down
13602,8,13,2.878,3.536,66.474,0.6425,0.5385,0.8,7.713,lightgbm_global_top_down
13603,1,13,4.099,5.694,20.242,0.7194,0.7692,0.8,12.577,lightgbm_global_top_down
13603,2,13,4.89,5.568,24.786,0.8582,0.7692,0.8,12.685,lightgbm_global_top_down
13603,3,13,5.081,5.899,32.607,0.8919,0.5385,0.8,12.572,lightgbm_global_top_down
13603,4,13,4.277,5.762,22.905,0.7507,0.7692,0.8,12.606,lightgbm_global_top_down
13603,5,13,4.186,6.284,19.276,0.7348,0.8462,0.8,12.116,lightgbm_global_top_down
13603,6,13,5.645,6.657,26.164,0.9908,0.5385,0.8,12.351,lightgbm_global_top_down
13603,7,13,5.589,6.149,34.361,0.9809,0.6154,0.8,12.316,lightgbm_global_top_down
13603,8,13,4.137,5.672,21.66,0.7262,0.6923,0.8,12.584,lightgbm_global_top_down
13604,1,13,4.905,6.864,21.85,0.6017,0.8462,0.8,17.588,lightgbm_global_top_down
13604,2,13,6.808,7.428,24.452,0.8352,0.6923,0.8,18.121,lightgbm_global_top_down
13604,3,13,7.314,9.418,22.873,0.8973,0.6923,0.8,17.087,lightgbm_global_top_down
13604,4,13,5.019,5.481,19.245,0.6157,0.8462,0.8,18.082,lightgbm_global_top_down
13604,5,13,4.013,5.032,17.255,0.4923,0.8462,0.8,17.684,lightgbm_global_top_down
13604,6,13,7.167,8.25,25.622,0.8793,0.6154,0.8,17.203,lightgbm_global_top_down
13604,7,13,7.959,10.09,23.484,0.9764,0.6154,0.8,17.279,lightgbm_global_top_down
13604,8,13,4.6,5.131,18.111,0.5643,0.8462,0.8,17.968,lightgbm_global_top_down
13605,1,13,7.494,10.324,19.881,0.6228,0.7692,0.8,21.555,lightgbm_global_top_down
13605,2,13,6.037,7.472,15.73,0.5017,0.8462,0.8,22.006,lightgbm_global_top_down
13605,3,13,6.778,9.201,15.129,0.5633,0.7692,0.8,22.112,lightgbm_global_top_down
13605,4,13,6.231,7.688,17.687,0.5178,0.8462,0.8,23.468,lightgbm_global_top_down
13605,5,13,6.88,9.993,17.153,0.5718,0.8462,0.8,23.098,lightgbm_global_top_down
13605,6,13,6.63,7.977,16.556,0.551,0.7692,0.8,22.825,lightgbm_global_top_down
13605,7,13,7.764,9.52,17.627,0.6453,0.8462,0.8,21.918,lightgbm_global_top_down
13605,8,13,7.2,8.15,20.66,0.5984,0.6923,0.8,22.212,lightgbm_global_top_down
RM,1,13,185.54,299.27,11.167,0.8347,0.6923,0.8,395.019,lightgbm_global_top_down
RM,2,13,128.05,155.099,6.185,0.5761,0.5385,0.8,383.456,lightgbm_global_top_down
RM,3,13,154.241,186.31,7.248,0.6939,0.7692,0.8,437.779,lightgbm_global_top_down
RM,4,13,120.035,142.764,5.53,0.54,0.7692,0.8,480.575,lightgbm_global_top_down
RM,5,13,204.061,309.008,11.967,0.9181,0.5385,0.8,495.06,lightgbm_global_top_down
RM,6,13,179.516,213.439,8.689,0.8076,0.4615,0.8,440.802,lightgbm_global_top_down
RM,7,13,152.163,192.612,6.965,0.6846,0.7692,0.8,456.782,lightgbm_global_top_down
RM,8,13,122.331,142.209,5.65,0.5504,0.8462,0.8,458.528,lightgbm_global_top_down
13101,1,13,8.857,13.131,16.703,0.6721,0.6923,0.8,23.788,hibrido_3niveles_top_down
13101,2,13,11.258,15.415,22.73,0.8543,0.5385,0.8,24.168,hibrido_3niveles_top_down
13101,3,13,7.433,9.43,11.332,0.564,0.8462,0.8,25.395,hibrido_3niveles_top_down
13101,4,13,6.356,7.51,9.906,0.4824,0.8462,0.8,26.238,hibrido_3niveles_top_down
13101,5,13,8.699,13.064,16.478,0.6601,0.7692,0.8,25.338,hibrido_3niveles_top_down
13101,6,13,13.018,16.575,26.166,0.9879,0.6154,0.8,26.4,hibrido_3niveles_top_down
13101,7,13,8.739,10.408,13.662,0.6632,0.6923,0.8,27.01,hibrido_3niveles_top_down
13101,8,13,7.94,9.454,12.425,0.6026,0.6923,0.8,26.958,hibrido_3niveles_top_down
13102,1,13,4.322,5.576,21.599,0.5285,0.8462,0.8,20.204,hibrido_3niveles_top_down
13102,2,13,6.908,8.106,33.779,0.8448,0.6154,0.8,23.452,hibrido_3niveles_top_down
13102,3,13,4.115,4.974,16.163,0.5032,0.9231,0.8,23.549,hibrido_3niveles_top_down
13102,4,13,7.999,10.04,25.686,0.9781,0.6923,0.8,22.064,hibrido_3niveles_top_down
13102,5,13,5.31,6.764,23.329,0.6494,0.8462,0.8,22.067,hibrido_3niveles_top_down
13102,6,13,7.576,8.657,36.12,0.9264,0.6154,0.8,23.134,hibrido_3niveles_top_down
13102,7,13,5.578,7.524,20.965,0.6821,0.6923,0.8,23.771,hibrido_3niveles_top_down
13102,8,13,9.233,11.419,29.725,1.1291,0.6154,0.8,25.014,hibrido_3niveles_top_down
13103,1,13,14.531,21.166,33.968,0.4823,0.6154,0.8,29.766,hibrido_3niveles_top_down
13103,2,13,15.408,19.059,25.78,0.5114,0.6154,0.8,31.628,hibrido_3niveles_top_down
13103,3,13,9.638,11.899,14.026,0.3199,0.7692,0.8,33.113,hibrido_3niveles_top_down
13103,4,13,11.3,13.049,15.52,0.375,0.7692,0.8,34.649,hibrido_3niveles_top_down
13103,5,13,16.17,23.605,37.645,0.5366,0.6923,0.8,35.211,hibrido_3niveles_top_down
13103,6,13,17.665,20.964,29.355,0.5863,0.4615,0.8,36.476,hibrido_3niveles_top_down
13103,7,13,13.04,15.028,18.497,0.4328,0.7692,0.8,38.621,hibrido_3niveles_top_down
13103,8,13,11.759,14.18,17.153,0.3902,0.7692,0.8,38.202,hibrido_3niveles_top_down
13104,1,13,8.591,11.096,27.174,0.7048,0.6923,0.8,21.429,hibrido_3niveles_top_down
13104,2,13,6.615,7.869,21.074,0.5426,0.7692,0.8,22.682,hibrido_3niveles_top_down
13104,3,13,6.972,8.046,22.008,0.5719,0.6923,0.8,21.316,hibrido_3niveles_top_down
13104,4,13,6.318,7.913,16.915,0.5183,0.6923,0.8,22.203,hibrido_3niveles_top_down
13104,5,13,8.27,10.692,26.062,0.6784,0.8462,0.8,22.223,hibrido_3niveles_top_down
13104,6,13,8.594,10.021,27.692,0.7049,0.6154,0.8,21.348,hibrido_3niveles_top_down
13104,7,13,7.277,8.665,23.45,0.597,0.6154,0.8,21.378,hibrido_3niveles_top_down
13104,8,13,6.391,7.693,17.786,0.5242,0.6923,0.8,21.429,hibrido_3niveles_top_down
13105,1,13,8.753,11.155,29.396,1.1275,0.6154,0.8,19.669,hibrido_3niveles_top_down
13105,2,13,6.984,8.611,20.802,0.8996,0.6923,0.8,19.593,hibrido_3niveles_top_down
13105,3,13,9.584,19.675,19.608,1.2345,0.7692,0.8,19.65,hibrido_3niveles_top_down
13105,4,13,5.37,6.183,18.055,0.6918,0.6154,0.8,20.147,hibrido_3niveles_top_down
13105,5,13,8.032,10.507,27.556,1.0346,0.6154,0.8,19.646,hibrido_3niveles_top_down
13105,6,13,7.407,9.003,21.955,0.9541,0.5385,0.8,18.95,hibrido_3niveles_top_down
13105,7,13,9.574,18.864,19.347,1.2333,0.6154,0.8,19.298,hibrido_3niveles_top_down
13105,8,13,4.868,5.701,16.986,0.627,0.6923,0.8,18.033,hibrido_3niveles_top_down
13106,1,13,4.756,5.565,24.175,0.7179,0.6923,0.8,12.331,hibrido_3niveles_top_down
13106,2,13,3.406,4.37,21.009,0.5141,0.8462,0.8,12.784,hibrido_3niveles_top_down
13106,3,13,3.645,4.463,20.474,0.5501,0.8462,0.8,13.099,hibrido_3niveles_top_down
13106,4,13,4.108,4.959,24.154,0.6201,0.7692,0.8,11.869,hibrido_3niveles_top_down
13106,5,13,4.448,5.12,22.743,0.6714,0.6154,0.8,13.004,hibrido_3niveles_top_down
13106,6,13,3.907,4.935,24.683,0.5898,0.7692,0.8,12.66,hibrido_3niveles_top_down
13106,7,13,4.586,5.44,26.177,0.6922,0.6923,0.8,12.985,hibrido_3niveles_top_down
13106,8,13,4.466,5.485,28.33,0.6741,0.6923,0.8,12.993,hibrido_3niveles_top_down
13107,1,13,6.133,7.491,28.951,0.3928,0.9231,0.8,18.89,hibrido_3niveles_top_down
13107,2,13,4.696,6.439,18.578,0.3008,0.9231,0.8,17.652,hibrido_3niveles_top_down
13107,3,13,6.864,8.255,31.615,0.4397,0.7692,0.8,17.124,hibrido_3niveles_top_down
13107,4,13,6.19,7.515,25.784,0.3965,0.7692,0.8,18.806,hibrido_3niveles_top_down
13107,5,13,6.396,8.16,29.788,0.4097,0.6923,0.8,17.911,hibrido_3niveles_top_down
13107,6,13,4.309,5.325,17.578,0.276,0.9231,0.8,18.485,hibrido_3niveles_top_down
13107,7,13,6.578,8.148,30.65,0.4214,0.6923,0.8,17.369,hibrido_3niveles_top_down
13107,8,13,7.364,9.575,27.817,0.4717,0.7692,0.8,18.056,hibrido_3niveles_top_down
13108,1,13,10.473,13.642,33.411,0.6535,0.6923,0.8,27.222,hibrido_3niveles_top_down
13108,2,13,8.443,11.018,23.199,0.5268,0.7692,0.8,26.935,hibrido_3niveles_top_down
13108,3,13,10.315,12.392,21.917,0.6436,0.5385,0.8,27.418,hibrido_3niveles_top_down
13108,4,13,8.478,10.565,21.307,0.529,0.9231,0.8,27.121,hibrido_3niveles_top_down
13108,5,13,8.56,13.311,28.748,0.5341,0.7692,0.8,26.529,hibrido_3niveles_top_down
13108,6,13,8.383,10.828,23.755,0.5231,0.8462,0.8,27.874,hibrido_3niveles_top_down
13108,7,13,9.005,11.413,18.806,0.5619,0.6923,0.8,28.853,hibrido_3niveles_top_down
13108,8,13,9.682,11.816,23.777,0.6041,0.7692,0.8,29.389,hibrido_3niveles_top_down
13109,1,13,2.992,3.642,37.204,0.7172,0.6154,0.8,7.306,hibrido_3niveles_top_down
13109,2,13,1.769,2.163,21.515,0.424,0.8462,0.8,7.351,hibrido_3niveles_top_down
13109,3,13,1.991,2.386,30.628,0.4773,0.8462,0.8,7.471,hibrido_3niveles_top_down
13109,4,13,2.775,3.153,34.969,0.6654,0.6923,0.8,8.019,hibrido_3niveles_top_down
13109,5,13,2.678,3.404,33.68,0.6421,0.7692,0.8,7.697,hibrido_3niveles_top_down
13109,6,13,1.951,2.397,23.848,0.4677,0.8462,0.8,7.598,hibrido_3niveles_top_down
13109,7,13,2.13,2.338,35.221,0.5107,0.7692,0.8,7.272,hibrido_3niveles_top_down
13109,8,13,2.591,3.088,36.17,0.6213,0.6154,0.8,7.321,hibrido_3niveles_top_down
13110,1,13,12.629,15.889,18.245,1.0287,0.6154,0.8,37.007,hibrido_3niveles_top_down
13110,2,13,11.077,13.254,11.667,0.9023,0.7692,0.8,36.381,hibrido_3niveles_top_down
13110,3,13,14.161,15.422,16.957,1.1535,0.6154,0.8,38.074,hibrido_3niveles_top_down
13110,4,13,13.138,16.519,15.075,1.0702,0.7692,0.8,36.952,hibrido_3niveles_top_down
13110,5,13,10.814,13.28,15.558,0.8809,0.6154,0.8,38.064,hibrido_3niveles_top_down
13110,6,13,10.266,13.537,10.632,0.8362,0.6923,0.8,38.378,hibrido_3niveles_top_down
13110,7,13,12.877,16.087,15.097,1.0489,0.6154,0.8,39.797,hibrido_3niveles_top_down
13110,8,13,16.608,20.19,18.566,1.3529,0.6923,0.8,38.119,hibrido_3niveles_top_down
13111,1,13,7.84,9.771,54.729,1.3038,0.6154,0.8,21.079,hibrido_3niveles_top_down
13111,2,13,5.99,7.323,27.622,0.9961,0.6154,0.8,21.703,hibrido_3niveles_top_down
13111,3,13,4.2,4.986,14.34,0.6985,0.9231,0.8,21.024,hibrido_3niveles_top_down
13111,4,13,5.51,6.972,20.042,0.9163,0.6923,0.8,21.244,hibrido_3niveles_top_down
13111,5,13,7.681,9.436,50.211,1.2774,0.4615,0.8,19.948,hibrido_3niveles_top_down
13111,6,13,5.883,7.226,26.166,0.9784,0.6154,0.8,20.609,hibrido_3niveles_top_down
13111,7,13,4.845,5.823,15.946,0.8058,0.8462,0.8,20.923,hibrido_3niveles_top_down
13111,8,13,7.017,8.498,23.514,1.167,0.6154,0.8,21.751,hibrido_3niveles_top_down
13112,1,13,10.624,11.917,25.96,0.9835,0.7692,0.8,26.019,hibrido_3niveles_top_down
13112,2,13,7.637,8.25,16.534,0.7069,0.9231,0.8,27.345,hibrido_3niveles_top_down
13112,3,13,9.447,11.699,23.728,0.8745,0.7692,0.8,28.006,hibrido_3niveles_top_down
13112,4,13,8.397,11.335,21.981,0.7773,0.7692,0.8,28.577,hibrido_3niveles_top_down
13112,5,13,10.834,12.659,27.026,1.0029,0.6154,0.8,28.638,hibrido_3niveles_top_down
13112,6,13,10.154,11.132,22.961,0.9399,0.6923,0.8,29.303,hibrido_3niveles_top_down
13112,7,13,12.306,13.716,30.199,1.1391,0.5385,0.8,29.793,hibrido_3niveles_top_down
13112,8,13,11.265,14.542,27.845,1.0428,0.6923,0.8,29.732,hibrido_3niveles_top_down
13113,1,13,3.418,3.925,30.508,0.6783,0.7692,0.8,9.798,hibrido_3niveles_top_down
13113,2,13,1.904,2.32,16.281,0.3779,0.9231,0.8,9.341,hibrido_3niveles_top_down
13113,3,13,2.73,3.089,22.68,0.5417,1.0,0.8,9.273,hibrido_3niveles_top_down
13113,4,13,3.09,3.837,21.053,0.6131,0.8462,0.8,8.781,hibrido_3niveles_top_down
13113,5,13,3.609,4.4,28.814,0.7162,0.8462,0.8,8.693,hibrido_3niveles_top_down
13113,6,13,2.421,2.961,19.603,0.4804,0.7692,0.8,9.012,hibrido_3niveles_top_down
13113,7,13,2.294,2.679,16.508,0.4553,1.0,0.8,9.251,hibrido_3niveles_top_down
13113,8,13,3.038,3.943,20.836,0.6029,0.7692,0.8,9.274,hibrido_3niveles_top_down
13114,1,13,4.615,5.699,143.91,0.7157,0.6154,0.8,10.593,hibrido_3niveles_top_down
13114,2,13,5.592,6.626,207.044,0.8673,0.5385,0.8,10.702,hibrido_3niveles_top_down
13114,3,13,3.823,4.146,69.873,0.593,0.8462,0.8,10.273,hibrido_3niveles_top_down
13114,4,13,3.879,4.956,82.414,0.6016,0.6923,0.8,10.147,hibrido_3niveles_top_down
13114,5,13,4.456,5.186,128.408,0.6912,0.6154,0.8,9.999,hibrido_3niveles_top_down
13114,6,13,6.505,7.249,246.287,1.009,0.4615,0.8,9.86,hibrido_3niveles_top_down
13114,7,13,3.352,3.668,67.69,0.5198,0.8462,0.8,9.218,hibrido_3niveles_top_down
13114,8,13,4.464,5.351,100.702,0.6923,0.6923,0.8,10.335,hibrido_3niveles_top_down
13115,1,13,1.379,1.932,24.907,0.7513,0.8462,0.8,5.982,hibrido_3niveles_top_down
13115,2,13,1.245,1.621,55.389,0.6784,0.8462,0.8,5.61,hibrido_3niveles_top_down
13115,3,13,1.874,2.322,75.489,1.0208,0.6923,0.8,5.215,hibrido_3niveles_top_down
13115,4,13,1.727,1.975,71.645,0.9407,0.8462,0.8,5.547,hibrido_3niveles_top_down
13115,5,13,1.428,1.951,25.334,0.7781,0.8462,0.8,5.411,hibrido_3niveles_top_down
13115,6,13,1.192,1.562,55.755,0.6495,0.9231,0.8,5.5,hibrido_3niveles_top_down
13115,7,13,2.08,2.368,85.169,1.1329,0.6923,0.8,5.683,hibrido_3niveles_top_down
13115,8,13,1.692,1.967,70.489,0.922,0.7692,0.8,5.696,hibrido_3niveles_top_down
13116,1,13,4.328,5.715,16.101,0.4844,0.9231,0.8,17.913,hibrido_3niveles_top_down
13116,2,13,7.441,8.585,24.859,0.8329,0.5385,0.8,18.963,hibrido_3niveles_top_down
13116,3,13,4.998,6.492,15.742,0.5594,0.6923,0.8,17.747,hibrido_3niveles_top_down
13116,4,13,4.485,5.778,12.214,0.502,0.7692,0.8,17.725,hibrido_3niveles_top_down
13116,5,13,5.739,7.24,20.823,0.6424,0.7692,0.8,17.314,hibrido_3niveles_top_down
13116,6,13,7.653,8.636,26.797,0.8566,0.4615,0.8,17.616,hibrido_3niveles_top_down
13116,7,13,4.079,5.234,12.196,0.4566,0.8462,0.8,18.105,hibrido_3niveles_top_down
13116,8,13,4.28,5.209,12.403,0.4791,0.9231,0.8,18.279,hibrido_3niveles_top_down
13117,1,13,6.764,8.906,19.406,0.9059,0.8462,0.8,20.476,hibrido_3niveles_top_down
13117,2,13,7.774,10.199,17.605,1.0411,0.5385,0.8,20.108,hibrido_3niveles_top_down
13117,3,13,4.569,5.405,13.606,0.6119,0.8462,0.8,20.866,hibrido_3niveles_top_down
13117,4,13,5.877,7.483,15.819,0.7871,0.6923,0.8,21.172,hibrido_3niveles_top_down
13117,5,13,6.13,7.952,17.604,0.821,0.7692,0.8,20.795,hibrido_3niveles_top_down
13117,6,13,6.607,10.005,15.545,0.8849,0.6923,0.8,20.462,hibrido_3niveles_top_down
13117,7,13,5.955,6.914,17.439,0.7976,0.6154,0.8,21.313,hibrido_3niveles_top_down
13117,8,13,6.321,7.195,17.744,0.8465,0.6154,0.8,21.101,hibrido_3niveles_top_down
13118,1,13,3.155,4.332,56.303,0.6436,0.6923,0.8,9.757,hibrido_3niveles_top_down
13118,2,13,3.746,4.258,49.086,0.7642,0.6154,0.8,9.561,hibrido_3niveles_top_down
13118,3,13,3.342,3.863,65.201,0.6818,0.7692,0.8,9.84,hibrido_3niveles_top_down
13118,4,13,2.467,3.043,47.301,0.5033,0.8462,0.8,9.584,hibrido_3niveles_top_down
13118,5,13,3.322,4.247,62.087,0.6777,0.6154,0.8,9.571,hibrido_3niveles_top_down
13118,6,13,5.009,7.472,49.913,1.0219,0.6923,0.8,9.134,hibrido_3niveles_top_down
13118,7,13,2.779,3.225,50.483,0.5671,0.8462,0.8,9.374,hibrido_3niveles_top_down
13118,8,13,2.571,3.038,48.428,0.5246,0.7692,0.8,9.799,hibrido_3niveles_top_down
13119,1,13,11.298,14.23,15.888,0.7431,0.6154,0.8,35.062,hibrido_3niveles_top_down
13119,2,13,10.333,13.166,12.496,0.6796,0.6154,0.8,35.325,hibrido_3niveles_top_down
13119,3,13,11.492,13.07,13.889,0.7558,0.6154,0.8,36.385,hibrido_3niveles_top_down
13119,4,13,11.065,12.499,12.392,0.7278,0.6923,0.8,38.424,hibrido_3niveles_top_down
13119,5,13,15.594,19.221,21.606,1.0256,0.4615,0.8,37.382,hibrido_3niveles_top_down
13119,6,13,14.687,18.249,17.912,0.966,0.5385,0.8,37.745,hibrido_3niveles_top_down
13119,7,13,17.641,20.561,21.286,1.1603,0.5385,0.8,41.499,hibrido_3niveles_top_down
13119,8,13,16.341,18.46,18.38,1.0748,0.5385,0.8,39.7,hibrido_3niveles_top_down
13120,1,13,6.906,8.213,30.116,0.8784,0.6923,0.8,16.263,hibrido_3niveles_top_down
13120,2,13,6.492,7.997,24.289,0.8258,0.6923,0.8,16.117,hibrido_3niveles_top_down
13120,3,13,5.824,6.56,17.787,0.7408,0.7692,0.8,17.176,hibrido_3niveles_top_down
13120,4,13,4.453,5.23,16.886,0.5664,0.8462,0.8,17.865,hibrido_3niveles_top_down
13120,5,13,7.127,8.025,31.007,0.9066,0.6154,0.8,18.484,hibrido_3niveles_top_down
13120,6,13,6.629,9.089,26.018,0.8432,0.7692,0.8,18.182,hibrido_3niveles_top_down
13120,7,13,5.835,7.0,18.393,0.7421,0.6923,0.8,18.697,hibrido_3niveles_top_down
13120,8,13,5.594,6.498,21.66,0.7115,0.8462,0.8,18.284,hibrido_3niveles_top_down
13121,1,13,7.412,9.793,30.017,0.9563,0.5385,0.8,18.259,hibrido_3niveles_top_down
13121,2,13,7.534,8.597,28.414,0.9721,0.4615,0.8,17.032,hibrido_3niveles_top_down
13121,3,13,4.425,5.032,14.267,0.571,0.8462,0.8,17.692,hibrido_3niveles_top_down
13121,4,13,5.4,6.609,15.98,0.6967,0.7692,0.8,17.77,hibrido_3niveles_top_down
13121,5,13,7.313,9.265,29.849,0.9436,0.6154,0.8,16.907,hibrido_3niveles_top_down
13121,6,13,7.099,8.194,26.6,0.9159,0.6923,0.8,17.59,hibrido_3niveles_top_down
13121,7,13,4.509,5.473,15.443,0.5818,0.6923,0.8,17.373,hibrido_3niveles_top_down
13121,8,13,6.493,7.066,20.341,0.8378,0.7692,0.8,17.262,hibrido_3niveles_top_down
13122,1,13,11.13,15.009,26.647,0.8122,0.6154,0.8,27.374,hibrido_3niveles_top_down
13122,2,13,6.572,7.347,12.564,0.4795,0.8462,0.8,30.204,hibrido_3niveles_top_down
13122,3,13,9.333,10.746,19.06,0.681,0.8462,0.8,30.683,hibrido_3niveles_top_down
13122,4,13,7.954,10.876,15.923,0.5804,0.8462,0.8,30.427,hibrido_3niveles_top_down
13122,5,13,9.007,13.433,22.499,0.6572,0.7692,0.8,30.335,hibrido_3niveles_top_down
13122,6,13,5.567,7.253,10.724,0.4062,0.7692,0.8,28.115,hibrido_3niveles_top_down
13122,7,13,7.286,8.689,14.249,0.5317,0.8462,0.8,29.018,hibrido_3niveles_top_down
13122,8,13,8.862,10.27,17.171,0.6466,0.8462,0.8,27.389,hibrido_3niveles_top_down
13123,1,13,11.721,14.7,27.853,0.8294,0.6923,0.8,32.001,hibrido_3niveles_top_down
13123,2,13,9.012,10.782,18.029,0.6377,0.8462,0.8,32.128,hibrido_3niveles_top_down
13123,3,13,8.117,10.309,16.483,0.5744,0.8462,0.8,32.186,hibrido_3niveles_top_down
13123,4,13,16.261,29.31,22.576,1.1507,0.6923,0.8,30.281,hibrido_3niveles_top_down
13123,5,13,9.622,13.381,25.019,0.6809,0.7692,0.8,28.041,hibrido_3niveles_top_down
13123,6,13,12.267,13.477,24.331,0.868,0.5385,0.8,29.183,hibrido_3niveles_top_down
13123,7,13,8.33,10.228,16.311,0.5895,0.7692,0.8,28.339,hibrido_3niveles_top_down
13123,8,13,18.426,29.877,26.96,1.3039,0.4615,0.8,30.109,hibrido_3niveles_top_down
13124,1,13,10.283,12.561,24.486,0.7669,0.8462,0.8,25.839,hibrido_3niveles_top_down
13124,2,13,9.682,11.047,19.549,0.7221,0.5385,0.8,25.037,hibrido_3niveles_top_down
13124,3,13,8.173,9.246,15.794,0.6095,0.6923,0.8,26.049,hibrido_3niveles_top_down
13124,4,13,8.209,11.039,14.534,0.6123,0.7692,0.8,24.888,hibrido_3niveles_top_down
13124,5,13,7.837,12.341,20.509,0.5845,0.7692,0.8,24.584,hibrido_3niveles_top_down
13124,6,13,9.843,11.783,19.882,0.7341,0.5385,0.8,24.118,hibrido_3niveles_top_down
13124,7,13,8.905,10.925,16.798,0.6642,0.5385,0.8,23.845,hibrido_3niveles_top_down
13124,8,13,6.912,10.033,14.229,0.5155,0.7692,0.8,22.809,hibrido_3niveles_top_down
13125,1,13,12.362,15.48,25.137,1.1131,0.6154,0.8,27.204,hibrido_3niveles_top_down
13125,2,13,7.924,9.73,14.294,0.7136,0.7692,0.8,26.049,hibrido_3niveles_top_down
13125,3,13,9.202,11.065,17.148,0.8286,0.8462,0.8,26.282,hibrido_3niveles_top_down
13125,4,13,9.462,11.502,16.327,0.852,0.6154,0.8,26.033,hibrido_3niveles_top_down
13125,5,13,13.17,15.147,26.89,1.1859,0.6154,0.8,26.054,hibrido_3niveles_top_down
13125,6,13,11.873,14.98,22.795,1.0691,0.6923,0.8,25.297,hibrido_3niveles_top_down
13125,7,13,12.108,13.922,23.191,1.0903,0.6923,0.8,26.975,hibrido_3niveles_top_down
13125,8,13,9.028,11.591,17.149,0.8129,0.6923,0.8,25.043,hibrido_3niveles_top_down
13126,1,13,2.677,3.427,15.865,0.4399,0.9231,0.8,13.05,hibrido_3niveles_top_down
13126,2,13,5.281,5.991,29.949,0.8678,0.6154,0.8,13.353,hibrido_3niveles_top_down
13126,3,13,1.816,2.435,9.141,0.2985,1.0,0.8,13.585,hibrido_3niveles_top_down
13126,4,13,4.126,5.273,26.635,0.6779,0.6154,0.8,14.296,hibrido_3niveles_top_down
13126,5,13,4.095,5.313,24.133,0.6729,0.6923,0.8,14.512,hibrido_3niveles_top_down
13126,6,13,5.059,5.845,29.663,0.8313,0.6154,0.8,13.617,hibrido_3niveles_top_down
13126,7,13,2.672,3.672,12.912,0.4391,0.8462,0.8,14.369,hibrido_3niveles_top_down
13126,8,13,4.753,5.595,28.116,0.781,0.6923,0.8,14.295,hibrido_3niveles_top_down
13127,1,13,51.194,87.028,19.009,0.5727,0.8462,0.8,140.691,hibrido_3niveles_top_down
13127,2,13,51.405,64.466,14.453,0.575,0.6923,0.8,147.768,hibrido_3niveles_top_down
13127,3,13,43.59,63.914,12.67,0.4876,0.8462,0.8,151.047,hibrido_3niveles_top_down
13127,4,13,34.318,44.243,9.373,0.3839,0.8462,0.8,134.889,hibrido_3niveles_top_down
13127,5,13,60.724,84.467,21.05,0.6793,0.6923,0.8,134.352,hibrido_3niveles_top_down
13127,6,13,49.895,56.704,14.337,0.5581,0.6154,0.8,127.436,hibrido_3niveles_top_down
13127,7,13,48.762,61.615,14.05,0.5455,0.6923,0.8,135.443,hibrido_3niveles_top_down
13127,8,13,26.59,32.552,7.207,0.2974,0.8462,0.8,136.76,hibrido_3niveles_top_down
13128,1,13,7.364,9.499,21.17,0.8153,0.6923,0.8,21.777,hibrido_3niveles_top_down
13128,2,13,8.22,9.83,25.643,0.91,0.5385,0.8,20.836,hibrido_3niveles_top_down
13128,3,13,4.893,6.561,15.879,0.5417,0.9231,0.8,21.528,hibrido_3niveles_top_down
13128,4,13,4.165,4.96,11.729,0.4611,0.9231,0.8,21.136,hibrido_3niveles_top_down
13128,5,13,7.023,9.47,20.531,0.7774,0.7692,0.8,20.572,hibrido_3niveles_top_down
13128,6,13,9.282,10.758,29.252,1.0276,0.5385,0.8,20.129,hibrido_3niveles_top_down
13128,7,13,6.236,7.938,20.396,0.6904,0.8462,0.8,20.678,hibrido_3niveles_top_down
13128,8,13,3.752,4.563,10.225,0.4154,0.9231,0.8,20.876,hibrido_3niveles_top_down
13129,1,13,4.689,6.044,31.577,0.8832,0.6923,0.8,12.531,hibrido_3niveles_top_down
13129,2,13,2.916,4.229,19.552,0.5492,0.8462,0.8,12.286,hibrido_3niveles_top_down
13129,3,13,4.331,5.08,37.987,0.8157,0.7692,0.8,12.971,hibrido_3niveles_top_down
13129,4,13,3.919,5.183,30.489,0.7381,0.8462,0.8,12.818,hibrido_3niveles_top_down
13129,5,13,3.674,4.955,29.089,0.6921,0.6923,0.8,12.73,hibrido_3niveles_top_down
13129,6,13,3.365,4.124,22.121,0.6337,0.8462,0.8,12.293,hibrido_3niveles_top_down
13129,7,13,4.585,5.603,40.53,0.8636,0.6154,0.8,12.095,hibrido_3niveles_top_down
13129,8,13,4.382,5.691,33.396,0.8254,0.7692,0.8,11.863,hibrido_3niveles_top_down
13130,1,13,11.215,15.613,19.453,0.5457,0.8462,0.8,29.5,hibrido_3niveles_top_down
13130,2,13,13.03,17.019,22.233,0.634,0.6154,0.8,27.531,hibrido_3niveles_top_down
13130,3,13,9.396,10.408,12.669,0.4571,0.6923,0.8,28.184,hibrido_3niveles_top_down
13130,4,13,13.36,16.135,19.578,0.65,0.6154,0.8,28.881,hibrido_3niveles_top_down
13130,5,13,13.68,18.759,23.994,0.6656,0.5385,0.8,28.119,hibrido_3niveles_top_down
13130,6,13,14.707,18.485,25.066,0.7156,0.7692,0.8,27.486,hibrido_3niveles_top_down
13130,7,13,11.318,13.805,16.565,0.5507,0.6923,0.8,26.234,hibrido_3niveles_top_down
13130,8,13,11.961,14.703,17.818,0.582,0.7692,0.8,26.078,hibrido_3niveles_top_down
13131,1,13,9.006,11.711,17.577,0.4958,0.8462,0.8,29.402,hibrido_3niveles_top_down
13131,2,13,5.982,9.003,11.53,0.3293,0.8462,0.8,28.466,hibrido_3niveles_top_down
13131,3,13,11.011,12.89,16.782,0.6062,0.6154,0.8,29.913,hibrido_3niveles_top_down
13131,4,13,9.461,12.322,14.307,0.5208,0.7692,0.8,29.2,hibrido_3niveles_top_down
13131,5,13,8.696,11.419,17.348,0.4787,0.7692,0.8,31.349,hibrido_3niveles_top_down
13131,6,13,6.92,8.9,12.438,0.381,0.7692,0.8,28.902,hibrido_3niveles_top_down
13131,7,13,10.09,12.261,15.103,0.5555,0.6923,0.8,29.625,hibrido_3niveles_top_down
13131,8,13,9.784,11.678,14.867,0.5386,0.7692,0.8,30.974,hibrido_3niveles_top_down
13201,1,13,11.993,19.28,12.922,0.4496,0.7692,0.8,32.884,hibrido_3niveles_top_down
13201,2,13,11.383,13.537,9.829,0.4268,0.6923,0.8,34.474,hibrido_3niveles_top_down
13201,3,13,12.759,14.46,11.401,0.4784,0.6923,0.8,33.431,hibrido_3niveles_top_down
13201,4,13,11.288,13.579,9.602,0.4232,0.6923,0.8,32.766,hibrido_3niveles_top_down
13201,5,13,13.76,19.767,14.18,0.5159,0.6923,0.8,34.118,hibrido_3niveles_top_down
13201,6,13,12.918,15.475,11.391,0.4844,0.6154,0.8,32.561,hibrido_3niveles_top_down
13201,7,13,14.712,16.788,13.198,0.5516,0.5385,0.8,32.362,hibrido_3niveles_top_down
13201,8,13,12.969,15.047,10.923,0.4863,0.5385,0.8,32.088,hibrido_3niveles_top_down
13202,1,13,1.758,2.285,68.107,0.5442,0.8462,0.8,6.128,hibrido_3niveles_top_down
13202,2,13,1.424,1.884,30.259,0.4409,0.8462,0.8,5.988,hibrido_3niveles_top_down
13202,3,13,1.63,1.919,37.353,0.5046,0.9231,0.8,6.187,hibrido_3niveles_top_down
13202,4,13,2.692,3.384,61.744,0.8332,0.6923,0.8,5.942,hibrido_3niveles_top_down
13202,5,13,1.876,2.349,69.309,0.5808,0.7692,0.8,6.052,hibrido_3niveles_top_down
13202,6,13,1.417,1.793,34.031,0.4386,0.8462,0.8,5.814,hibrido_3niveles_top_down
13202,7,13,1.757,2.06,37.172,0.544,0.6923,0.8,6.027,hibrido_3niveles_top_down
13202,8,13,3.155,3.626,80.89,0.9766,0.6154,0.8,5.973,hibrido_3niveles_top_down
13203,1,13,2.505,3.285,41.07,0.6388,0.5385,0.8,7.334,hibrido_3niveles_top_down
13203,2,13,2.815,3.26,57.642,0.718,0.6923,0.8,7.624,hibrido_3niveles_top_down
13203,3,13,2.62,3.205,26.948,0.6683,0.7692,0.8,7.769,hibrido_3niveles_top_down
13203,4,13,1.91,2.058,24.601,0.4872,1.0,0.8,7.903,hibrido_3niveles_top_down
13203,5,13,3.373,4.296,47.724,0.8603,0.6154,0.8,7.954,hibrido_3niveles_top_down
13203,6,13,3.464,3.936,114.149,0.8835,0.5385,0.8,7.898,hibrido_3niveles_top_down
13203,7,13,2.027,2.676,20.233,0.5169,0.8462,0.8,7.767,hibrido_3niveles_top_down
13203,8,13,1.591,1.946,21.341,0.4058,1.0,0.8,7.843,hibrido_3niveles_top_down
13301,1,13,7.736,10.76,26.491,0.3901,0.6923,0.8,20.928,hibrido_3niveles_top_down
13301,2,13,8.847,10.769,31.288,0.4461,0.6923,0.8,20.124,hibrido_3niveles_top_down
13301,3,13,7.148,9.65,21.984,0.3605,0.8462,0.8,19.984,hibrido_3niveles_top_down
13301,4,13,7.866,8.569,21.433,0.3967,0.6923,0.8,19.249,hibrido_3niveles_top_down
13301,5,13,8.253,11.449,29.484,0.4162,0.7692,0.8,19.635,hibrido_3niveles_top_down
13301,6,13,9.708,12.327,35.656,0.4896,0.6923,0.8,20.484,hibrido_3niveles_top_down
13301,7,13,8.905,11.276,27.062,0.4491,0.7692,0.8,20.971,hibrido_3niveles_top_down
13301,8,13,8.778,9.969,25.186,0.4427,0.7692,0.8,21.273,hibrido_3niveles_top_down
13302,1,13,7.503,9.275,22.81,0.552,0.8462,0.8,23.418,hibrido_3niveles_top_down
13302,2,13,8.151,10.295,21.499,0.5997,0.6154,0.8,24.987,hibrido_3niveles_top_down
13302,3,13,5.651,7.656,17.504,0.4158,1.0,0.8,25.004,hibrido_3niveles_top_down
13302,4,13,5.177,7.061,11.727,0.3809,0.8462,0.8,24.288,hibrido_3niveles_top_down
13302,5,13,6.075,8.187,16.701,0.447,0.7692,0.8,23.878,hibrido_3niveles_top_down
13302,6,13,9.145,10.932,23.742,0.6728,0.4615,0.8,23.398,hibrido_3niveles_top_down
13302,7,13,4.52,6.567,13.468,0.3325,0.9231,0.8,24.981,hibrido_3niveles_top_down
13302,8,13,5.335,7.392,12.645,0.3925,0.6923,0.8,24.634,hibrido_3niveles_top_down
13303,1,13,1.914,2.591,37.491,0.3812,0.9231,0.8,8.448,hibrido_3niveles_top_down
13303,2,13,3.332,3.9,76.921,0.6638,0.7692,0.8,8.696,hibrido_3niveles_top_down
13303,3,13,2.871,3.006,32.738,0.5719,0.6154,0.8,8.479,hibrido_3niveles_top_down
13303,4,13,2.356,3.036,48.479,0.4694,1.0,0.8,8.567,hibrido_3niveles_top_down
13303,5,13,2.425,3.02,49.69,0.4832,0.8462,0.8,8.599,hibrido_3niveles_top_down
13303,6,13,3.649,4.302,88.701,0.727,0.6923,0.8,8.646,hibrido_3niveles_top_down
13303,7,13,2.822,3.037,34.79,0.5622,0.7692,0.8,8.659,hibrido_3niveles_top_down
13303,8,13,2.276,2.897,44.152,0.4534,1.0,0.8,8.754,hibrido_3niveles_top_down
13401,1,13,15.214,18.075,18.891,0.9094,0.6154,0.8,32.231,hibrido_3niveles_top_down
13401,2,13,9.309,12.462,11.158,0.5564,0.8462,0.8,33.395,hibrido_3niveles_top_down
13401,3,13,10.299,12.013,11.636,0.6156,0.7692,0.8,35.91,hibrido_3niveles_top_down
13401,4,13,18.984,28.02,17.755,1.1347,0.6154,0.8,35.979,hibrido_3niveles_top_down
13401,5,13,14.554,16.558,18.466,0.8699,0.6154,0.8,35.985,hibrido_3niveles_top_down
13401,6,13,9.458,13.033,11.655,0.5653,0.7692,0.8,35.78,hibrido_3niveles_top_down
13401,7,13,11.551,13.192,13.177,0.6904,0.7692,0.8,34.861,hibrido_3niveles_top_down
13401,8,13,12.336,16.77,12.992,0.7373,0.6923,0.8,34.097,hibrido_3niveles_top_down
13402,1,13,5.961,7.227,19.19,0.8358,0.6154,0.8,16.906,hibrido_3niveles_top_down
13402,2,13,5.05,5.927,23.066,0.7081,0.7692,0.8,16.799,hibrido_3niveles_top_down
13402,3,13,4.061,5.599,14.283,0.5694,0.8462,0.8,17.614,hibrido_3niveles_top_down
13402,4,13,5.837,6.764,25.812,0.8185,0.6923,0.8,16.765,hibrido_3niveles_top_down
13402,5,13,5.388,6.58,17.292,0.7555,0.6923,0.8,17.459,hibrido_3niveles_top_down
13402,6,13,5.898,6.904,27.312,0.827,0.6923,0.8,16.679,hibrido_3niveles_top_down
13402,7,13,5.194,6.498,18.742,0.7283,0.6154,0.8,17.053,hibrido_3niveles_top_down
13402,8,13,5.842,7.297,25.805,0.8191,0.6154,0.8,18.549,hibrido_3niveles_top_down
13403,1,13,1.725,2.305,26.759,0.8713,0.8462,0.8,6.782,hibrido_3niveles_top_down
13403,2,13,2.252,2.736,70.763,1.1371,0.8462,0.8,7.092,hibrido_3niveles_top_down
13403,3,13,1.895,2.437,90.033,0.9571,0.7692,0.8,7.204,hibrido_3niveles_top_down
13403,4,13,2.289,2.772,93.454,1.1559,0.6154,0.8,7.377,hibrido_3niveles_top_down
13403,5,13,1.907,2.481,52.358,0.9628,0.8462,0.8,7.208,hibrido_3niveles_top_down
13403,6,13,2.177,2.713,66.275,1.0991,0.8462,0.8,7.264,hibrido_3niveles_top_down
13403,7,13,2.102,2.856,65.789,1.0615,0.7692,0.8,7.086,hibrido_3niveles_top_down
13403,8,13,2.392,2.924,101.62,1.2081,0.6154,0.8,7.427,hibrido_3niveles_top_down
13404,1,13,3.543,4.773,50.701,0.7521,0.6923,0.8,10.39,hibrido_3niveles_top_down
13404,2,13,2.969,3.671,22.549,0.6302,0.9231,0.8,9.49,hibrido_3niveles_top_down
13404,3,13,2.339,3.011,16.932,0.4966,0.9231,0.8,10.181,hibrido_3niveles_top_down
13404,4,13,3.603,4.771,118.781,0.7648,0.6923,0.8,10.367,hibrido_3niveles_top_down
13404,5,13,3.303,4.51,48.11,0.7012,0.6923,0.8,10.777,hibrido_3niveles_top_down
13404,6,13,3.809,4.242,29.171,0.8087,0.9231,0.8,10.126,hibrido_3niveles_top_down
13404,7,13,2.01,2.793,15.11,0.4267,0.8462,0.8,10.41,hibrido_3niveles_top_down
13404,8,13,3.758,5.031,134.403,0.7978,0.7692,0.8,10.624,hibrido_3niveles_top_down
13501,1,13,5.545,6.601,12.245,0.5501,0.7692,0.8,20.083,hibrido_3niveles_top_down
13501,2,13,9.026,11.394,23.847,0.8955,0.6154,0.8,20.247,hibrido_3niveles_top_down
13501,3,13,4.001,5.315,8.572,0.3969,0.8462,0.8,18.981,hibrido_3niveles_top_down
13501,4,13,6.488,8.282,12.791,0.6437,0.5385,0.8,19.114,hibrido_3niveles_top_down
13501,5,13,6.105,6.923,13.872,0.6057,0.6154,0.8,19.314,hibrido_3niveles_top_down
13501,6,13,7.579,10.751,21.073,0.752,0.6923,0.8,20.296,hibrido_3niveles_top_down
13501,7,13,4.922,6.093,10.575,0.4884,0.8462,0.8,20.091,hibrido_3niveles_top_down
13501,8,13,6.843,7.715,14.217,0.6789,0.6923,0.8,19.96,hibrido_3niveles_top_down
13502,1,13,1.484,1.682,68.602,1.0118,0.7692,0.8,4.483,hibrido_3niveles_top_down
13502,2,13,1.487,1.688,93.445,1.0134,0.6923,0.8,4.43,hibrido_3niveles_top_down
13502,3,13,1.38,1.869,53.716,0.9403,0.7692,0.8,4.757,hibrido_3niveles_top_down
13502,4,13,1.559,2.107,55.958,1.0629,0.7692,0.8,4.47,hibrido_3niveles_top_down
13502,5,13,1.329,1.592,51.411,0.906,0.8462,0.8,4.225,hibrido_3niveles_top_down
13502,6,13,1.491,1.758,87.38,1.0164,0.6923,0.8,4.336,hibrido_3niveles_top_down
13502,7,13,1.282,1.822,57.193,0.8736,0.8462,0.8,4.423,hibrido_3niveles_top_down
13502,8,13,1.234,1.537,53.565,0.8414,0.6923,0.8,4.403,hibrido_3niveles_top_down
13503,1,13,3.813,4.594,19.984,0.6787,0.6923,0.8,11.394,hibrido_3niveles_top_down
13503,2,13,3.937,5.441,20.835,0.7008,0.8462,0.8,11.871,hibrido_3niveles_top_down
13503,3,13,3.309,4.118,17.703,0.589,0.7692,0.8,12.129,hibrido_3niveles_top_down
13503,4,13,3.321,4.497,16.402,0.5911,0.7692,0.8,12.107,hibrido_3niveles_top_down
13503,5,13,3.67,4.706,19.344,0.6533,0.7692,0.8,11.927,hibrido_3niveles_top_down
13503,6,13,4.635,6.26,25.18,0.8249,0.6923,0.8,11.889,hibrido_3niveles_top_down
13503,7,13,3.76,4.574,19.093,0.6692,0.7692,0.8,12.125,hibrido_3niveles_top_down
13503,8,13,3.965,5.067,20.584,0.7057,0.6923,0.8,12.132,hibrido_3niveles_top_down
13504,1,13,3.008,3.611,106.015,1.0559,0.4615,0.8,6.053,hibrido_3niveles_top_down
13504,2,13,2.35,2.95,49.661,0.8249,0.6154,0.8,6.093,hibrido_3niveles_top_down
13504,3,13,1.598,1.886,37.747,0.5611,0.8462,0.8,5.911,hibrido_3niveles_top_down
13504,4,13,0.952,1.255,20.934,0.3341,0.8462,0.8,5.958,hibrido_3niveles_top_down
13504,5,13,2.969,3.32,97.793,1.0421,0.4615,0.8,6.013,hibrido_3niveles_top_down
13504,6,13,2.314,2.883,50.628,0.8123,0.6154,0.8,5.467,hibrido_3niveles_top_down
13504,7,13,1.536,1.824,35.427,0.5391,0.9231,0.8,5.869,hibrido_3niveles_top_down
13504,8,13,1.036,1.469,26.622,0.3638,0.9231,0.8,5.736,hibrido_3niveles_top_down
13505,1,13,1.378,1.677,70.812,0.5223,0.8462,0.8,6.329,hibrido_3niveles_top_down
13505,2,13,2.661,3.528,38.663,1.0085,0.8462,0.8,6.628,hibrido_3niveles_top_down
13505,3,13,1.567,2.089,76.148,0.5941,0.7692,0.8,6.782,hibrido_3niveles_top_down
13505,4,13,1.939,2.088,53.431,0.735,0.7692,0.8,6.284,hibrido_3niveles_top_down
13505,5,13,1.515,1.889,76.756,0.5744,0.6923,0.8,6.392,hibrido_3niveles_top_down
13505,6,13,2.556,3.486,38.244,0.9689,0.9231,0.8,6.406,hibrido_3niveles_top_down
13505,7,13,1.824,2.405,78.506,0.6913,0.6923,0.8,6.672,hibrido_3niveles_top_down
13505,8,13,1.803,2.086,49.83,0.6834,0.7692,0.8,6.629,hibrido_3niveles_top_down
13601,1,13,7.125,9.791,18.159,0.8928,0.6923,0.8,19.315,hibrido_3niveles_top_down
13601,2,13,5.687,6.966,13.069,0.7126,0.8462,0.8,20.58,hibrido_3niveles_top_down
13601,3,13,6.377,8.266,15.879,0.7992,0.7692,0.8,20.358,hibrido_3niveles_top_down
13601,4,13,5.203,6.203,12.33,0.652,0.7692,0.8,20.517,hibrido_3niveles_top_down
13601,5,13,7.038,9.678,18.358,0.8819,0.6923,0.8,19.16,hibrido_3niveles_top_down
13601,6,13,5.339,6.651,12.673,0.669,0.7692,0.8,18.052,hibrido_3niveles_top_down
13601,7,13,7.027,8.958,17.244,0.8806,0.6923,0.8,19.233,hibrido_3niveles_top_down
13601,8,13,4.259,5.198,10.231,0.5336,0.8462,0.8,20.068,hibrido_3niveles_top_down
13602,1,13,2.557,3.111,44.513,0.5708,0.6154,0.8,7.752,hibrido_3niveles_top_down
13602,2,13,2.841,3.607,33.935,0.6341,0.7692,0.8,8.102,hibrido_3niveles_top_down
13602,3,13,2.809,3.451,52.488,0.6269,0.6923,0.8,8.028,hibrido_3niveles_top_down
13602,4,13,3.054,3.646,65.836,0.6817,0.5385,0.8,8.296,hibrido_3niveles_top_down
13602,5,13,2.321,3.0,41.205,0.5181,0.7692,0.8,8.193,hibrido_3niveles_top_down
13602,6,13,3.132,3.918,39.18,0.699,0.6154,0.8,8.244,hibrido_3niveles_top_down
13602,7,13,3.122,3.706,61.365,0.6968,0.6923,0.8,7.964,hibrido_3niveles_top_down
13602,8,13,2.909,3.696,70.425,0.6493,0.6154,0.8,8.188,hibrido_3niveles_top_down
13603,1,13,3.918,5.557,19.857,0.6877,0.7692,0.8,12.948,hibrido_3niveles_top_down
13603,2,13,4.507,5.631,23.43,0.7911,0.7692,0.8,13.27,hibrido_3niveles_top_down
13603,3,13,5.105,5.676,34.324,0.8961,0.6154,0.8,13.277,hibrido_3niveles_top_down
13603,4,13,4.071,5.462,22.436,0.7145,0.7692,0.8,13.208,hibrido_3niveles_top_down
13603,5,13,4.237,6.133,21.069,0.7436,0.8462,0.8,12.863,hibrido_3niveles_top_down
13603,6,13,4.816,5.913,23.124,0.8453,0.6154,0.8,12.778,hibrido_3niveles_top_down
13603,7,13,5.959,6.22,39.421,1.0459,0.5385,0.8,13.23,hibrido_3niveles_top_down
13603,8,13,3.914,5.502,21.015,0.687,0.6923,0.8,13.402,hibrido_3niveles_top_down
13604,1,13,4.546,6.675,21.067,0.5577,0.8462,0.8,17.995,hibrido_3niveles_top_down
13604,2,13,7.281,7.41,27.499,0.8933,0.5385,0.8,18.687,hibrido_3niveles_top_down
13604,3,13,7.963,9.626,26.577,0.9769,0.3846,0.8,18.205,hibrido_3niveles_top_down
13604,4,13,5.898,6.777,23.788,0.7236,0.7692,0.8,19.192,hibrido_3niveles_top_down
13604,5,13,4.248,5.755,19.278,0.5212,0.8462,0.8,18.5,hibrido_3niveles_top_down
13604,6,13,6.911,7.778,26.518,0.8479,0.6154,0.8,18.007,hibrido_3niveles_top_down
13604,7,13,8.237,9.748,26.501,1.0105,0.5385,0.8,18.818,hibrido_3niveles_top_down
13604,8,13,4.879,5.407,19.94,0.5986,0.9231,0.8,18.734,hibrido_3niveles_top_down
13605,1,13,7.733,10.96,20.647,0.6426,0.8462,0.8,21.794,hibrido_3niveles_top_down
13605,2,13,6.31,8.377,16.784,0.5244,0.8462,0.8,22.912,hibrido_3niveles_top_down
13605,3,13,6.26,8.168,14.461,0.5202,0.8462,0.8,23.319,hibrido_3niveles_top_down
13605,4,13,6.814,8.709,20.533,0.5663,0.8462,0.8,24.777,hibrido_3niveles_top_down
13605,5,13,7.44,10.501,19.386,0.6183,0.7692,0.8,24.032,hibrido_3niveles_top_down
13605,6,13,7.12,8.252,18.365,0.5917,0.8462,0.8,23.785,hibrido_3niveles_top_down
13605,7,13,6.55,8.328,15.851,0.5443,0.7692,0.8,23.754,hibrido_3niveles_top_down
13605,8,13,8.042,9.004,23.866,0.6683,0.7692,0.8,22.941,hibrido_3niveles_top_down
RM,1,13,197.348,329.188,11.977,0.8878,0.8462,0.8,571.923,hibrido_3niveles_top_down
RM,2,13,143.13,203.991,7.126,0.6439,0.8462,0.8,553.538,hibrido_3niveles_top_down
RM,3,13,118.774,158.071,5.763,0.5344,0.9231,0.8,579.615,hibrido_3niveles_top_down
RM,4,13,106.098,130.46,4.91,0.4773,1.0,0.8,535.615,hibrido_3niveles_top_down
RM,5,13,184.307,337.389,11.583,0.8292,0.7692,0.8,529.615,hibrido_3niveles_top_down
RM,6,13,186.215,233.558,9.323,0.8378,0.7692,0.8,532.615,hibrido_3niveles_top_down
RM,7,13,143.426,183.615,6.966,0.6453,0.8462,0.8,564.231,hibrido_3niveles_top_down
RM,8,13,117.23,146.57,5.583,0.5274,1.0,0.8,545.077,hibrido_3niveles_top_down
SS_CENTRAL,1,13,17.853,29.135,11.551,0.6645,0.9231,0.8,91.385,hibrido_3niveles_top_down
SS_CENTRAL,2,13,21.315,28.709,12.373,0.7933,0.8462,0.8,95.73,hibrido_3niveles_top_down
SS_CENTRAL,3,13,17.1,22.862,9.209,0.6364,0.8462,0.8,98.427,hibrido_3niveles_top_down
SS_CENTRAL,4,13,15.808,18.912,7.796,0.5884,0.9231,0.8,98.595,hibrido_3niveles_top_down
SS_CENTRAL,5,13,20.893,31.495,13.256,0.7776,0.8462,0.8,97.791,hibrido_3niveles_top_down
SS_CENTRAL,6,13,27.994,37.794,16.169,1.0419,0.6923,0.8,99.939,hibrido_3niveles_top_down
SS_CENTRAL,7,13,26.852,35.579,14.441,0.9994,0.7692,0.8,105.264,hibrido_3niveles_top_down
SS_CENTRAL,8,13,29.339,32.751,14.484,1.0919,0.6923,0.8,104.665,hibrido_3niveles_top_down
SS_NORTE,1,13,78.119,123.354,15.756,0.7634,0.8462,0.8,288.229,hibrido_3niveles_top_down
SS_NORTE,2,13,63.98,83.928,10.596,0.6252,0.9231,0.8,294.894,hibrido_3niveles_top_down
SS_NORTE,3,13,50.256,84.81,8.84,0.4911,0.9231,0.8,296.654,hibrido_3niveles_top_down
SS_NORTE,4,13,51.341,65.264,8.106,0.5017,1.0,0.8,281.156,hibrido_3niveles_top_down
SS_NORTE,5,13,85.154,126.991,17.094,0.8321,0.7692,0.8,279.182,hibrido_3niveles_top_down
SS_NORTE,6,13,67.833,84.523,11.698,0.6628,0.7692,0.8,272.968,hibrido_3niveles_top_down
SS_NORTE,7,13,64.377,84.798,11.104,0.6291,0.8462,0.8,284.63,hibrido_3niveles_top_down
SS_NORTE,8,13,43.81,54.172,7.055,0.4281,1.0,0.8,285.339,hibrido_3niveles_top_down
SS_OCCIDENTE,1,13,45.785,69.318,13.008,0.7405,0.9231,0.8,239.054,hibrido_3niveles_top_down
SS_OCCIDENTE,2,13,31.492,42.605,7.538,0.5093,1.0,0.8,243.781,hibrido_3niveles_top_down
SS_OCCIDENTE,3,13,23.966,30.152,5.658,0.3876,1.0,0.8,246.888,hibrido_3niveles_top_down
SS_OCCIDENTE,4,13,28.098,34.341,6.416,0.4544,1.0,0.8,250.064,hibrido_3niveles_top_down
SS_OCCIDENTE,5,13,43.034,69.658,12.424,0.696,0.9231,0.8,246.295,hibrido_3niveles_top_down
SS_OCCIDENTE,6,13,38.172,51.923,9.151,0.6174,0.9231,0.8,244.062,hibrido_3niveles_top_down
SS_OCCIDENTE,7,13,32.934,41.605,7.63,0.5327,1.0,0.8,251.005,hibrido_3niveles_top_down
SS_OCCIDENTE,8,13,27.098,37.42,6.564,0.4383,1.0,0.8,249.478,hibrido_3niveles_top_down
SS_ORIENTE,1,13,24.293,32.428,17.606,0.7272,0.9231,0.8,111.769,hibrido_3niveles_top_down
SS_ORIENTE,2,13,18.174,20.811,11.026,0.544,1.0,0.8,113.664,hibrido_3niveles_top_down
SS_ORIENTE,3,13,9.232,12.233,5.796,0.2764,1.0,0.8,114.645,hibrido_3niveles_top_down
SS_ORIENTE,4,13,24.399,37.701,12.577,0.7303,0.9231,0.8,112.632,hibrido_3niveles_top_down
SS_ORIENTE,5,13,22.72,32.567,17.127,0.6801,0.9231,0.8,110.535,hibrido_3niveles_top_down
SS_ORIENTE,6,13,22.605,25.842,13.619,0.6766,1.0,0.8,108.986,hibrido_3niveles_top_down
SS_ORIENTE,7,13,8.693,10.871,5.18,0.2602,1.0,0.8,109.579,hibrido_3niveles_top_down
SS_ORIENTE,8,13,27.524,36.09,14.725,0.8239,0.9231,0.8,110.885,hibrido_3niveles_top_down
SS_SUR,1,13,32.073,52.173,11.755,0.7915,0.9231,0.8,171.486,hibrido_3niveles_top_down
SS_SUR,2,13,31.649,42.005,10.433,0.7811,1.0,0.8,169.531,hibrido_3niveles_top_down
SS_SUR,3,13,23.724,31.006,7.03,0.5855,1.0,0.8,174.624,hibrido_3niveles_top_down
SS_SUR,4,13,30.158,39.93,8.679,0.7443,0.9231,0.8,175.846,hibrido_3niveles_top_down
SS_SUR,5,13,30.862,50.637,11.461,0.7617,0.9231,0.8,173.842,hibrido_3niveles_top_down
SS_SUR,6,13,38.903,47.506,12.846,0.9601,0.9231,0.8,171.382,hibrido_3niveles_top_down
SS_SUR,7,13,26.724,35.058,8.036,0.6595,1.0,0.8,169.787,hibrido_3niveles_top_down
SS_SUR,8,13,26.309,32.168,8.066,0.6493,1.0,0.8,169.532,hibrido_3niveles_top_down
SS_SUR_-_ORIENTE,1,13,38.361,58.647,14.164,0.789,0.9231,0.8,159.854,hibrido_3niveles_top_down
SS_SUR_-_ORIENTE,2,13,28.333,33.384,8.204,0.5828,0.9231,0.8,161.981,hibrido_3niveles_top_down
SS_SUR_-_ORIENTE,3,13,24.738,29.122,7.158,0.5088,1.0,0.8,164.404,hibrido_3niveles_top_down
SS_SUR_-_ORIENTE,4,13,23.111,26.297,6.462,0.4754,0.9231,0.8,162.584,hibrido_3niveles_top_down
SS_SUR_-_ORIENTE,5,13,36.85,56.092,13.651,0.7579,0.8462,0.8,166.123,hibrido_3niveles_top_down
SS_SUR_-_ORIENTE,6,13,29.925,34.111,8.645,0.6155,0.7692,0.8,163.465,hibrido_3niveles_top_down
SS_SUR_-_ORIENTE,7,13,31.057,34.33,8.951,0.6388,0.9231,0.8,166.294,hibrido_3niveles_top_down
SS_SUR_-_ORIENTE,8,13,25.435,33.948,6.884,0.5232,0.9231,0.8,166.479,hibrido_3niveles_top_down
13101,1,13,9.313,13.251,17.024,0.7067,0.8462,0.8,22.775,hibrido_3niveles_middle_out
13101,2,13,10.213,13.153,19.864,0.775,0.5385,0.8,22.732,hibrido_3niveles_middle_out
13101,3,13,7.327,9.328,10.453,0.556,0.6154,0.8,23.885,hibrido_3niveles_middle_out
13101,4,13,4.574,6.618,6.992,0.3471,0.9231,0.8,24.622,hibrido_3niveles_middle_out
13101,5,13,10.906,14.052,19.599,0.8276,0.6923,0.8,24.493,hibrido_3niveles_middle_out
13101,6,13,11.4,13.392,21.314,0.8651,0.4615,0.8,24.6,hibrido_3niveles_middle_out
13101,7,13,8.015,9.747,11.093,0.6082,0.7692,0.8,24.683,hibrido_3niveles_middle_out
13101,8,13,4.36,5.252,6.367,0.3308,0.9231,0.8,24.425,hibrido_3niveles_middle_out
13102,1,13,5.127,6.452,24.315,0.6269,0.8462,0.8,19.393,hibrido_3niveles_middle_out
13102,2,13,6.311,7.973,29.895,0.7717,0.6923,0.8,22.14,hibrido_3niveles_middle_out
13102,3,13,4.382,5.758,15.99,0.5359,0.9231,0.8,21.99,hibrido_3niveles_middle_out
13102,4,13,9.155,11.274,28.373,1.1195,0.7692,0.8,20.735,hibrido_3niveles_middle_out
13102,5,13,6.704,7.812,28.24,0.8198,0.7692,0.8,21.253,hibrido_3niveles_middle_out
13102,6,13,6.417,7.581,28.757,0.7847,0.6923,0.8,21.284,hibrido_3niveles_middle_out
13102,7,13,5.29,7.545,18.305,0.6468,0.7692,0.8,21.553,hibrido_3niveles_middle_out
13102,8,13,9.621,12.059,28.9,1.1766,0.7692,0.8,22.239,hibrido_3niveles_middle_out
13103,1,13,14.419,21.56,33.969,0.4785,0.6154,0.8,29.287,hibrido_3niveles_middle_out
13103,2,13,14.544,17.033,23.475,0.4827,0.4615,0.8,30.816,hibrido_3niveles_middle_out
13103,3,13,9.109,10.498,12.895,0.3023,0.8462,0.8,32.147,hibrido_3niveles_middle_out
13103,4,13,9.423,11.068,12.53,0.3127,0.8462,0.8,32.656,hibrido_3niveles_middle_out
13103,5,13,15.902,24.494,37.839,0.5278,0.6923,0.8,34.075,hibrido_3niveles_middle_out
13103,6,13,16.909,19.684,27.443,0.5612,0.4615,0.8,35.248,hibrido_3niveles_middle_out
13103,7,13,9.472,11.547,13.315,0.3144,0.7692,0.8,37.171,hibrido_3niveles_middle_out
13103,8,13,9.518,10.864,13.487,0.3159,0.8462,0.8,35.526,hibrido_3niveles_middle_out
13104,1,13,9.18,11.557,26.898,0.753,0.6923,0.8,20.478,hibrido_3niveles_middle_out
13104,2,13,6.675,8.323,19.415,0.5476,0.7692,0.8,21.093,hibrido_3niveles_middle_out
13104,3,13,5.613,6.817,17.846,0.4604,0.8462,0.8,20.055,hibrido_3niveles_middle_out
13104,4,13,6.204,7.371,15.474,0.5089,0.8462,0.8,20.671,hibrido_3niveles_middle_out
13104,5,13,9.62,12.367,27.801,0.7891,0.7692,0.8,20.567,hibrido_3niveles_middle_out
13104,6,13,7.928,9.106,23.764,0.6503,0.5385,0.8,19.817,hibrido_3niveles_middle_out
13104,7,13,5.437,6.493,17.181,0.446,0.7692,0.8,19.614,hibrido_3niveles_middle_out
13104,8,13,7.366,8.414,18.905,0.6042,0.7692,0.8,19.53,hibrido_3niveles_middle_out
13105,1,13,8.758,10.912,29.282,1.1281,0.6154,0.8,18.944,hibrido_3niveles_middle_out
13105,2,13,6.715,8.618,19.146,0.865,0.6154,0.8,18.458,hibrido_3niveles_middle_out
13105,3,13,9.609,20.152,18.455,1.2378,0.7692,0.8,18.462,hibrido_3niveles_middle_out
13105,4,13,4.512,5.128,14.503,0.5812,0.7692,0.8,18.757,hibrido_3niveles_middle_out
13105,5,13,8.353,10.884,27.813,1.076,0.6154,0.8,18.733,hibrido_3niveles_middle_out
13105,6,13,6.257,8.757,17.377,0.8059,0.6923,0.8,17.839,hibrido_3niveles_middle_out
13105,7,13,9.255,19.681,17.06,1.1922,0.6923,0.8,17.829,hibrido_3niveles_middle_out
13105,8,13,4.013,4.786,13.037,0.5169,0.7692,0.8,16.492,hibrido_3niveles_middle_out
13106,1,13,4.764,5.589,23.53,0.7192,0.7692,0.8,11.803,hibrido_3niveles_middle_out
13106,2,13,3.356,4.126,20.332,0.5066,0.8462,0.8,12.016,hibrido_3niveles_middle_out
13106,3,13,3.95,4.718,21.221,0.5963,0.6923,0.8,12.303,hibrido_3niveles_middle_out
13106,4,13,4.361,5.038,23.872,0.6583,0.6923,0.8,11.164,hibrido_3niveles_middle_out
13106,5,13,4.96,5.772,25.04,0.7486,0.6154,0.8,12.553,hibrido_3niveles_middle_out
13106,6,13,3.327,4.338,20.327,0.5023,0.7692,0.8,11.776,hibrido_3niveles_middle_out
13106,7,13,4.292,5.136,22.995,0.6478,0.6154,0.8,11.886,hibrido_3niveles_middle_out
13106,8,13,3.97,4.445,22.78,0.5993,0.7692,0.8,11.746,hibrido_3niveles_middle_out
13107,1,13,5.318,6.179,24.96,0.3406,1.0,0.8,17.927,hibrido_3niveles_middle_out
13107,2,13,4.0,4.98,15.107,0.2562,0.8462,0.8,16.307,hibrido_3niveles_middle_out
13107,3,13,6.31,7.35,28.069,0.4042,0.7692,0.8,16.09,hibrido_3niveles_middle_out
13107,4,13,6.478,7.609,24.784,0.415,0.6923,0.8,17.501,hibrido_3niveles_middle_out
13107,5,13,4.967,6.939,23.963,0.3182,0.6923,0.8,16.531,hibrido_3niveles_middle_out
13107,6,13,3.476,4.603,13.718,0.2227,0.9231,0.8,17.219,hibrido_3niveles_middle_out
13107,7,13,5.886,6.461,25.432,0.377,0.6154,0.8,15.954,hibrido_3niveles_middle_out
13107,8,13,7.286,9.525,25.768,0.4667,0.6154,0.8,16.455,hibrido_3niveles_middle_out
13108,1,13,8.428,11.885,27.802,0.5259,0.6923,0.8,25.966,hibrido_3niveles_middle_out
13108,2,13,7.57,9.037,19.627,0.4723,0.7692,0.8,25.101,hibrido_3niveles_middle_out
13108,3,13,10.189,12.859,20.439,0.6358,0.6154,0.8,25.916,hibrido_3niveles_middle_out
13108,4,13,8.258,9.902,19.229,0.5153,0.7692,0.8,25.292,hibrido_3niveles_middle_out
13108,5,13,8.238,12.431,26.662,0.5141,0.7692,0.8,24.69,hibrido_3niveles_middle_out
13108,6,13,7.086,8.516,18.854,0.4421,0.8462,0.8,25.966,hibrido_3niveles_middle_out
13108,7,13,8.848,11.599,16.85,0.5521,0.7692,0.8,26.555,hibrido_3niveles_middle_out
13108,8,13,8.451,10.484,18.878,0.5273,0.6923,0.8,26.806,hibrido_3niveles_middle_out
13109,1,13,2.895,3.64,34.609,0.6941,0.5385,0.8,7.034,hibrido_3niveles_middle_out
13109,2,13,2.059,2.588,24.303,0.4937,0.8462,0.8,6.924,hibrido_3niveles_middle_out
13109,3,13,1.66,2.079,25.355,0.3981,0.9231,0.8,7.036,hibrido_3niveles_middle_out
13109,4,13,2.849,3.346,33.492,0.683,0.6923,0.8,7.462,hibrido_3niveles_middle_out
13109,5,13,2.703,3.395,32.624,0.6481,0.7692,0.8,7.354,hibrido_3niveles_middle_out
13109,6,13,1.944,2.439,22.558,0.466,0.8462,0.8,7.173,hibrido_3niveles_middle_out
13109,7,13,1.595,1.939,26.315,0.3823,0.8462,0.8,6.716,hibrido_3niveles_middle_out
13109,8,13,2.905,3.35,37.125,0.6964,0.6154,0.8,6.71,hibrido_3niveles_middle_out
13110,1,13,13.491,16.328,19.004,1.0989,0.5385,0.8,35.91,hibrido_3niveles_middle_out
13110,2,13,13.459,16.952,14.013,1.0964,0.6154,0.8,34.415,hibrido_3niveles_middle_out
13110,3,13,14.181,15.884,16.32,1.1552,0.6154,0.8,36.24,hibrido_3niveles_middle_out
13110,4,13,17.545,19.62,19.924,1.4292,0.6923,0.8,35.178,hibrido_3niveles_middle_out
13110,5,13,12.981,15.317,17.725,1.0574,0.3846,0.8,36.105,hibrido_3niveles_middle_out
13110,6,13,13.367,17.426,13.851,1.0889,0.8462,0.8,36.608,hibrido_3niveles_middle_out
13110,7,13,10.992,15.57,11.806,0.8954,0.6154,0.8,37.137,hibrido_3niveles_middle_out
13110,8,13,19.899,22.831,21.701,1.6209,0.6154,0.8,35.406,hibrido_3niveles_middle_out
13111,1,13,7.723,9.47,52.232,1.2843,0.6923,0.8,20.47,hibrido_3niveles_middle_out
13111,2,13,4.977,6.731,21.642,0.8276,0.7692,0.8,20.502,hibrido_3niveles_middle_out
13111,3,13,5.21,5.912,17.392,0.8665,0.7692,0.8,19.973,hibrido_3niveles_middle_out
13111,4,13,6.631,8.039,23.135,1.1028,0.6923,0.8,20.204,hibrido_3niveles_middle_out
13111,5,13,8.004,9.52,49.615,1.3311,0.5385,0.8,18.899,hibrido_3niveles_middle_out
13111,6,13,5.65,7.599,24.303,0.9396,0.6923,0.8,19.724,hibrido_3niveles_middle_out
13111,7,13,5.422,6.43,17.743,0.9017,0.7692,0.8,19.499,hibrido_3niveles_middle_out
13111,8,13,7.898,9.467,24.737,1.3135,0.6154,0.8,20.176,hibrido_3niveles_middle_out
13112,1,13,10.515,12.094,24.511,0.9734,0.7692,0.8,25.277,hibrido_3niveles_middle_out
13112,2,13,8.077,10.234,16.101,0.7477,0.7692,0.8,25.927,hibrido_3niveles_middle_out
13112,3,13,10.546,13.35,25.385,0.9762,0.6923,0.8,26.56,hibrido_3niveles_middle_out
13112,4,13,7.744,10.168,18.789,0.7168,0.6923,0.8,27.164,hibrido_3niveles_middle_out
13112,5,13,10.122,12.376,23.728,0.937,0.6923,0.8,27.054,hibrido_3niveles_middle_out
13112,6,13,9.835,11.482,20.975,0.9104,0.7692,0.8,27.8,hibrido_3niveles_middle_out
13112,7,13,11.382,12.792,26.519,1.0536,0.5385,0.8,27.679,hibrido_3niveles_middle_out
13112,8,13,9.519,13.599,22.633,0.8812,0.6154,0.8,27.429,hibrido_3niveles_middle_out
13113,1,13,2.934,3.767,26.87,0.5822,0.7692,0.8,9.627,hibrido_3niveles_middle_out
13113,2,13,1.774,2.357,14.608,0.3521,0.9231,0.8,9.053,hibrido_3niveles_middle_out
13113,3,13,2.941,3.373,23.515,0.5836,0.8462,0.8,8.984,hibrido_3niveles_middle_out
13113,4,13,2.859,3.831,18.805,0.5674,0.7692,0.8,8.449,hibrido_3niveles_middle_out
13113,5,13,3.364,4.427,26.287,0.6676,0.8462,0.8,8.407,hibrido_3niveles_middle_out
13113,6,13,2.816,3.35,21.901,0.5588,0.6923,0.8,8.592,hibrido_3niveles_middle_out
13113,7,13,2.283,2.761,15.318,0.453,0.9231,0.8,8.783,hibrido_3niveles_middle_out
13113,8,13,2.884,4.096,18.459,0.5723,0.6923,0.8,8.659,hibrido_3niveles_middle_out
13114,1,13,4.831,5.91,146.327,0.7492,0.6154,0.8,10.396,hibrido_3niveles_middle_out
13114,2,13,5.32,6.255,193.06,0.8252,0.6154,0.8,10.288,hibrido_3niveles_middle_out
13114,3,13,3.434,3.876,66.238,0.5327,0.8462,0.8,9.874,hibrido_3niveles_middle_out
13114,4,13,3.543,4.457,75.679,0.5495,0.7692,0.8,9.7,hibrido_3niveles_middle_out
13114,5,13,4.473,5.294,130.83,0.6937,0.6154,0.8,9.592,hibrido_3niveles_middle_out
13114,6,13,6.048,6.747,226.623,0.9381,0.4615,0.8,9.353,hibrido_3niveles_middle_out
13114,7,13,3.103,3.443,63.642,0.4813,0.7692,0.8,8.69,hibrido_3niveles_middle_out
13114,8,13,4.066,4.849,90.459,0.6306,0.6923,0.8,9.634,hibrido_3niveles_middle_out
13115,1,13,1.446,1.968,27.365,0.7878,0.8462,0.8,5.908,hibrido_3niveles_middle_out
13115,2,13,1.301,1.636,54.295,0.7085,0.8462,0.8,5.475,hibrido_3niveles_middle_out
13115,3,13,1.832,2.282,76.69,0.9978,0.6923,0.8,5.114,hibrido_3niveles_middle_out
13115,4,13,1.714,1.957,67.284,0.934,0.8462,0.8,5.398,hibrido_3niveles_middle_out
13115,5,13,1.452,1.952,27.455,0.7908,0.7692,0.8,5.258,hibrido_3niveles_middle_out
13115,6,13,1.215,1.57,54.242,0.6617,0.9231,0.8,5.268,hibrido_3niveles_middle_out
13115,7,13,2.029,2.383,81.202,1.1052,0.6154,0.8,5.421,hibrido_3niveles_middle_out
13115,8,13,1.739,2.0,67.858,0.9475,0.7692,0.8,5.32,hibrido_3niveles_middle_out
13116,1,13,4.831,6.179,16.948,0.5407,0.9231,0.8,17.227,hibrido_3niveles_middle_out
13116,2,13,6.077,7.254,19.379,0.6802,0.6923,0.8,17.815,hibrido_3niveles_middle_out
13116,3,13,5.068,6.207,14.806,0.5672,0.7692,0.8,16.675,hibrido_3niveles_middle_out
13116,4,13,4.457,6.133,11.646,0.4989,0.8462,0.8,16.468,hibrido_3niveles_middle_out
13116,5,13,4.963,6.782,17.522,0.5555,0.9231,0.8,16.539,hibrido_3niveles_middle_out
13116,6,13,6.845,7.66,23.125,0.7661,0.6923,0.8,16.626,hibrido_3niveles_middle_out
13116,7,13,4.321,5.353,11.8,0.4836,0.8462,0.8,16.749,hibrido_3niveles_middle_out
13116,8,13,3.154,5.038,8.075,0.3531,0.8462,0.8,16.719,hibrido_3niveles_middle_out
13117,1,13,6.861,10.172,19.232,0.9189,0.7692,0.8,20.034,hibrido_3niveles_middle_out
13117,2,13,5.966,8.856,12.842,0.7989,0.6923,0.8,19.357,hibrido_3niveles_middle_out
13117,3,13,3.69,4.717,11.015,0.4941,0.8462,0.8,20.03,hibrido_3niveles_middle_out
13117,4,13,6.301,7.513,16.197,0.8438,0.6923,0.8,19.805,hibrido_3niveles_middle_out
13117,5,13,6.76,9.18,18.731,0.9053,0.8462,0.8,19.984,hibrido_3niveles_middle_out
13117,6,13,6.534,10.077,15.052,0.875,0.8462,0.8,19.825,hibrido_3niveles_middle_out
13117,7,13,6.271,7.083,17.402,0.8399,0.5385,0.8,20.692,hibrido_3niveles_middle_out
13117,8,13,5.842,6.8,15.134,0.7823,0.6923,0.8,19.831,hibrido_3niveles_middle_out
13118,1,13,3.372,4.606,59.39,0.688,0.6923,0.8,9.607,hibrido_3niveles_middle_out
13118,2,13,3.762,4.281,49.274,0.7675,0.5385,0.8,9.257,hibrido_3niveles_middle_out
13118,3,13,3.014,3.485,58.177,0.6149,0.7692,0.8,9.544,hibrido_3niveles_middle_out
13118,4,13,2.54,2.994,46.854,0.5181,0.8462,0.8,9.246,hibrido_3niveles_middle_out
13118,5,13,3.3,4.362,61.252,0.6733,0.6923,0.8,9.231,hibrido_3niveles_middle_out
13118,6,13,5.13,7.623,50.034,1.0467,0.6154,0.8,8.709,hibrido_3niveles_middle_out
13118,7,13,2.616,2.931,45.47,0.5338,0.8462,0.8,8.903,hibrido_3niveles_middle_out
13118,8,13,2.332,2.684,42.487,0.4757,0.9231,0.8,9.152,hibrido_3niveles_middle_out
13119,1,13,13.314,15.763,17.5,0.8757,0.6923,0.8,33.495,hibrido_3niveles_middle_out
13119,2,13,8.494,11.027,9.77,0.5587,0.7692,0.8,33.165,hibrido_3niveles_middle_out
13119,3,13,10.759,12.832,12.179,0.7076,0.6923,0.8,34.11,hibrido_3niveles_middle_out
13119,4,13,12.395,14.852,13.011,0.8153,0.6923,0.8,35.995,hibrido_3niveles_middle_out
13119,5,13,13.25,16.619,18.017,0.8715,0.3846,0.8,36.049,hibrido_3niveles_middle_out
13119,6,13,12.984,15.475,14.978,0.854,0.6923,0.8,34.946,hibrido_3niveles_middle_out
13119,7,13,14.384,17.591,16.126,0.9461,0.4615,0.8,37.961,hibrido_3niveles_middle_out
13119,8,13,13.391,16.967,14.135,0.8808,0.6154,0.8,35.809,hibrido_3niveles_middle_out
13120,1,13,7.205,8.306,31.125,0.9164,0.6923,0.8,15.974,hibrido_3niveles_middle_out
13120,2,13,6.89,8.645,25.508,0.8764,0.6923,0.8,15.597,hibrido_3niveles_middle_out
13120,3,13,6.488,7.705,19.639,0.8253,0.6923,0.8,16.655,hibrido_3niveles_middle_out
13120,4,13,4.686,5.319,17.272,0.596,0.9231,0.8,17.201,hibrido_3niveles_middle_out
13120,5,13,6.376,7.534,27.821,0.8111,0.6154,0.8,17.805,hibrido_3niveles_middle_out
13120,6,13,6.964,9.434,26.21,0.8858,0.7692,0.8,17.287,hibrido_3niveles_middle_out
13120,7,13,6.181,7.631,18.441,0.7863,0.6923,0.8,17.691,hibrido_3niveles_middle_out
13120,8,13,4.719,5.709,17.893,0.6002,0.8462,0.8,17.076,hibrido_3niveles_middle_out
13121,1,13,7.283,9.832,29.312,0.9397,0.6154,0.8,17.612,hibrido_3niveles_middle_out
13121,2,13,7.13,8.115,25.553,0.92,0.5385,0.8,16.136,hibrido_3niveles_middle_out
13121,3,13,5.055,5.674,15.592,0.6522,0.7692,0.8,16.666,hibrido_3niveles_middle_out
13121,4,13,6.414,7.73,17.935,0.8275,0.6154,0.8,16.623,hibrido_3niveles_middle_out
13121,5,13,6.858,8.737,27.285,0.8849,0.6154,0.8,16.168,hibrido_3niveles_middle_out
13121,6,13,6.247,7.26,22.54,0.806,0.6154,0.8,16.603,hibrido_3niveles_middle_out
13121,7,13,4.54,5.304,14.435,0.5858,0.8462,0.8,16.068,hibrido_3niveles_middle_out
13121,8,13,6.293,7.428,18.225,0.812,0.5385,0.8,15.809,hibrido_3niveles_middle_out
13122,1,13,9.227,12.238,22.182,0.6733,0.6154,0.8,26.736,hibrido_3niveles_middle_out
13122,2,13,5.649,6.85,11.212,0.4122,0.9231,0.8,29.12,hibrido_3niveles_middle_out
13122,3,13,9.742,11.14,19.565,0.7109,0.8462,0.8,29.69,hibrido_3niveles_middle_out
13122,4,13,9.602,11.853,18.54,0.7007,0.7692,0.8,29.197,hibrido_3niveles_middle_out
13122,5,13,10.205,13.81,24.121,0.7447,0.7692,0.8,29.186,hibrido_3niveles_middle_out
13122,6,13,6.56,7.576,12.111,0.4787,0.9231,0.8,26.76,hibrido_3niveles_middle_out
13122,7,13,7.678,8.87,14.509,0.5603,0.8462,0.8,27.487,hibrido_3niveles_middle_out
13122,8,13,9.559,11.376,17.093,0.6975,0.6923,0.8,25.583,hibrido_3niveles_middle_out
13123,1,13,13.017,15.868,30.244,0.9211,0.6923,0.8,31.622,hibrido_3niveles_middle_out
13123,2,13,8.244,10.116,15.985,0.5834,0.8462,0.8,31.519,hibrido_3niveles_middle_out
13123,3,13,8.836,10.835,17.478,0.6253,0.8462,0.8,31.675,hibrido_3niveles_middle_out
13123,4,13,17.207,29.658,23.749,1.2176,0.6154,0.8,29.649,hibrido_3niveles_middle_out
13123,5,13,9.386,13.722,24.197,0.6642,0.6923,0.8,27.342,hibrido_3niveles_middle_out
13123,6,13,10.746,12.091,20.595,0.7604,0.6154,0.8,27.912,hibrido_3niveles_middle_out
13123,7,13,9.11,10.784,17.146,0.6446,0.6923,0.8,27.142,hibrido_3niveles_middle_out
13123,8,13,16.689,30.682,22.373,1.181,0.4615,0.8,28.195,hibrido_3niveles_middle_out
13124,1,13,9.795,13.203,24.122,0.7305,0.6923,0.8,25.19,hibrido_3niveles_middle_out
13124,2,13,9.339,10.242,18.286,0.6965,0.4615,0.8,24.213,hibrido_3niveles_middle_out
13124,3,13,6.849,8.178,13.106,0.5108,0.8462,0.8,25.106,hibrido_3niveles_middle_out
13124,4,13,8.719,11.849,14.906,0.6503,0.7692,0.8,23.396,hibrido_3niveles_middle_out
13124,5,13,9.388,13.874,23.635,0.7002,0.6923,0.8,23.677,hibrido_3niveles_middle_out
13124,6,13,8.813,9.671,17.022,0.6573,0.5385,0.8,23.189,hibrido_3niveles_middle_out
13124,7,13,7.985,10.87,14.241,0.5955,0.6923,0.8,22.949,hibrido_3niveles_middle_out
13124,8,13,8.025,10.385,14.911,0.5985,0.7692,0.8,21.323,hibrido_3niveles_middle_out
13125,1,13,11.922,14.765,23.548,1.0736,0.6923,0.8,26.015,hibrido_3niveles_middle_out
13125,2,13,8.218,11.073,13.672,0.74,0.6923,0.8,24.297,hibrido_3niveles_middle_out
13125,3,13,7.398,8.236,13.266,0.6662,0.9231,0.8,24.813,hibrido_3niveles_middle_out
13125,4,13,7.711,9.509,12.614,0.6944,0.7692,0.8,24.261,hibrido_3niveles_middle_out
13125,5,13,11.933,14.168,23.498,1.0745,0.6154,0.8,24.163,hibrido_3niveles_middle_out
13125,6,13,10.021,12.994,17.902,0.9024,0.6923,0.8,23.56,hibrido_3niveles_middle_out
13125,7,13,8.373,9.58,15.455,0.754,0.7692,0.8,24.813,hibrido_3niveles_middle_out
13125,8,13,8.671,10.667,15.29,0.7808,0.7692,0.8,22.844,hibrido_3niveles_middle_out
13126,1,13,2.678,4.047,15.188,0.4401,0.8462,0.8,12.733,hibrido_3niveles_middle_out
13126,2,13,4.859,5.927,27.162,0.7985,0.6154,0.8,12.896,hibrido_3niveles_middle_out
13126,3,13,2.441,3.15,12.205,0.401,0.8462,0.8,13.05,hibrido_3niveles_middle_out
13126,4,13,4.304,5.192,25.834,0.7073,0.6154,0.8,13.398,hibrido_3niveles_middle_out
13126,5,13,4.323,5.54,24.66,0.7104,0.8462,0.8,13.96,hibrido_3niveles_middle_out
13126,6,13,5.144,5.992,28.264,0.8453,0.6154,0.8,13.162,hibrido_3niveles_middle_out
13126,7,13,2.989,3.991,14.108,0.4912,0.8462,0.8,13.896,hibrido_3niveles_middle_out
13126,8,13,4.795,5.768,26.51,0.788,0.6154,0.8,13.394,hibrido_3niveles_middle_out
13127,1,13,54.883,76.702,18.461,0.6139,0.7692,0.8,134.727,hibrido_3niveles_middle_out
13127,2,13,45.282,56.318,12.102,0.5065,0.6923,0.8,137.759,hibrido_3niveles_middle_out
13127,3,13,47.818,60.528,13.225,0.5349,0.7692,0.8,142.139,hibrido_3niveles_middle_out
13127,4,13,38.688,43.853,10.033,0.4328,0.7692,0.8,125.643,hibrido_3niveles_middle_out
13127,5,13,58.545,79.527,19.172,0.6549,0.6154,0.8,124.385,hibrido_3niveles_middle_out
13127,6,13,40.171,47.499,10.894,0.4494,0.6923,0.8,118.564,hibrido_3niveles_middle_out
13127,7,13,50.655,56.656,13.652,0.5666,0.6923,0.8,124.37,hibrido_3niveles_middle_out
13127,8,13,36.588,46.18,9.292,0.4093,0.8462,0.8,124.927,hibrido_3niveles_middle_out
13128,1,13,8.286,10.509,23.512,0.9174,0.6923,0.8,21.309,hibrido_3niveles_middle_out
13128,2,13,8.528,10.296,26.134,0.9441,0.5385,0.8,20.298,hibrido_3niveles_middle_out
13128,3,13,5.895,6.868,17.406,0.6527,0.8462,0.8,20.867,hibrido_3niveles_middle_out
13128,4,13,3.922,4.843,10.503,0.4342,0.9231,0.8,19.907,hibrido_3niveles_middle_out
13128,5,13,7.722,10.837,22.155,0.8549,0.6923,0.8,19.854,hibrido_3niveles_middle_out
13128,6,13,8.498,10.221,25.611,0.9408,0.5385,0.8,19.356,hibrido_3niveles_middle_out
13128,7,13,4.569,5.955,14.721,0.5058,0.9231,0.8,19.831,hibrido_3niveles_middle_out
13128,8,13,3.009,3.46,7.868,0.3331,1.0,0.8,19.423,hibrido_3niveles_middle_out
13129,1,13,4.64,6.107,30.739,0.8739,0.6923,0.8,12.106,hibrido_3niveles_middle_out
13129,2,13,2.773,4.398,17.466,0.5223,0.8462,0.8,11.553,hibrido_3niveles_middle_out
13129,3,13,3.457,4.197,30.571,0.651,0.7692,0.8,12.194,hibrido_3niveles_middle_out
13129,4,13,4.222,4.987,30.42,0.7952,0.7692,0.8,11.885,hibrido_3niveles_middle_out
13129,5,13,3.542,4.713,27.607,0.6671,0.6923,0.8,12.126,hibrido_3niveles_middle_out
13129,6,13,2.843,3.975,18.112,0.5354,0.7692,0.8,11.595,hibrido_3niveles_middle_out
13129,7,13,3.553,4.556,31.603,0.6693,0.6154,0.8,11.148,hibrido_3niveles_middle_out
13129,8,13,3.879,4.852,28.018,0.7306,0.7692,0.8,10.843,hibrido_3niveles_middle_out
13130,1,13,8.972,14.557,16.466,0.4366,0.8462,0.8,28.373,hibrido_3niveles_middle_out
13130,2,13,9.543,11.047,15.815,0.4643,0.7692,0.8,25.95,hibrido_3niveles_middle_out
13130,3,13,8.43,10.024,10.929,0.4102,0.6923,0.8,26.554,hibrido_3niveles_middle_out
13130,4,13,9.788,11.928,13.685,0.4762,0.7692,0.8,26.941,hibrido_3niveles_middle_out
13130,5,13,11.33,16.287,20.049,0.5513,0.6154,0.8,26.887,hibrido_3niveles_middle_out
13130,6,13,11.471,13.988,19.202,0.5581,0.8462,0.8,26.066,hibrido_3niveles_middle_out
13130,7,13,9.116,10.497,12.685,0.4436,0.6154,0.8,24.329,hibrido_3niveles_middle_out
13130,8,13,8.83,11.308,12.709,0.4296,0.6154,0.8,23.988,hibrido_3niveles_middle_out
13131,1,13,8.941,11.456,17.25,0.4922,0.8462,0.8,28.578,hibrido_3niveles_middle_out
13131,2,13,6.302,7.974,11.025,0.347,0.8462,0.8,26.976,hibrido_3niveles_middle_out
13131,3,13,10.394,13.586,15.122,0.5722,0.6154,0.8,28.49,hibrido_3niveles_middle_out
13131,4,13,10.502,14.075,15.263,0.5781,0.7692,0.8,27.797,hibrido_3niveles_middle_out
13131,5,13,9.168,11.804,17.487,0.5047,0.7692,0.8,29.691,hibrido_3niveles_middle_out
13131,6,13,7.077,8.793,11.975,0.3896,0.9231,0.8,27.469,hibrido_3niveles_middle_out
13131,7,13,9.909,13.59,13.751,0.5455,0.7692,0.8,27.681,hibrido_3niveles_middle_out
13131,8,13,12.132,14.899,17.204,0.6679,0.6154,0.8,28.794,hibrido_3niveles_middle_out
13201,1,13,13.986,19.575,14.165,0.5244,0.6154,0.8,31.81,hibrido_3niveles_middle_out
13201,2,13,12.151,14.486,10.436,0.4556,0.7692,0.8,32.426,hibrido_3niveles_middle_out
13201,3,13,9.972,11.695,8.578,0.3739,0.8462,0.8,31.651,hibrido_3niveles_middle_out
13201,4,13,10.765,14.432,8.644,0.4036,0.6154,0.8,31.035,hibrido_3niveles_middle_out
13201,5,13,13.195,19.658,13.258,0.4947,0.6154,0.8,32.269,hibrido_3niveles_middle_out
13201,6,13,10.494,13.269,8.945,0.3934,0.6154,0.8,31.051,hibrido_3niveles_middle_out
13201,7,13,12.555,15.367,10.838,0.4707,0.4615,0.8,30.183,hibrido_3niveles_middle_out
13201,8,13,9.494,12.564,7.302,0.356,0.7692,0.8,29.774,hibrido_3niveles_middle_out
13202,1,13,1.951,2.458,70.071,0.6041,0.8462,0.8,5.935,hibrido_3niveles_middle_out
13202,2,13,1.41,1.846,27.399,0.4365,0.8462,0.8,5.65,hibrido_3niveles_middle_out
13202,3,13,1.712,1.956,36.573,0.5301,0.8462,0.8,5.858,hibrido_3niveles_middle_out
13202,4,13,2.552,3.355,55.461,0.79,0.7692,0.8,5.637,hibrido_3niveles_middle_out
13202,5,13,1.96,2.377,68.958,0.6068,0.7692,0.8,5.725,hibrido_3niveles_middle_out
13202,6,13,1.303,1.788,30.961,0.4034,0.8462,0.8,5.551,hibrido_3niveles_middle_out
13202,7,13,1.776,2.165,35.505,0.5497,0.6154,0.8,5.642,hibrido_3niveles_middle_out
13202,8,13,2.841,3.431,68.931,0.8795,0.6923,0.8,5.543,hibrido_3niveles_middle_out
13203,1,13,2.503,3.338,39.987,0.6385,0.6923,0.8,7.107,hibrido_3niveles_middle_out
13203,2,13,2.665,3.007,52.953,0.6797,0.6923,0.8,7.225,hibrido_3niveles_middle_out
13203,3,13,2.757,3.388,27.13,0.703,0.7692,0.8,7.362,hibrido_3niveles_middle_out
13203,4,13,1.986,2.104,24.059,0.5066,0.9231,0.8,7.491,hibrido_3niveles_middle_out
13203,5,13,3.231,4.161,43.968,0.8241,0.5385,0.8,7.5,hibrido_3niveles_middle_out
13203,6,13,3.06,3.574,103.16,0.7805,0.6154,0.8,7.488,hibrido_3niveles_middle_out
13203,7,13,2.363,3.129,22.353,0.6026,0.8462,0.8,7.227,hibrido_3niveles_middle_out
13203,8,13,1.884,2.093,22.918,0.4805,1.0,0.8,7.252,hibrido_3niveles_middle_out
13301,1,13,7.752,10.5,25.65,0.3909,0.6923,0.8,20.018,hibrido_3niveles_middle_out
13301,2,13,6.622,8.165,23.867,0.334,0.9231,0.8,18.695,hibrido_3niveles_middle_out
13301,3,13,5.658,7.523,17.269,0.2853,0.8462,0.8,18.822,hibrido_3niveles_middle_out
13301,4,13,6.454,8.26,16.807,0.3255,0.6923,0.8,17.964,hibrido_3niveles_middle_out
13301,5,13,7.314,10.627,25.827,0.3688,0.6923,0.8,18.186,hibrido_3niveles_middle_out
13301,6,13,7.465,9.558,27.593,0.3765,0.6154,0.8,19.042,hibrido_3niveles_middle_out
13301,7,13,5.986,8.538,18.512,0.3019,0.7692,0.8,19.239,hibrido_3niveles_middle_out
13301,8,13,6.765,8.326,18.484,0.3412,0.6923,0.8,19.383,hibrido_3niveles_middle_out
13302,1,13,7.304,9.21,21.057,0.5374,0.7692,0.8,22.334,hibrido_3niveles_middle_out
13302,2,13,8.081,10.465,19.893,0.5946,0.6154,0.8,23.107,hibrido_3niveles_middle_out
13302,3,13,5.295,6.75,15.776,0.3895,0.9231,0.8,23.578,hibrido_3niveles_middle_out
13302,4,13,5.926,8.221,13.209,0.436,0.8462,0.8,22.697,hibrido_3niveles_middle_out
13302,5,13,6.658,8.54,17.692,0.4898,0.6923,0.8,22.18,hibrido_3niveles_middle_out
13302,6,13,8.696,11.568,21.096,0.6398,0.6154,0.8,21.785,hibrido_3niveles_middle_out
13302,7,13,4.073,5.812,11.286,0.2997,0.9231,0.8,22.993,hibrido_3niveles_middle_out
13302,8,13,6.833,9.28,15.727,0.5027,0.6923,0.8,22.562,hibrido_3niveles_middle_out
13303,1,13,1.68,2.217,32.908,0.3347,0.9231,0.8,8.057,hibrido_3niveles_middle_out
13303,2,13,3.114,3.718,70.655,0.6203,0.6154,0.8,8.069,hibrido_3niveles_middle_out
13303,3,13,2.892,3.135,31.368,0.5762,0.5385,0.8,7.994,hibrido_3niveles_middle_out
13303,4,13,2.075,2.614,41.683,0.4134,1.0,0.8,7.988,hibrido_3niveles_middle_out
13303,5,13,1.894,2.546,40.215,0.3773,0.8462,0.8,7.974,hibrido_3niveles_middle_out
13303,6,13,3.57,4.058,82.944,0.7111,0.6923,0.8,8.046,hibrido_3niveles_middle_out
13303,7,13,2.699,2.943,30.644,0.5377,0.6923,0.8,7.967,hibrido_3niveles_middle_out
13303,8,13,1.637,2.305,33.162,0.3261,1.0,0.8,7.988,hibrido_3niveles_middle_out
13401,1,13,13.688,17.124,16.811,0.8181,0.6154,0.8,31.029,hibrido_3niveles_middle_out
13401,2,13,8.598,9.765,9.952,0.5139,0.9231,0.8,31.328,hibrido_3niveles_middle_out
13401,3,13,10.295,12.022,11.07,0.6154,0.9231,0.8,33.689,hibrido_3niveles_middle_out
13401,4,13,17.809,27.085,15.851,1.0645,0.7692,0.8,33.368,hibrido_3niveles_middle_out
13401,5,13,12.049,14.185,14.751,0.7202,0.6154,0.8,34.219,hibrido_3niveles_middle_out
13401,6,13,8.678,10.234,10.18,0.5187,0.9231,0.8,33.692,hibrido_3niveles_middle_out
13401,7,13,9.15,11.264,9.731,0.5469,0.8462,0.8,32.16,hibrido_3niveles_middle_out
13401,8,13,11.85,17.299,11.673,0.7083,0.8462,0.8,31.158,hibrido_3niveles_middle_out
13402,1,13,6.897,8.137,21.834,0.9671,0.6154,0.8,16.31,hibrido_3niveles_middle_out
13402,2,13,5.467,6.262,23.827,0.7665,0.6154,0.8,15.968,hibrido_3niveles_middle_out
13402,3,13,4.38,5.888,14.674,0.6142,0.8462,0.8,16.583,hibrido_3niveles_middle_out
13402,4,13,5.781,6.592,23.971,0.8106,0.7692,0.8,15.747,hibrido_3niveles_middle_out
13402,5,13,6.139,7.461,19.066,0.8608,0.6154,0.8,16.712,hibrido_3niveles_middle_out
13402,6,13,5.679,6.639,25.399,0.7963,0.6154,0.8,15.753,hibrido_3niveles_middle_out
13402,7,13,5.289,6.657,17.879,0.7417,0.7692,0.8,15.807,hibrido_3niveles_middle_out
13402,8,13,5.367,6.392,21.982,0.7525,0.6154,0.8,16.961,hibrido_3niveles_middle_out
13403,1,13,1.797,2.383,27.67,0.9076,0.8462,0.8,6.504,hibrido_3niveles_middle_out
13403,2,13,2.232,2.775,69.865,1.1272,0.7692,0.8,6.689,hibrido_3niveles_middle_out
13403,3,13,1.884,2.364,82.718,0.9513,0.7692,0.8,6.725,hibrido_3niveles_middle_out
13403,4,13,2.262,2.797,86.144,1.1421,0.6154,0.8,6.867,hibrido_3niveles_middle_out
13403,5,13,2.034,2.588,54.136,1.0269,0.8462,0.8,6.873,hibrido_3niveles_middle_out
13403,6,13,2.299,2.821,66.831,1.1612,0.8462,0.8,6.847,hibrido_3niveles_middle_out
13403,7,13,2.19,2.962,61.532,1.106,0.7692,0.8,6.558,hibrido_3niveles_middle_out
13403,8,13,2.421,2.898,93.364,1.2226,0.6154,0.8,6.793,hibrido_3niveles_middle_out
13404,1,13,3.904,4.96,52.292,0.8288,0.6923,0.8,10.04,hibrido_3niveles_middle_out
13404,2,13,3.157,3.725,23.333,0.6702,0.6923,0.8,8.947,hibrido_3niveles_middle_out
13404,3,13,2.457,3.238,16.626,0.5216,0.8462,0.8,9.602,hibrido_3niveles_middle_out
13404,4,13,3.419,4.319,108.094,0.7259,0.7692,0.8,9.656,hibrido_3niveles_middle_out
13404,5,13,3.455,4.402,46.39,0.7335,0.6154,0.8,10.295,hibrido_3niveles_middle_out
13404,6,13,3.975,4.428,29.366,0.8438,0.8462,0.8,9.556,hibrido_3niveles_middle_out
13404,7,13,2.114,2.994,14.591,0.4488,0.7692,0.8,9.643,hibrido_3niveles_middle_out
13404,8,13,3.029,4.071,110.16,0.6431,0.7692,0.8,9.728,hibrido_3niveles_middle_out
13501,1,13,4.639,6.106,10.289,0.4603,0.8462,0.8,19.709,hibrido_3niveles_middle_out
13501,2,13,8.711,10.41,22.299,0.8642,0.6923,0.8,19.663,hibrido_3niveles_middle_out
13501,3,13,5.507,6.395,11.595,0.5463,0.8462,0.8,18.334,hibrido_3niveles_middle_out
13501,4,13,6.974,9.266,13.213,0.6919,0.6154,0.8,17.975,hibrido_3niveles_middle_out
13501,5,13,5.858,6.671,13.133,0.5812,0.7692,0.8,18.607,hibrido_3niveles_middle_out
13501,6,13,8.245,9.981,21.24,0.8181,0.6154,0.8,19.543,hibrido_3niveles_middle_out
13501,7,13,5.544,7.0,11.622,0.55,0.8462,0.8,19.358,hibrido_3niveles_middle_out
13501,8,13,6.948,8.635,13.531,0.6894,0.6154,0.8,18.625,hibrido_3niveles_middle_out
13502,1,13,1.521,1.761,70.265,1.0365,0.6923,0.8,4.382,hibrido_3niveles_middle_out
13502,2,13,1.399,1.605,87.177,0.9537,0.7692,0.8,4.287,hibrido_3niveles_middle_out
13502,3,13,1.377,1.837,51.908,0.9383,0.7692,0.8,4.566,hibrido_3niveles_middle_out
13502,4,13,1.622,2.167,54.629,1.1056,0.8462,0.8,4.193,hibrido_3niveles_middle_out
13502,5,13,1.415,1.682,53.971,0.9646,0.8462,0.8,4.058,hibrido_3niveles_middle_out
13502,6,13,1.486,1.72,84.053,1.0128,0.7692,0.8,4.196,hibrido_3niveles_middle_out
13502,7,13,1.226,1.792,51.635,0.8359,0.7692,0.8,4.265,hibrido_3niveles_middle_out
13502,8,13,1.294,1.578,51.407,0.8821,0.8462,0.8,4.116,hibrido_3niveles_middle_out
13503,1,13,4.324,4.773,22.335,0.7696,0.6154,0.8,11.171,hibrido_3niveles_middle_out
13503,2,13,4.16,6.113,21.057,0.7405,0.7692,0.8,11.518,hibrido_3niveles_middle_out
13503,3,13,4.091,4.919,21.495,0.7281,0.6923,0.8,11.701,hibrido_3niveles_middle_out
13503,4,13,3.774,4.804,18.055,0.6717,0.7692,0.8,11.394,hibrido_3niveles_middle_out
13503,5,13,4.271,4.999,22.032,0.7602,0.6154,0.8,11.514,hibrido_3niveles_middle_out
13503,6,13,4.337,5.754,22.959,0.7719,0.6923,0.8,11.429,hibrido_3niveles_middle_out
13503,7,13,3.315,4.478,16.371,0.59,0.7692,0.8,11.633,hibrido_3niveles_middle_out
13503,8,13,3.952,5.148,19.154,0.7035,0.6923,0.8,11.262,hibrido_3niveles_middle_out
13504,1,13,2.873,3.51,101.088,1.0085,0.4615,0.8,5.916,hibrido_3niveles_middle_out
13504,2,13,2.4,3.029,49.701,0.8423,0.6154,0.8,5.929,hibrido_3niveles_middle_out
13504,3,13,1.575,1.882,36.152,0.5529,0.7692,0.8,5.723,hibrido_3niveles_middle_out
13504,4,13,0.841,1.111,18.411,0.2952,0.8462,0.8,5.607,hibrido_3niveles_middle_out
13504,5,13,2.831,3.27,92.318,0.9939,0.5385,0.8,5.82,hibrido_3niveles_middle_out
13504,6,13,2.205,2.96,46.253,0.774,0.6154,0.8,5.281,hibrido_3niveles_middle_out
13504,7,13,1.461,1.711,32.726,0.5127,0.9231,0.8,5.675,hibrido_3niveles_middle_out
13504,8,13,0.801,1.196,20.424,0.2813,0.9231,0.8,5.356,hibrido_3niveles_middle_out
13505,1,13,1.503,1.81,75.618,0.5698,0.8462,0.8,6.178,hibrido_3niveles_middle_out
13505,2,13,2.657,3.597,37.354,1.007,0.7692,0.8,6.433,hibrido_3niveles_middle_out
13505,3,13,1.543,2.08,73.243,0.5851,0.7692,0.8,6.55,hibrido_3niveles_middle_out
13505,4,13,1.928,2.11,49.923,0.7307,0.7692,0.8,5.917,hibrido_3niveles_middle_out
13505,5,13,1.628,1.985,79.718,0.617,0.6923,0.8,6.155,hibrido_3niveles_middle_out
13505,6,13,2.722,3.632,40.857,1.0319,0.9231,0.8,6.141,hibrido_3niveles_middle_out
13505,7,13,1.833,2.385,72.666,0.695,0.6923,0.8,6.395,hibrido_3niveles_middle_out
13505,8,13,1.813,2.125,46.764,0.6873,0.7692,0.8,6.172,hibrido_3niveles_middle_out
13601,1,13,8.621,11.309,21.059,1.0803,0.4615,0.8,18.959,hibrido_3niveles_middle_out
13601,2,13,6.054,7.062,13.822,0.7586,0.9231,0.8,19.997,hibrido_3niveles_middle_out
13601,3,13,6.224,7.578,14.702,0.78,0.8462,0.8,19.654,hibrido_3niveles_middle_out
13601,4,13,4.585,5.271,10.819,0.5745,0.8462,0.8,19.309,hibrido_3niveles_middle_out
13601,5,13,8.421,10.933,21.139,1.0552,0.6154,0.8,18.47,hibrido_3niveles_middle_out
13601,6,13,4.439,6.113,10.29,0.5563,0.9231,0.8,17.399,hibrido_3niveles_middle_out
13601,7,13,7.213,9.33,17.111,0.9039,0.6154,0.8,18.552,hibrido_3niveles_middle_out
13601,8,13,4.012,5.005,9.443,0.5028,0.9231,0.8,18.661,hibrido_3niveles_middle_out
13602,1,13,2.383,2.858,41.36,0.532,0.8462,0.8,7.602,hibrido_3niveles_middle_out
13602,2,13,2.855,3.648,35.079,0.6371,0.7692,0.8,7.877,hibrido_3niveles_middle_out
13602,3,13,2.637,3.358,47.1,0.5886,0.6923,0.8,7.775,hibrido_3niveles_middle_out
13602,4,13,3.036,3.511,61.705,0.6776,0.6154,0.8,7.824,hibrido_3niveles_middle_out
13602,5,13,2.24,2.843,38.951,0.4999,0.6923,0.8,7.893,hibrido_3niveles_middle_out
13602,6,13,2.964,3.782,36.855,0.6615,0.6154,0.8,7.931,hibrido_3niveles_middle_out
13602,7,13,2.979,3.528,55.137,0.6649,0.6923,0.8,7.657,hibrido_3niveles_middle_out
13602,8,13,2.776,3.432,64.225,0.6196,0.6154,0.8,7.614,hibrido_3niveles_middle_out
13603,1,13,4.469,5.945,22.705,0.7844,0.7692,0.8,12.688,hibrido_3niveles_middle_out
13603,2,13,4.884,5.764,25.411,0.8572,0.5385,0.8,12.934,hibrido_3niveles_middle_out
13603,3,13,5.053,5.603,32.639,0.8868,0.6154,0.8,12.868,hibrido_3niveles_middle_out
13603,4,13,4.306,5.588,22.713,0.7558,0.7692,0.8,12.463,hibrido_3niveles_middle_out
13603,5,13,4.552,6.484,22.454,0.7989,0.8462,0.8,12.388,hibrido_3niveles_middle_out
13603,6,13,4.839,5.825,22.36,0.8494,0.6154,0.8,12.207,hibrido_3niveles_middle_out
13603,7,13,5.767,6.032,36.933,1.0121,0.5385,0.8,12.658,hibrido_3niveles_middle_out
13603,8,13,4.266,5.641,21.632,0.7488,0.6923,0.8,12.445,hibrido_3niveles_middle_out
13604,1,13,4.775,6.695,21.281,0.5858,0.8462,0.8,17.622,hibrido_3niveles_middle_out
13604,2,13,7.413,7.876,27.09,0.9094,0.6923,0.8,18.137,hibrido_3niveles_middle_out
13604,3,13,7.872,9.833,25.508,0.9657,0.4615,0.8,17.549,hibrido_3niveles_middle_out
13604,4,13,4.823,5.451,18.845,0.5917,0.8462,0.8,18.024,hibrido_3niveles_middle_out
13604,5,13,4.381,5.712,18.73,0.5374,0.8462,0.8,17.865,hibrido_3niveles_middle_out
13604,6,13,6.974,7.822,25.9,0.8556,0.6923,0.8,17.39,hibrido_3niveles_middle_out
13604,7,13,8.635,10.429,26.871,1.0594,0.6154,0.8,18.231,hibrido_3niveles_middle_out
13604,8,13,4.629,5.304,18.208,0.5679,0.8462,0.8,17.57,hibrido_3niveles_middle_out
13605,1,13,7.352,10.535,19.783,0.611,0.7692,0.8,21.297,hibrido_3niveles_middle_out
13605,2,13,5.993,7.263,15.816,0.4981,0.8462,0.8,22.174,hibrido_3niveles_middle_out
13605,3,13,6.942,8.654,16.034,0.5769,0.7692,0.8,22.486,hibrido_3niveles_middle_out
13605,4,13,6.14,7.53,17.464,0.5102,0.8462,0.8,23.266,hibrido_3niveles_middle_out
13605,5,13,7.866,10.614,20.231,0.6537,0.7692,0.8,23.169,hibrido_3niveles_middle_out
13605,6,13,6.689,8.548,16.84,0.5559,0.8462,0.8,22.897,hibrido_3niveles_middle_out
13605,7,13,6.998,9.23,16.606,0.5816,0.7692,0.8,22.897,hibrido_3niveles_middle_out
13605,8,13,7.401,8.904,21.177,0.6151,0.6923,0.8,21.371,hibrido_3niveles_middle_out
RM,1,13,193.606,318.459,11.596,0.871,0.8462,0.8,545.66,hibrido_3niveles_middle_out
RM,2,13,126.181,144.815,6.067,0.5677,0.9231,0.8,552.146,hibrido_3niveles_middle_out
RM,3,13,117.413,133.58,5.405,0.5282,1.0,0.8,550.069,hibrido_3niveles_middle_out
RM,4,13,116.282,147.561,5.228,0.5231,0.9231,0.8,514.517,hibrido_3niveles_middle_out
RM,5,13,183.344,334.359,11.325,0.8248,0.9231,0.8,530.349,hibrido_3niveles_middle_out
RM,6,13,131.77,152.38,6.312,0.5928,0.8462,0.8,515.381,hibrido_3niveles_middle_out
RM,7,13,98.615,114.792,4.472,0.4437,1.0,0.8,529.048,hibrido_3niveles_middle_out
RM,8,13,119.978,158.168,5.329,0.5398,0.9231,0.8,518.056,hibrido_3niveles_middle_out
SS_CENTRAL,1,13,20.068,32.387,12.461,0.7469,0.7692,0.8,56.487,hibrido_3niveles_middle_out
SS_CENTRAL,2,13,18.692,22.812,10.382,0.6957,0.7692,0.8,60.39,hibrido_3niveles_middle_out
SS_CENTRAL,3,13,20.795,24.782,10.043,0.774,0.6923,0.8,62.487,hibrido_3niveles_middle_out
SS_CENTRAL,4,13,21.697,26.567,10.032,0.8075,0.6923,0.8,61.407,hibrido_3niveles_middle_out
SS_CENTRAL,5,13,22.718,32.911,13.804,0.8455,0.7692,0.8,60.971,hibrido_3niveles_middle_out
SS_CENTRAL,6,13,22.803,27.467,12.315,0.8487,0.5385,0.8,57.82,hibrido_3niveles_middle_out
SS_CENTRAL,7,13,25.661,31.288,12.388,0.9551,0.6154,0.8,58.405,hibrido_3niveles_middle_out
SS_CENTRAL,8,13,23.905,28.231,11.038,0.8897,0.6923,0.8,61.79,hibrido_3niveles_middle_out
SS_NORTE,1,13,78.194,105.692,14.806,0.7641,0.6923,0.8,175.787,hibrido_3niveles_middle_out
SS_NORTE,2,13,49.538,64.418,7.861,0.4841,0.6154,0.8,181.4,hibrido_3niveles_middle_out
SS_NORTE,3,13,49.151,70.071,8.209,0.4803,0.8462,0.8,172.135,hibrido_3niveles_middle_out
SS_NORTE,4,13,49.123,59.672,7.406,0.48,0.6923,0.8,145.13,hibrido_3niveles_middle_out
SS_NORTE,5,13,76.891,118.224,15.022,0.7514,0.6154,0.8,157.793,hibrido_3niveles_middle_out
SS_NORTE,6,13,48.453,56.533,7.925,0.4735,0.7692,0.8,150.944,hibrido_3niveles_middle_out
SS_NORTE,7,13,48.543,57.332,7.943,0.4744,0.6923,0.8,155.388,hibrido_3niveles_middle_out
SS_NORTE,8,13,50.578,65.716,7.559,0.4942,0.8462,0.8,160.474,hibrido_3niveles_middle_out
SS_OCCIDENTE,1,13,49.534,76.805,13.882,0.8011,0.4615,0.8,91.223,hibrido_3niveles_middle_out
SS_OCCIDENTE,2,13,30.166,32.827,6.909,0.4879,0.9231,0.8,98.576,hibrido_3niveles_middle_out
SS_OCCIDENTE,3,13,27.217,31.074,6.099,0.4402,0.9231,0.8,97.356,hibrido_3niveles_middle_out
SS_OCCIDENTE,4,13,24.333,28.423,5.353,0.3936,0.7692,0.8,88.741,hibrido_3niveles_middle_out
SS_OCCIDENTE,5,13,53.675,80.408,14.821,0.8681,0.4615,0.8,96.547,hibrido_3niveles_middle_out
SS_OCCIDENTE,6,13,35.587,42.115,8.115,0.5756,0.6923,0.8,95.861,hibrido_3niveles_middle_out
SS_OCCIDENTE,7,13,28.071,37.256,6.138,0.454,0.7692,0.8,104.753,hibrido_3niveles_middle_out
SS_OCCIDENTE,8,13,27.605,31.685,6.22,0.4465,0.7692,0.8,97.034,hibrido_3niveles_middle_out
SS_ORIENTE,1,13,23.805,32.618,17.447,0.7126,0.8462,0.8,54.92,hibrido_3niveles_middle_out
SS_ORIENTE,2,13,14.897,19.03,8.939,0.4459,0.6923,0.8,52.777,hibrido_3niveles_middle_out
SS_ORIENTE,3,13,11.989,15.481,7.243,0.3589,0.9231,0.8,58.435,hibrido_3niveles_middle_out
SS_ORIENTE,4,13,24.658,38.627,12.464,0.7381,0.6923,0.8,57.379,hibrido_3niveles_middle_out
SS_ORIENTE,5,13,20.049,33.381,15.469,0.6001,0.7692,0.8,52.579,hibrido_3niveles_middle_out
SS_ORIENTE,6,13,20.765,23.864,12.166,0.6216,0.6154,0.8,51.704,hibrido_3niveles_middle_out
SS_ORIENTE,7,13,10.251,13.053,5.901,0.3068,0.8462,0.8,53.798,hibrido_3niveles_middle_out
SS_ORIENTE,8,13,22.278,37.626,10.914,0.6669,0.7692,0.8,52.584,hibrido_3niveles_middle_out
SS_SUR,1,13,29.043,52.576,10.843,0.7168,0.8462,0.8,76.413,hibrido_3niveles_middle_out
SS_SUR,2,13,21.869,27.591,6.991,0.5397,0.6154,0.8,68.961,hibrido_3niveles_middle_out
SS_SUR,3,13,22.006,32.242,6.186,0.5431,0.7692,0.8,69.036,hibrido_3niveles_middle_out
SS_SUR,4,13,20.474,30.939,5.716,0.5053,0.9231,0.8,71.23,hibrido_3niveles_middle_out
SS_SUR,5,13,22.11,44.639,8.624,0.5457,0.8462,0.8,67.677,hibrido_3niveles_middle_out
SS_SUR,6,13,26.885,33.059,8.589,0.6635,0.5385,0.8,65.445,hibrido_3niveles_middle_out
SS_SUR,7,13,22.321,29.57,6.264,0.5509,0.6923,0.8,65.713,hibrido_3niveles_middle_out
SS_SUR,8,13,12.406,14.708,3.799,0.3062,0.8462,0.8,62.6,hibrido_3niveles_middle_out
SS_SUR_-_ORIENTE,1,13,44.708,59.374,15.643,0.9196,0.6154,0.8,90.83,hibrido_3niveles_middle_out
SS_SUR_-_ORIENTE,2,13,33.572,40.713,9.235,0.6905,0.7692,0.8,90.042,hibrido_3niveles_middle_out
SS_SUR_-_ORIENTE,3,13,28.153,36.008,7.855,0.5791,0.7692,0.8,90.62,hibrido_3niveles_middle_out
SS_SUR_-_ORIENTE,4,13,38.032,39.815,10.377,0.7822,0.7692,0.8,90.63,hibrido_3niveles_middle_out
SS_SUR_-_ORIENTE,5,13,41.393,58.172,14.475,0.8514,0.6923,0.8,94.782,hibrido_3niveles_middle_out
SS_SUR_-_ORIENTE,6,13,32.814,39.373,9.062,0.6749,0.6923,0.8,93.605,hibrido_3niveles_middle_out
SS_SUR_-_ORIENTE,7,13,28.523,35.769,7.692,0.5867,0.8462,0.8,90.991,hibrido_3niveles_middle_out
SS_SUR_-_ORIENTE,8,13,35.413,44.56,9.11,0.7284,0.8462,0.8,83.574,hibrido_3niveles_middle_out
13101,1,13,8.903,12.984,16.509,0.6756,0.7692,0.8,23.029,hibrido_3niveles_wls_structural
13101,2,13,10.417,13.643,20.589,0.7905,0.5385,0.8,22.827,hibrido_3niveles_wls_structural
13101,3,13,7.192,9.011,10.498,0.5458,0.6923,0.8,24.01,hibrido_3niveles_wls_structural
13101,4,13,4.563,6.407,7.062,0.3463,0.9231,0.8,24.61,hibrido_3niveles_wls_structural
13101,5,13,9.567,13.13,17.562,0.726,0.7692,0.8,23.91,hibrido_3niveles_wls_structural
13101,6,13,12.171,14.429,23.239,0.9236,0.5385,0.8,24.819,hibrido_3niveles_wls_structural
13101,7,13,8.001,9.338,11.552,0.6072,0.7692,0.8,25.035,hibrido_3niveles_wls_structural
13101,8,13,4.659,5.436,6.967,0.3536,0.9231,0.8,24.759,hibrido_3niveles_wls_structural
13102,1,13,4.825,6.091,23.404,0.59,0.8462,0.8,19.642,hibrido_3niveles_wls_structural
13102,2,13,6.428,7.701,31.221,0.7861,0.6154,0.8,22.424,hibrido_3niveles_wls_structural
13102,3,13,4.166,5.199,15.735,0.5094,0.9231,0.8,22.39,hibrido_3niveles_wls_structural
13102,4,13,8.544,10.478,26.997,1.0448,0.6154,0.8,20.779,hibrido_3niveles_wls_structural
13102,5,13,5.982,7.202,25.784,0.7315,0.7692,0.8,20.902,hibrido_3niveles_wls_structural
13102,6,13,6.769,7.77,31.185,0.8278,0.6154,0.8,21.596,hibrido_3niveles_wls_structural
13102,7,13,5.194,7.253,18.711,0.6352,0.7692,0.8,21.98,hibrido_3niveles_wls_structural
13102,8,13,9.237,11.439,28.58,1.1296,0.6154,0.8,22.785,hibrido_3niveles_wls_structural
13103,1,13,13.854,20.922,32.926,0.4598,0.6154,0.8,28.952,hibrido_3niveles_wls_structural
13103,2,13,14.11,16.261,22.793,0.4683,0.5385,0.8,30.032,hibrido_3niveles_wls_structural
13103,3,13,9.273,10.154,13.065,0.3078,0.8462,0.8,31.434,hibrido_3niveles_wls_structural
13103,4,13,9.909,11.827,13.272,0.3289,0.7692,0.8,32.633,hibrido_3niveles_wls_structural
13103,5,13,14.673,23.095,35.424,0.487,0.6923,0.8,33.342,hibrido_3niveles_wls_structural
13103,6,13,16.023,18.636,25.997,0.5318,0.5385,0.8,34.339,hibrido_3niveles_wls_structural
13103,7,13,10.142,11.969,14.151,0.3366,0.7692,0.8,35.818,hibrido_3niveles_wls_structural
13103,8,13,9.629,11.25,13.797,0.3196,0.7692,0.8,34.986,hibrido_3niveles_wls_structural
13104,1,13,8.919,11.205,26.674,0.7316,0.6923,0.8,20.769,hibrido_3niveles_wls_structural
13104,2,13,6.752,7.982,20.091,0.5539,0.6923,0.8,21.512,hibrido_3niveles_wls_structural
13104,3,13,6.141,7.373,19.568,0.5038,0.7692,0.8,20.203,hibrido_3niveles_wls_structural
13104,4,13,5.944,7.131,15.118,0.4876,0.8462,0.8,20.858,hibrido_3niveles_wls_structural
13104,5,13,9.475,11.971,27.862,0.7772,0.7692,0.8,21.013,hibrido_3niveles_wls_structural
13104,6,13,8.241,9.435,25.232,0.676,0.5385,0.8,20.035,hibrido_3niveles_wls_structural
13104,7,13,5.89,7.12,18.941,0.4832,0.7692,0.8,19.81,hibrido_3niveles_wls_structural
13104,8,13,7.04,8.108,18.576,0.5775,0.8462,0.8,19.666,hibrido_3niveles_wls_structural
13105,1,13,8.777,10.988,29.418,1.1306,0.6154,0.8,19.058,hibrido_3niveles_wls_structural
13105,2,13,6.669,8.457,19.32,0.8591,0.5385,0.8,18.558,hibrido_3niveles_wls_structural
13105,3,13,9.445,19.881,18.466,1.2166,0.6923,0.8,18.589,hibrido_3niveles_wls_structural
13105,4,13,4.558,5.377,15.075,0.5871,0.7692,0.8,18.935,hibrido_3niveles_wls_structural
13105,5,13,8.2,10.656,27.648,1.0562,0.6154,0.8,18.572,hibrido_3niveles_wls_structural
13105,6,13,6.671,8.718,19.101,0.8593,0.6923,0.8,17.8,hibrido_3niveles_wls_structural
13105,7,13,9.35,19.273,17.897,1.2044,0.5385,0.8,17.879,hibrido_3niveles_wls_structural
13105,8,13,4.07,4.918,13.768,0.5243,0.6154,0.8,16.533,hibrido_3niveles_wls_structural
13106,1,13,4.829,5.601,24.201,0.729,0.7692,0.8,11.959,hibrido_3niveles_wls_structural
13106,2,13,3.479,4.485,20.866,0.5251,0.8462,0.8,12.114,hibrido_3niveles_wls_structural
13106,3,13,3.739,4.551,20.641,0.5643,0.7692,0.8,12.411,hibrido_3niveles_wls_structural
13106,4,13,4.119,4.884,23.609,0.6218,0.7692,0.8,11.167,hibrido_3niveles_wls_structural
13106,5,13,5.007,5.844,25.987,0.7558,0.5385,0.8,12.318,hibrido_3niveles_wls_structural
13106,6,13,3.733,4.775,22.934,0.5635,0.7692,0.8,11.902,hibrido_3niveles_wls_structural
13106,7,13,4.328,5.174,23.987,0.6533,0.6154,0.8,12.039,hibrido_3niveles_wls_structural
13106,8,13,4.026,4.662,24.621,0.6077,0.7692,0.8,11.913,hibrido_3niveles_wls_structural
13107,1,13,5.468,6.3,25.198,0.3502,1.0,0.8,18.193,hibrido_3niveles_wls_structural
13107,2,13,4.121,5.388,15.627,0.264,0.8462,0.8,16.632,hibrido_3niveles_wls_structural
13107,3,13,6.923,8.23,30.849,0.4435,0.7692,0.8,16.137,hibrido_3niveles_wls_structural
13107,4,13,6.151,7.263,24.353,0.394,0.7692,0.8,17.612,hibrido_3niveles_wls_structural
13107,5,13,5.45,7.222,25.785,0.3491,0.7692,0.8,16.881,hibrido_3niveles_wls_structural
13107,6,13,3.502,4.484,14.116,0.2243,0.9231,0.8,17.411,hibrido_3niveles_wls_structural
13107,7,13,6.183,7.006,27.516,0.396,0.6154,0.8,16.086,hibrido_3niveles_wls_structural
13107,8,13,7.398,9.537,26.905,0.4739,0.6923,0.8,16.572,hibrido_3niveles_wls_structural
13108,1,13,8.644,12.213,28.553,0.5393,0.6923,0.8,26.425,hibrido_3niveles_wls_structural
13108,2,13,7.762,9.524,20.514,0.4843,0.7692,0.8,25.594,hibrido_3niveles_wls_structural
13108,3,13,10.179,12.709,20.762,0.6352,0.6154,0.8,26.059,hibrido_3niveles_wls_structural
13108,4,13,8.132,10.002,19.442,0.5074,0.8462,0.8,25.558,hibrido_3niveles_wls_structural
13108,5,13,8.351,12.547,27.267,0.5211,0.7692,0.8,25.138,hibrido_3niveles_wls_structural
13108,6,13,7.405,9.024,20.119,0.4621,0.7692,0.8,26.203,hibrido_3niveles_wls_structural
13108,7,13,8.768,11.417,17.108,0.5471,0.7692,0.8,26.779,hibrido_3niveles_wls_structural
13108,8,13,8.715,10.677,20.05,0.5438,0.7692,0.8,26.962,hibrido_3niveles_wls_structural
13109,1,13,3.031,3.677,38.24,0.7267,0.6154,0.8,7.074,hibrido_3niveles_wls_structural
13109,2,13,1.849,2.099,23.575,0.4433,0.8462,0.8,6.958,hibrido_3niveles_wls_structural
13109,3,13,2.122,2.758,33.368,0.5087,0.7692,0.8,7.068,hibrido_3niveles_wls_structural
13109,4,13,2.647,3.039,34.819,0.6346,0.7692,0.8,7.522,hibrido_3niveles_wls_structural
13109,5,13,2.75,3.271,36.092,0.6594,0.6154,0.8,7.282,hibrido_3niveles_wls_structural
13109,6,13,2.0,2.329,25.613,0.4795,0.6923,0.8,7.128,hibrido_3niveles_wls_structural
13109,7,13,2.301,2.597,39.281,0.5516,0.5385,0.8,6.74,hibrido_3niveles_wls_structural
13109,8,13,2.277,2.852,33.915,0.5458,0.6923,0.8,6.73,hibrido_3niveles_wls_structural
13110,1,13,12.361,15.728,17.8,1.0069,0.6154,0.8,35.83,hibrido_3niveles_wls_structural
13110,2,13,12.258,15.281,12.722,0.9985,0.7692,0.8,34.454,hibrido_3niveles_wls_structural
13110,3,13,13.412,14.961,15.496,1.0925,0.7692,0.8,36.113,hibrido_3niveles_wls_structural
13110,4,13,16.63,19.359,18.717,1.3546,0.7692,0.8,34.786,hibrido_3niveles_wls_structural
13110,5,13,12.369,14.319,17.036,1.0075,0.5385,0.8,36.082,hibrido_3niveles_wls_structural
13110,6,13,12.189,16.131,12.543,0.9929,0.7692,0.8,36.114,hibrido_3niveles_wls_structural
13110,7,13,11.71,15.619,12.893,0.9539,0.6154,0.8,36.969,hibrido_3niveles_wls_structural
13110,8,13,19.333,22.28,21.11,1.5748,0.6154,0.8,35.022,hibrido_3niveles_wls_structural
13111,1,13,7.807,9.605,53.534,1.2984,0.5385,0.8,20.396,hibrido_3niveles_wls_structural
13111,2,13,5.303,6.933,23.933,0.8819,0.6923,0.8,20.561,hibrido_3niveles_wls_structural
13111,3,13,4.679,5.43,15.726,0.7781,0.8462,0.8,19.925,hibrido_3niveles_wls_structural
13111,4,13,6.099,7.546,21.804,1.0143,0.6923,0.8,19.995,hibrido_3niveles_wls_structural
13111,5,13,7.973,9.479,50.47,1.326,0.5385,0.8,18.91,hibrido_3niveles_wls_structural
13111,6,13,5.584,7.593,25.124,0.9287,0.5385,0.8,19.432,hibrido_3niveles_wls_structural
13111,7,13,4.867,5.8,15.957,0.8093,0.8462,0.8,19.373,hibrido_3niveles_wls_structural
13111,8,13,7.27,8.815,23.483,1.209,0.5385,0.8,19.954,hibrido_3niveles_wls_structural
13112,1,13,10.561,12.022,24.996,0.9776,0.7692,0.8,25.262,hibrido_3niveles_wls_structural
13112,2,13,7.961,9.361,16.232,0.737,0.8462,0.8,25.925,hibrido_3niveles_wls_structural
13112,3,13,9.903,12.563,23.996,0.9167,0.6923,0.8,26.522,hibrido_3niveles_wls_structural
13112,4,13,8.105,10.689,20.093,0.7503,0.6923,0.8,26.846,hibrido_3niveles_wls_structural
13112,5,13,10.356,12.329,24.806,0.9587,0.7692,0.8,27.07,hibrido_3niveles_wls_structural
13112,6,13,9.597,10.843,20.839,0.8884,0.7692,0.8,27.451,hibrido_3niveles_wls_structural
13112,7,13,11.582,12.908,27.38,1.0721,0.5385,0.8,27.555,hibrido_3niveles_wls_structural
13112,8,13,9.865,13.657,23.694,0.9132,0.6154,0.8,27.192,hibrido_3niveles_wls_structural
13113,1,13,3.29,3.855,30.383,0.6529,0.7692,0.8,9.488,hibrido_3niveles_wls_structural
13113,2,13,1.78,2.33,15.483,0.3531,0.9231,0.8,8.856,hibrido_3niveles_wls_structural
13113,3,13,2.942,3.316,24.82,0.5838,0.8462,0.8,8.778,hibrido_3niveles_wls_structural
13113,4,13,3.014,3.761,21.089,0.5981,0.6923,0.8,8.244,hibrido_3niveles_wls_structural
13113,5,13,3.497,4.387,28.518,0.694,0.7692,0.8,8.228,hibrido_3niveles_wls_structural
13113,6,13,2.599,3.081,21.216,0.5157,0.7692,0.8,8.463,hibrido_3niveles_wls_structural
13113,7,13,2.26,2.625,16.728,0.4484,0.9231,0.8,8.563,hibrido_3niveles_wls_structural
13113,8,13,3.192,4.12,22.192,0.6333,0.6154,0.8,8.501,hibrido_3niveles_wls_structural
13114,1,13,4.748,5.906,149.5,0.7364,0.6154,0.8,10.246,hibrido_3niveles_wls_structural
13114,2,13,6.115,7.002,224.46,0.9484,0.4615,0.8,10.074,hibrido_3niveles_wls_structural
13114,3,13,4.018,4.306,77.101,0.6233,0.6923,0.8,9.692,hibrido_3niveles_wls_structural
13114,4,13,4.353,5.353,94.419,0.6752,0.6154,0.8,9.501,hibrido_3niveles_wls_structural
13114,5,13,4.608,5.241,136.947,0.7147,0.5385,0.8,9.426,hibrido_3niveles_wls_structural
13114,6,13,6.808,7.377,264.547,1.0559,0.3846,0.8,9.269,hibrido_3niveles_wls_structural
13114,7,13,3.564,3.966,78.553,0.5528,0.6923,0.8,8.542,hibrido_3niveles_wls_structural
13114,8,13,4.87,5.775,110.715,0.7554,0.6154,0.8,9.492,hibrido_3niveles_wls_structural
13115,1,13,1.647,1.94,36.065,0.8974,0.7692,0.8,5.688,hibrido_3niveles_wls_structural
13115,2,13,1.45,2.058,86.334,0.7899,0.8462,0.8,5.347,hibrido_3niveles_wls_structural
13115,3,13,2.365,2.553,119.833,1.2886,0.4615,0.8,4.967,hibrido_3niveles_wls_structural
13115,4,13,1.429,1.928,74.964,0.7785,0.7692,0.8,5.21,hibrido_3niveles_wls_structural
13115,5,13,1.802,2.11,40.256,0.9819,0.7692,0.8,5.115,hibrido_3niveles_wls_structural
13115,6,13,1.799,2.209,96.904,0.9801,0.6923,0.8,5.147,hibrido_3niveles_wls_structural
13115,7,13,2.673,2.944,137.194,1.4564,0.4615,0.8,5.254,hibrido_3niveles_wls_structural
13115,8,13,1.936,2.274,98.95,1.0545,0.5385,0.8,5.203,hibrido_3niveles_wls_structural
13116,1,13,4.525,5.895,16.306,0.5065,0.9231,0.8,17.324,hibrido_3niveles_wls_structural
13116,2,13,6.707,7.7,21.886,0.7508,0.6154,0.8,17.901,hibrido_3niveles_wls_structural
13116,3,13,4.954,6.116,14.955,0.5545,0.6923,0.8,16.773,hibrido_3niveles_wls_structural
13116,4,13,3.949,5.736,10.401,0.442,0.7692,0.8,16.602,hibrido_3niveles_wls_structural
13116,5,13,5.229,6.923,18.751,0.5852,0.7692,0.8,16.378,hibrido_3niveles_wls_structural
13116,6,13,7.128,7.929,24.469,0.7978,0.4615,0.8,16.563,hibrido_3niveles_wls_structural
13116,7,13,4.043,5.054,11.373,0.4526,0.8462,0.8,16.792,hibrido_3niveles_wls_structural
13116,8,13,3.42,4.857,9.279,0.3828,0.8462,0.8,16.769,hibrido_3niveles_wls_structural
13117,1,13,6.846,9.616,19.288,0.9168,0.7692,0.8,19.826,hibrido_3niveles_wls_structural
13117,2,13,6.525,9.445,14.184,0.8738,0.6154,0.8,18.903,hibrido_3niveles_wls_structural
13117,3,13,3.929,4.747,11.713,0.5262,0.8462,0.8,19.653,hibrido_3niveles_wls_structural
13117,4,13,5.927,7.408,15.511,0.7938,0.6923,0.8,19.692,hibrido_3niveles_wls_structural
13117,5,13,6.358,8.556,17.712,0.8515,0.7692,0.8,19.575,hibrido_3niveles_wls_structural
13117,6,13,6.015,9.689,13.747,0.8056,0.8462,0.8,19.204,hibrido_3niveles_wls_structural
13117,7,13,5.766,6.539,16.318,0.7722,0.6154,0.8,19.717,hibrido_3niveles_wls_structural
13117,8,13,6.014,6.829,16.014,0.8054,0.6923,0.8,19.387,hibrido_3niveles_wls_structural
13118,1,13,3.57,4.68,63.067,0.7284,0.6154,0.8,9.464,hibrido_3niveles_wls_structural
13118,2,13,3.985,4.46,54.466,0.8131,0.5385,0.8,9.057,hibrido_3niveles_wls_structural
13118,3,13,3.538,4.075,69.948,0.7218,0.6923,0.8,9.331,hibrido_3niveles_wls_structural
13118,4,13,3.06,3.557,56.957,0.6243,0.6923,0.8,9.01,hibrido_3niveles_wls_structural
13118,5,13,3.453,4.511,68.923,0.7044,0.6923,0.8,9.031,hibrido_3niveles_wls_structural
13118,6,13,4.895,7.363,51.31,0.9986,0.6923,0.8,8.579,hibrido_3niveles_wls_structural
13118,7,13,2.807,3.429,53.228,0.5727,0.6154,0.8,8.685,hibrido_3niveles_wls_structural
13118,8,13,3.025,3.45,55.696,0.6172,0.7692,0.8,8.988,hibrido_3niveles_wls_structural
13119,1,13,13.047,15.316,17.401,0.8582,0.6923,0.8,33.943,hibrido_3niveles_wls_structural
13119,2,13,9.346,11.865,10.936,0.6147,0.6923,0.8,33.565,hibrido_3niveles_wls_structural
13119,3,13,11.178,13.19,12.847,0.7352,0.5385,0.8,34.565,hibrido_3niveles_wls_structural
13119,4,13,12.657,14.473,13.477,0.8325,0.6923,0.8,36.08,hibrido_3niveles_wls_structural
13119,5,13,14.261,17.879,19.42,0.938,0.4615,0.8,35.342,hibrido_3niveles_wls_structural
13119,6,13,13.637,16.384,16.017,0.8969,0.5385,0.8,35.396,hibrido_3niveles_wls_structural
13119,7,13,15.06,18.058,17.276,0.9905,0.4615,0.8,38.489,hibrido_3niveles_wls_structural
13119,8,13,13.914,16.865,15.005,0.9151,0.6154,0.8,36.366,hibrido_3niveles_wls_structural
13120,1,13,6.777,8.129,29.59,0.862,0.6154,0.8,15.778,hibrido_3niveles_wls_structural
13120,2,13,6.545,8.249,24.32,0.8326,0.6923,0.8,15.265,hibrido_3niveles_wls_structural
13120,3,13,6.189,7.082,18.708,0.7872,0.6923,0.8,16.27,hibrido_3niveles_wls_structural
13120,4,13,4.252,5.098,16.028,0.5409,0.8462,0.8,16.789,hibrido_3niveles_wls_structural
13120,5,13,6.688,7.586,29.079,0.8507,0.6154,0.8,17.468,hibrido_3niveles_wls_structural
13120,6,13,6.725,9.047,25.66,0.8554,0.7692,0.8,17.082,hibrido_3niveles_wls_structural
13120,7,13,5.963,7.232,18.162,0.7584,0.6923,0.8,17.298,hibrido_3niveles_wls_structural
13120,8,13,4.872,5.869,18.752,0.6198,0.8462,0.8,16.78,hibrido_3niveles_wls_structural
13121,1,13,7.215,9.75,29.223,0.9309,0.6154,0.8,17.722,hibrido_3niveles_wls_structural
13121,2,13,7.243,8.136,26.6,0.9345,0.5385,0.8,16.228,hibrido_3niveles_wls_structural
13121,3,13,4.446,5.211,13.912,0.5737,0.8462,0.8,16.808,hibrido_3niveles_wls_structural
13121,4,13,5.836,7.067,16.615,0.7531,0.6154,0.8,16.757,hibrido_3niveles_wls_structural
13121,5,13,6.948,8.901,28.088,0.8965,0.6923,0.8,16.024,hibrido_3niveles_wls_structural
13121,6,13,6.569,7.572,24.147,0.8477,0.6154,0.8,16.521,hibrido_3niveles_wls_structural
13121,7,13,4.444,5.138,14.566,0.5734,0.6923,0.8,16.103,hibrido_3niveles_wls_structural
13121,8,13,6.32,7.1,18.936,0.8155,0.4615,0.8,15.839,hibrido_3niveles_wls_structural
13122,1,13,9.859,13.119,23.646,0.7194,0.6154,0.8,26.425,hibrido_3niveles_wls_structural
13122,2,13,5.498,6.649,10.8,0.4012,0.8462,0.8,28.486,hibrido_3niveles_wls_structural
13122,3,13,8.29,10.134,16.867,0.6049,0.8462,0.8,29.005,hibrido_3niveles_wls_structural
13122,4,13,9.069,11.388,17.435,0.6618,0.7692,0.8,28.484,hibrido_3niveles_wls_structural
13122,5,13,9.68,13.047,23.09,0.7064,0.7692,0.8,28.653,hibrido_3niveles_wls_structural
13122,6,13,6.061,7.126,11.182,0.4423,0.8462,0.8,26.418,hibrido_3niveles_wls_structural
13122,7,13,7.059,8.079,13.257,0.5151,0.7692,0.8,26.863,hibrido_3niveles_wls_structural
13122,8,13,9.174,11.151,16.668,0.6694,0.7692,0.8,25.083,hibrido_3niveles_wls_structural
13123,1,13,12.347,15.353,28.817,0.8737,0.7692,0.8,31.161,hibrido_3niveles_wls_structural
13123,2,13,8.206,10.289,15.828,0.5807,0.8462,0.8,30.859,hibrido_3niveles_wls_structural
13123,3,13,8.73,10.736,17.195,0.6178,0.6154,0.8,30.81,hibrido_3niveles_wls_structural
13123,4,13,16.291,29.562,21.984,1.1528,0.6923,0.8,28.629,hibrido_3niveles_wls_structural
13123,5,13,10.042,13.621,25.229,0.7106,0.6923,0.8,26.68,hibrido_3niveles_wls_structural
13123,6,13,11.222,12.661,21.487,0.7941,0.6154,0.8,27.481,hibrido_3niveles_wls_structural
13123,7,13,8.916,10.746,16.797,0.6309,0.6923,0.8,26.367,hibrido_3niveles_wls_structural
13123,8,13,16.726,30.644,22.642,1.1836,0.4615,0.8,27.648,hibrido_3niveles_wls_structural
13124,1,13,9.703,12.601,23.627,0.7237,0.7692,0.8,24.932,hibrido_3niveles_wls_structural
13124,2,13,9.063,10.298,17.92,0.6759,0.4615,0.8,23.647,hibrido_3niveles_wls_structural
13124,3,13,6.663,7.885,12.842,0.4969,0.8462,0.8,24.586,hibrido_3niveles_wls_structural
13124,4,13,8.482,11.713,14.722,0.6326,0.7692,0.8,23.313,hibrido_3niveles_wls_structural
13124,5,13,8.702,12.97,22.001,0.649,0.6923,0.8,23.216,hibrido_3niveles_wls_structural
13124,6,13,9.23,10.458,17.756,0.6884,0.6154,0.8,22.635,hibrido_3niveles_wls_structural
13124,7,13,7.82,10.331,14.081,0.5833,0.6154,0.8,22.071,hibrido_3niveles_wls_structural
13124,8,13,7.327,9.928,14.063,0.5465,0.7692,0.8,20.904,hibrido_3niveles_wls_structural
13125,1,13,12.113,14.941,24.139,1.0908,0.6923,0.8,26.306,hibrido_3niveles_wls_structural
13125,2,13,7.75,10.428,13.284,0.6979,0.6923,0.8,24.71,hibrido_3niveles_wls_structural
13125,3,13,7.929,8.971,14.391,0.714,0.9231,0.8,24.906,hibrido_3niveles_wls_structural
13125,4,13,8.043,9.871,13.431,0.7242,0.7692,0.8,24.458,hibrido_3niveles_wls_structural
13125,5,13,12.238,14.115,24.341,1.102,0.6154,0.8,24.628,hibrido_3niveles_wls_structural
13125,6,13,10.342,13.317,18.916,0.9313,0.6154,0.8,23.796,hibrido_3niveles_wls_structural
13125,7,13,9.168,10.495,17.142,0.8255,0.7692,0.8,25.038,hibrido_3niveles_wls_structural
13125,8,13,8.377,10.335,15.114,0.7543,0.6154,0.8,22.961,hibrido_3niveles_wls_structural
13126,1,13,2.635,3.559,15.499,0.433,0.8462,0.8,12.591,hibrido_3niveles_wls_structural
13126,2,13,5.032,5.846,28.705,0.8269,0.6154,0.8,12.555,hibrido_3niveles_wls_structural
13126,3,13,1.908,2.579,9.656,0.3136,0.9231,0.8,12.781,hibrido_3niveles_wls_structural
13126,4,13,4.043,5.167,25.658,0.6644,0.6154,0.8,13.345,hibrido_3niveles_wls_structural
13126,5,13,4.143,5.317,24.583,0.6807,0.6923,0.8,13.673,hibrido_3niveles_wls_structural
13126,6,13,5.121,5.911,29.616,0.8415,0.6154,0.8,12.764,hibrido_3niveles_wls_structural
13126,7,13,2.637,3.584,12.789,0.4333,0.8462,0.8,13.286,hibrido_3niveles_wls_structural
13126,8,13,4.584,5.564,27.017,0.7533,0.6923,0.8,13.121,hibrido_3niveles_wls_structural
13127,1,13,53.082,77.743,18.416,0.5938,0.7692,0.8,136.491,hibrido_3niveles_wls_structural
13127,2,13,45.582,56.476,12.334,0.5099,0.6154,0.8,140.341,hibrido_3niveles_wls_structural
13127,3,13,49.44,56.791,13.511,0.5531,0.7692,0.8,143.052,hibrido_3niveles_wls_structural
13127,4,13,38.642,45.949,10.205,0.4323,0.7692,0.8,126.788,hibrido_3niveles_wls_structural
13127,5,13,58.65,80.913,19.557,0.6561,0.6154,0.8,127.226,hibrido_3niveles_wls_structural
13127,6,13,42.628,51.168,11.739,0.4769,0.6923,0.8,120.094,hibrido_3niveles_wls_structural
13127,7,13,50.301,58.266,13.656,0.5627,0.6923,0.8,125.541,hibrido_3niveles_wls_structural
13127,8,13,34.26,42.119,8.736,0.3832,0.8462,0.8,125.569,hibrido_3niveles_wls_structural
13128,1,13,7.999,10.119,22.722,0.8856,0.6154,0.8,21.092,hibrido_3niveles_wls_structural
13128,2,13,8.45,10.142,25.997,0.9354,0.5385,0.8,19.797,hibrido_3niveles_wls_structural
13128,3,13,5.395,6.647,16.497,0.5973,0.9231,0.8,20.45,hibrido_3niveles_wls_structural
13128,4,13,3.893,4.676,10.677,0.4309,0.9231,0.8,19.923,hibrido_3niveles_wls_structural
13128,5,13,7.334,10.213,21.062,0.812,0.7692,0.8,19.478,hibrido_3niveles_wls_structural
13128,6,13,8.829,10.438,27.068,0.9774,0.5385,0.8,18.933,hibrido_3niveles_wls_structural
13128,7,13,5.558,6.835,17.614,0.6153,0.8462,0.8,19.176,hibrido_3niveles_wls_structural
13128,8,13,3.007,3.72,7.968,0.3329,0.9231,0.8,19.151,hibrido_3niveles_wls_structural
13129,1,13,4.64,6.063,31.22,0.874,0.6923,0.8,12.158,hibrido_3niveles_wls_structural
13129,2,13,2.83,4.149,18.857,0.5331,0.8462,0.8,11.628,hibrido_3niveles_wls_structural
13129,3,13,3.985,4.678,34.749,0.7507,0.7692,0.8,12.245,hibrido_3niveles_wls_structural
13129,4,13,3.891,5.039,29.842,0.7329,0.7692,0.8,11.977,hibrido_3niveles_wls_structural
13129,5,13,3.649,4.885,28.97,0.6872,0.6923,0.8,12.016,hibrido_3niveles_wls_structural
13129,6,13,3.201,4.104,21.018,0.6029,0.7692,0.8,11.541,hibrido_3niveles_wls_structural
13129,7,13,4.206,5.234,37.728,0.7922,0.6154,0.8,11.191,hibrido_3niveles_wls_structural
13129,8,13,4.163,5.375,31.394,0.7841,0.7692,0.8,10.884,hibrido_3niveles_wls_structural
13130,1,13,9.222,14.561,16.749,0.4487,0.8462,0.8,28.595,hibrido_3niveles_wls_structural
13130,2,13,9.747,12.126,16.574,0.4742,0.6923,0.8,26.066,hibrido_3niveles_wls_structural
13130,3,13,8.088,9.638,10.577,0.3935,0.6923,0.8,26.689,hibrido_3niveles_wls_structural
13130,4,13,10.585,12.373,14.979,0.515,0.7692,0.8,27.161,hibrido_3niveles_wls_structural
13130,5,13,11.666,16.75,20.722,0.5676,0.6154,0.8,26.655,hibrido_3niveles_wls_structural
13130,6,13,11.666,14.614,19.729,0.5676,0.6923,0.8,25.953,hibrido_3niveles_wls_structural
13130,7,13,9.133,10.654,12.917,0.4444,0.6154,0.8,24.388,hibrido_3niveles_wls_structural
13130,8,13,9.306,11.621,13.551,0.4528,0.6923,0.8,24.036,hibrido_3niveles_wls_structural
13131,1,13,8.485,11.262,16.64,0.4671,0.8462,0.8,28.524,hibrido_3niveles_wls_structural
13131,2,13,6.16,7.73,11.094,0.3391,0.8462,0.8,26.995,hibrido_3niveles_wls_structural
13131,3,13,9.855,13.102,14.308,0.5425,0.6154,0.8,28.392,hibrido_3niveles_wls_structural
13131,4,13,10.257,13.384,15.078,0.5647,0.6923,0.8,27.475,hibrido_3niveles_wls_structural
13131,5,13,8.33,11.429,16.309,0.4586,0.7692,0.8,29.707,hibrido_3niveles_wls_structural
13131,6,13,6.848,8.183,11.706,0.377,0.8462,0.8,27.19,hibrido_3niveles_wls_structural
13131,7,13,9.247,12.726,12.943,0.5091,0.7692,0.8,27.498,hibrido_3niveles_wls_structural
13131,8,13,11.626,13.965,16.718,0.6401,0.6154,0.8,28.467,hibrido_3niveles_wls_structural
13201,1,13,12.289,18.924,12.907,0.4608,0.8462,0.8,31.756,hibrido_3niveles_wls_structural
13201,2,13,10.549,12.052,9.057,0.3955,0.7692,0.8,32.436,hibrido_3niveles_wls_structural
13201,3,13,8.371,10.078,7.303,0.3139,0.8462,0.8,31.563,hibrido_3niveles_wls_structural
13201,4,13,9.694,12.932,7.883,0.3635,0.6923,0.8,30.669,hibrido_3niveles_wls_structural
13201,5,13,13.258,19.273,13.432,0.4971,0.6154,0.8,32.337,hibrido_3niveles_wls_structural
13201,6,13,10.181,12.159,8.633,0.3817,0.7692,0.8,30.724,hibrido_3niveles_wls_structural
13201,7,13,10.438,12.25,9.043,0.3914,0.6154,0.8,30.036,hibrido_3niveles_wls_structural
13201,8,13,10.919,13.974,8.561,0.4094,0.6154,0.8,29.504,hibrido_3niveles_wls_structural
13202,1,13,1.943,2.437,68.216,0.6014,0.7692,0.8,5.933,hibrido_3niveles_wls_structural
13202,2,13,2.033,2.382,40.604,0.6295,0.7692,0.8,5.657,hibrido_3niveles_wls_structural
13202,3,13,2.247,2.499,48.105,0.6958,0.5385,0.8,5.845,hibrido_3niveles_wls_structural
13202,4,13,3.349,4.249,76.374,1.0368,0.6154,0.8,5.576,hibrido_3niveles_wls_structural
13202,5,13,2.078,2.432,71.967,0.6432,0.6923,0.8,5.723,hibrido_3niveles_wls_structural
13202,6,13,1.861,2.825,52.393,0.5761,0.7692,0.8,5.473,hibrido_3niveles_wls_structural
13202,7,13,2.239,2.657,46.749,0.6931,0.6923,0.8,5.583,hibrido_3niveles_wls_structural
13202,8,13,3.773,4.265,99.887,1.1681,0.3077,0.8,5.486,hibrido_3niveles_wls_structural
13203,1,13,2.717,3.501,44.019,0.693,0.6154,0.8,7.119,hibrido_3niveles_wls_structural
13203,2,13,2.94,3.423,60.845,0.7497,0.7692,0.8,7.253,hibrido_3niveles_wls_structural
13203,3,13,2.729,3.298,28.558,0.6961,0.8462,0.8,7.379,hibrido_3niveles_wls_structural
13203,4,13,2.006,2.264,26.474,0.5116,0.9231,0.8,7.438,hibrido_3niveles_wls_structural
13203,5,13,3.049,3.895,43.143,0.7776,0.5385,0.8,7.52,hibrido_3niveles_wls_structural
13203,6,13,4.077,4.499,123.861,1.0397,0.4615,0.8,7.414,hibrido_3niveles_wls_structural
13203,7,13,2.475,3.304,25.015,0.6312,0.8462,0.8,7.192,hibrido_3niveles_wls_structural
13203,8,13,1.779,2.239,24.544,0.4537,0.9231,0.8,7.196,hibrido_3niveles_wls_structural
13301,1,13,7.787,10.616,25.962,0.3927,0.6923,0.8,20.282,hibrido_3niveles_wls_structural
13301,2,13,7.186,8.925,25.863,0.3624,0.8462,0.8,19.054,hibrido_3niveles_wls_structural
13301,3,13,5.671,8.011,17.585,0.286,0.8462,0.8,18.927,hibrido_3niveles_wls_structural
13301,4,13,6.955,8.328,18.379,0.3508,0.6923,0.8,18.099,hibrido_3niveles_wls_structural
13301,5,13,7.378,10.74,26.274,0.3721,0.6923,0.8,18.578,hibrido_3niveles_wls_structural
13301,6,13,8.054,10.4,29.881,0.4062,0.6923,0.8,19.237,hibrido_3niveles_wls_structural
13301,7,13,6.505,9.144,20.141,0.3281,0.7692,0.8,19.427,hibrido_3niveles_wls_structural
13301,8,13,7.362,8.628,20.528,0.3713,0.6923,0.8,19.518,hibrido_3niveles_wls_structural
13302,1,13,7.267,8.943,21.116,0.5346,0.8462,0.8,22.69,hibrido_3niveles_wls_structural
13302,2,13,7.99,10.372,20.062,0.5879,0.6154,0.8,23.556,hibrido_3niveles_wls_structural
13302,3,13,5.474,7.258,16.603,0.4027,0.8462,0.8,23.651,hibrido_3niveles_wls_structural
13302,4,13,5.88,7.979,13.188,0.4326,0.8462,0.8,22.832,hibrido_3niveles_wls_structural
13302,5,13,6.12,8.16,16.294,0.4503,0.6923,0.8,22.626,hibrido_3niveles_wls_structural
13302,6,13,8.8,11.368,21.808,0.6474,0.6154,0.8,22.02,hibrido_3niveles_wls_structural
13302,7,13,3.923,5.811,11.102,0.2886,1.0,0.8,23.202,hibrido_3niveles_wls_structural
13302,8,13,6.144,8.483,14.216,0.452,0.6923,0.8,22.717,hibrido_3niveles_wls_structural
13303,1,13,2.102,2.482,35.632,0.4188,0.9231,0.8,8.095,hibrido_3niveles_wls_structural
13303,2,13,3.989,4.594,85.719,0.7947,0.4615,0.8,8.203,hibrido_3niveles_wls_structural
13303,3,13,3.819,4.303,43.286,0.7607,0.4615,0.8,7.891,hibrido_3niveles_wls_structural
13303,4,13,2.989,3.841,60.42,0.5955,0.8462,0.8,8.038,hibrido_3niveles_wls_structural
13303,5,13,1.932,2.65,36.715,0.3849,0.9231,0.8,8.132,hibrido_3niveles_wls_structural
13303,6,13,3.871,4.71,91.143,0.7712,0.6154,0.8,8.128,hibrido_3niveles_wls_structural
13303,7,13,3.009,3.304,36.84,0.5994,0.6154,0.8,8.036,hibrido_3niveles_wls_structural
13303,8,13,2.193,2.843,41.63,0.4369,0.9231,0.8,8.04,hibrido_3niveles_wls_structural
13401,1,13,13.742,16.964,16.904,0.8214,0.5385,0.8,31.278,hibrido_3niveles_wls_structural
13401,2,13,8.201,9.274,9.544,0.4902,1.0,0.8,31.613,hibrido_3niveles_wls_structural
13401,3,13,9.71,11.088,10.549,0.5804,0.8462,0.8,33.979,hibrido_3niveles_wls_structural
13401,4,13,17.108,26.403,15.213,1.0226,0.7692,0.8,33.703,hibrido_3niveles_wls_structural
13401,5,13,12.949,14.536,15.816,0.774,0.5385,0.8,33.935,hibrido_3niveles_wls_structural
13401,6,13,9.222,10.565,10.856,0.5512,0.9231,0.8,33.607,hibrido_3niveles_wls_structural
13401,7,13,10.043,11.629,10.777,0.6003,0.8462,0.8,32.283,hibrido_3niveles_wls_structural
13401,8,13,11.89,16.678,11.85,0.7107,0.7692,0.8,31.284,hibrido_3niveles_wls_structural
13402,1,13,6.45,7.654,20.616,0.9044,0.6154,0.8,16.447,hibrido_3niveles_wls_structural
13402,2,13,5.152,5.973,23.074,0.7224,0.6923,0.8,16.067,hibrido_3niveles_wls_structural
13402,3,13,4.004,5.611,13.772,0.5614,0.7692,0.8,16.791,hibrido_3niveles_wls_structural
13402,4,13,5.622,6.54,24.17,0.7883,0.6154,0.8,15.892,hibrido_3niveles_wls_structural
13402,5,13,5.705,6.964,18.063,0.7999,0.6154,0.8,16.572,hibrido_3niveles_wls_structural
13402,6,13,5.702,6.721,26.088,0.7996,0.6923,0.8,15.695,hibrido_3niveles_wls_structural
13402,7,13,5.228,6.465,18.279,0.7331,0.7692,0.8,15.827,hibrido_3niveles_wls_structural
13402,8,13,5.503,6.709,23.503,0.7717,0.6923,0.8,16.989,hibrido_3niveles_wls_structural
13403,1,13,1.967,2.46,32.466,0.9934,0.8462,0.8,6.554,hibrido_3niveles_wls_structural
13403,2,13,2.813,3.182,89.175,1.4206,0.5385,0.8,6.723,hibrido_3niveles_wls_structural
13403,3,13,1.941,2.466,91.223,0.9802,0.6923,0.8,6.814,hibrido_3niveles_wls_structural
13403,4,13,2.621,3.092,120.803,1.3236,0.5385,0.8,6.936,hibrido_3niveles_wls_structural
13403,5,13,2.13,2.446,60.437,1.0757,0.8462,0.8,6.815,hibrido_3niveles_wls_structural
13403,6,13,2.254,2.583,74.926,1.1384,0.8462,0.8,6.828,hibrido_3niveles_wls_structural
13403,7,13,1.945,2.597,70.325,0.9822,0.7692,0.8,6.573,hibrido_3niveles_wls_structural
13403,8,13,2.684,3.242,129.343,1.3556,0.5385,0.8,6.813,hibrido_3niveles_wls_structural
13404,1,13,3.584,4.926,51.625,0.7609,0.6154,0.8,10.1,hibrido_3niveles_wls_structural
13404,2,13,3.043,3.671,23.295,0.6461,0.8462,0.8,8.979,hibrido_3niveles_wls_structural
13404,3,13,2.489,3.158,17.52,0.5283,0.8462,0.8,9.644,hibrido_3niveles_wls_structural
13404,4,13,3.571,4.698,116.856,0.7581,0.6923,0.8,9.737,hibrido_3niveles_wls_structural
13404,5,13,3.377,4.757,49.844,0.717,0.6154,0.8,10.201,hibrido_3niveles_wls_structural
13404,6,13,3.817,4.24,29.617,0.8104,0.6923,0.8,9.518,hibrido_3niveles_wls_structural
13404,7,13,1.961,2.747,14.62,0.4163,0.9231,0.8,9.662,hibrido_3niveles_wls_structural
13404,8,13,3.69,5.04,136.379,0.7834,0.7692,0.8,9.751,hibrido_3niveles_wls_structural
13501,1,13,4.599,6.038,10.143,0.4563,0.8462,0.8,19.496,hibrido_3niveles_wls_structural
13501,2,13,8.932,10.789,22.899,0.8862,0.6923,0.8,19.221,hibrido_3niveles_wls_structural
13501,3,13,4.995,5.977,10.51,0.4956,0.8462,0.8,17.996,hibrido_3niveles_wls_structural
13501,4,13,6.366,8.759,12.047,0.6316,0.6154,0.8,17.969,hibrido_3niveles_wls_structural
13501,5,13,5.725,6.615,12.792,0.568,0.6923,0.8,18.282,hibrido_3niveles_wls_structural
13501,6,13,7.798,10.103,20.675,0.7736,0.6923,0.8,19.077,hibrido_3niveles_wls_structural
13501,7,13,5.66,6.628,11.827,0.5615,0.8462,0.8,18.655,hibrido_3niveles_wls_structural
13501,8,13,6.658,8.227,13.098,0.6606,0.6154,0.8,18.345,hibrido_3niveles_wls_structural
13502,1,13,1.35,1.548,71.812,0.9199,0.7692,0.8,4.338,hibrido_3niveles_wls_structural
13502,2,13,1.775,2.257,132.98,1.21,0.5385,0.8,4.191,hibrido_3niveles_wls_structural
13502,3,13,1.692,2.01,75.777,1.1533,0.6154,0.8,4.495,hibrido_3niveles_wls_structural
13502,4,13,1.664,2.421,73.143,1.1339,0.6154,0.8,4.167,hibrido_3niveles_wls_structural
13502,5,13,1.171,1.422,60.325,0.7982,0.6923,0.8,3.977,hibrido_3niveles_wls_structural
13502,6,13,2.291,2.706,138.546,1.5618,0.3846,0.8,4.068,hibrido_3niveles_wls_structural
13502,7,13,2.232,2.634,110.578,1.5215,0.4615,0.8,4.077,hibrido_3niveles_wls_structural
13502,8,13,1.515,1.952,84.615,1.0323,0.6154,0.8,4.038,hibrido_3niveles_wls_structural
13503,1,13,3.899,4.558,20.497,0.694,0.7692,0.8,11.053,hibrido_3niveles_wls_structural
13503,2,13,4.012,5.556,21.302,0.7142,0.7692,0.8,11.261,hibrido_3niveles_wls_structural
13503,3,13,3.504,4.341,18.997,0.6237,0.6923,0.8,11.488,hibrido_3niveles_wls_structural
13503,4,13,3.339,4.474,16.272,0.5943,0.7692,0.8,11.373,hibrido_3niveles_wls_structural
13503,5,13,3.693,4.682,19.544,0.6573,0.7692,0.8,11.291,hibrido_3niveles_wls_structural
13503,6,13,4.427,5.797,24.496,0.7879,0.6923,0.8,11.163,hibrido_3niveles_wls_structural
13503,7,13,3.285,4.225,16.932,0.5846,0.7692,0.8,11.23,hibrido_3niveles_wls_structural
13503,8,13,3.828,5.05,19.551,0.6812,0.6154,0.8,11.105,hibrido_3niveles_wls_structural
13504,1,13,3.339,3.783,116.151,1.1721,0.3846,0.8,5.858,hibrido_3niveles_wls_structural
13504,2,13,2.88,3.127,61.399,1.0111,0.3846,0.8,5.775,hibrido_3niveles_wls_structural
13504,3,13,1.932,2.416,47.509,0.6783,0.6923,0.8,5.602,hibrido_3niveles_wls_structural
13504,4,13,1.505,1.831,32.256,0.5284,0.8462,0.8,5.623,hibrido_3niveles_wls_structural
13504,5,13,3.408,3.603,120.313,1.1962,0.3846,0.8,5.722,hibrido_3niveles_wls_structural
13504,6,13,2.727,3.131,62.055,0.9573,0.4615,0.8,5.166,hibrido_3niveles_wls_structural
13504,7,13,2.339,2.709,53.18,0.8212,0.4615,0.8,5.47,hibrido_3niveles_wls_structural
13504,8,13,1.794,2.246,43.289,0.6297,0.6154,0.8,5.297,hibrido_3niveles_wls_structural
13505,1,13,1.469,1.733,80.696,0.557,0.6154,0.8,6.117,hibrido_3niveles_wls_structural
13505,2,13,3.022,3.463,56.438,1.1456,0.5385,0.8,6.296,hibrido_3niveles_wls_structural
13505,3,13,1.689,2.296,91.292,0.64,0.6923,0.8,6.439,hibrido_3niveles_wls_structural
13505,4,13,1.79,2.029,57.354,0.6786,0.7692,0.8,5.9,hibrido_3niveles_wls_structural
13505,5,13,1.557,2.034,95.46,0.5902,0.6154,0.8,6.04,hibrido_3niveles_wls_structural
13505,6,13,2.41,3.026,45.214,0.9137,0.8462,0.8,6.005,hibrido_3niveles_wls_structural
13505,7,13,2.444,2.982,117.824,0.9262,0.4615,0.8,6.172,hibrido_3niveles_wls_structural
13505,8,13,1.927,2.357,67.29,0.7303,0.6154,0.8,6.062,hibrido_3niveles_wls_structural
13601,1,13,7.818,10.527,19.349,0.9796,0.5385,0.8,18.734,hibrido_3niveles_wls_structural
13601,2,13,6.17,7.235,14.01,0.7732,0.8462,0.8,19.534,hibrido_3niveles_wls_structural
13601,3,13,6.17,7.481,14.748,0.7731,0.7692,0.8,19.29,hibrido_3niveles_wls_structural
13601,4,13,4.775,5.401,11.296,0.5983,0.8462,0.8,19.262,hibrido_3niveles_wls_structural
13601,5,13,7.933,10.334,19.948,0.994,0.6154,0.8,18.112,hibrido_3niveles_wls_structural
13601,6,13,5.102,6.199,11.764,0.6394,0.8462,0.8,16.952,hibrido_3niveles_wls_structural
13601,7,13,7.027,8.596,16.568,0.8805,0.6923,0.8,17.804,hibrido_3niveles_wls_structural
13601,8,13,3.62,4.544,8.585,0.4536,0.8462,0.8,18.379,hibrido_3niveles_wls_structural
13602,1,13,2.672,3.383,48.454,0.5963,0.6923,0.8,7.533,hibrido_3niveles_wls_structural
13602,2,13,3.164,4.05,39.142,0.7062,0.7692,0.8,7.711,hibrido_3niveles_wls_structural
13602,3,13,2.787,3.454,54.875,0.6221,0.6154,0.8,7.646,hibrido_3niveles_wls_structural
13602,4,13,3.369,4.028,73.025,0.752,0.5385,0.8,7.831,hibrido_3niveles_wls_structural
13602,5,13,2.62,3.292,47.376,0.5848,0.5385,0.8,7.763,hibrido_3niveles_wls_structural
13602,6,13,3.545,4.356,45.481,0.7913,0.5385,0.8,7.751,hibrido_3niveles_wls_structural
13602,7,13,3.56,4.075,72.078,0.7946,0.6154,0.8,7.387,hibrido_3niveles_wls_structural
13602,8,13,3.172,4.214,80.025,0.708,0.6154,0.8,7.521,hibrido_3niveles_wls_structural
13603,1,13,4.136,5.701,21.237,0.726,0.7692,0.8,12.566,hibrido_3niveles_wls_structural
13603,2,13,4.589,5.652,24.51,0.8055,0.6923,0.8,12.656,hibrido_3niveles_wls_structural
13603,3,13,5.247,5.765,35.142,0.9209,0.4615,0.8,12.625,hibrido_3niveles_wls_structural
13603,4,13,4.133,5.439,22.711,0.7255,0.7692,0.8,12.446,hibrido_3niveles_wls_structural
13603,5,13,4.331,6.212,21.864,0.7602,0.8462,0.8,12.16,hibrido_3niveles_wls_structural
13603,6,13,4.551,5.682,21.71,0.7988,0.6154,0.8,11.968,hibrido_3niveles_wls_structural
13603,7,13,6.158,6.432,41.211,1.0809,0.3846,0.8,12.267,hibrido_3niveles_wls_structural
13603,8,13,4.039,5.445,21.626,0.709,0.7692,0.8,12.266,hibrido_3niveles_wls_structural
13604,1,13,4.625,6.591,21.033,0.5674,0.8462,0.8,17.426,hibrido_3niveles_wls_structural
13604,2,13,7.308,7.534,27.176,0.8965,0.6154,0.8,17.693,hibrido_3niveles_wls_structural
13604,3,13,7.85,9.675,25.767,0.963,0.3846,0.8,17.21,hibrido_3niveles_wls_structural
13604,4,13,5.272,5.979,21.011,0.6468,0.7692,0.8,18.018,hibrido_3niveles_wls_structural
13604,5,13,4.344,5.695,19.143,0.5329,0.8462,0.8,17.526,hibrido_3niveles_wls_structural
13604,6,13,6.914,7.73,26.098,0.8482,0.6923,0.8,16.937,hibrido_3niveles_wls_structural
13604,7,13,8.26,10.028,25.974,1.0133,0.4615,0.8,17.485,hibrido_3niveles_wls_structural
13604,8,13,4.699,5.19,18.884,0.5765,0.8462,0.8,17.275,hibrido_3niveles_wls_structural
13605,1,13,7.269,10.762,19.486,0.6041,0.7692,0.8,21.081,hibrido_3niveles_wls_structural
13605,2,13,5.933,7.45,15.6,0.4931,0.7692,0.8,21.714,hibrido_3niveles_wls_structural
13605,3,13,6.617,8.414,15.183,0.5499,0.7692,0.8,22.116,hibrido_3niveles_wls_structural
13605,4,13,6.361,7.952,18.553,0.5286,0.8462,0.8,23.265,hibrido_3niveles_wls_structural
13605,5,13,7.641,10.553,19.599,0.635,0.6923,0.8,22.745,hibrido_3niveles_wls_structural
13605,6,13,6.775,8.144,17.067,0.5631,0.8462,0.8,22.387,hibrido_3niveles_wls_structural
13605,7,13,6.767,8.712,15.94,0.5624,0.7692,0.8,22.076,hibrido_3niveles_wls_structural
13605,8,13,7.437,8.51,21.477,0.618,0.7692,0.8,21.098,hibrido_3niveles_wls_structural
RM,1,13,182.387,315.672,11.205,0.8205,0.9231,0.8,571.923,hibrido_3niveles_wls_structural
RM,2,13,121.891,143.39,5.963,0.5484,0.9231,0.8,553.538,hibrido_3niveles_wls_structural
RM,3,13,109.58,118.748,5.132,0.493,1.0,0.8,579.615,hibrido_3niveles_wls_structural
RM,4,13,89.083,119.852,4.058,0.4008,1.0,0.8,535.615,hibrido_3niveles_wls_structural
RM,5,13,180.1,327.456,11.242,0.8103,0.9231,0.8,529.615,hibrido_3niveles_wls_structural
RM,6,13,142.977,168.998,7.005,0.6432,0.9231,0.8,532.615,hibrido_3niveles_wls_structural
RM,7,13,105.806,116.808,4.921,0.476,1.0,0.8,564.231,hibrido_3niveles_wls_structural
RM,8,13,98.844,120.498,4.487,0.4447,1.0,0.8,545.077,hibrido_3niveles_wls_structural
SS_CENTRAL,1,13,18.567,30.601,11.828,0.691,0.8462,0.8,56.487,hibrido_3niveles_wls_structural
SS_CENTRAL,2,13,18.516,23.967,10.529,0.6892,0.7692,0.8,60.39,hibrido_3niveles_wls_structural
SS_CENTRAL,3,13,19.295,23.257,9.635,0.7181,0.7692,0.8,62.487,hibrido_3niveles_wls_structural
SS_CENTRAL,4,13,19.681,23.746,9.209,0.7325,0.6923,0.8,61.407,hibrido_3niveles_wls_structural
SS_CENTRAL,5,13,21.194,31.339,13.154,0.7888,0.8462,0.8,60.971,hibrido_3niveles_wls_structural
SS_CENTRAL,6,13,24.612,30.362,13.641,0.916,0.4615,0.8,57.82,hibrido_3niveles_wls_structural
SS_CENTRAL,7,13,25.806,31.153,12.923,0.9605,0.6154,0.8,58.405,hibrido_3niveles_wls_structural
SS_CENTRAL,8,13,23.074,27.399,10.88,0.8588,0.6923,0.8,61.79,hibrido_3niveles_wls_structural
SS_NORTE,1,13,76.126,109.064,14.799,0.7439,0.6154,0.8,175.787,hibrido_3niveles_wls_structural
SS_NORTE,2,13,51.187,63.068,8.236,0.5002,0.6923,0.8,181.4,hibrido_3niveles_wls_structural
SS_NORTE,3,13,48.213,66.116,8.061,0.4711,0.7692,0.8,172.135,hibrido_3niveles_wls_structural
SS_NORTE,4,13,47.319,58.58,7.236,0.4624,0.6923,0.8,145.13,hibrido_3niveles_wls_structural
SS_NORTE,5,13,76.736,117.822,15.24,0.7498,0.6923,0.8,157.793,hibrido_3niveles_wls_structural
SS_NORTE,6,13,52.453,60.395,8.747,0.5126,0.7692,0.8,150.944,hibrido_3niveles_wls_structural
SS_NORTE,7,13,44.878,59.932,7.473,0.4385,0.6923,0.8,155.388,hibrido_3niveles_wls_structural
SS_NORTE,8,13,44.035,55.681,6.672,0.4303,0.8462,0.8,160.474,hibrido_3niveles_wls_structural
SS_OCCIDENTE,1,13,46.792,72.088,13.278,0.7568,0.6923,0.8,91.223,hibrido_3niveles_wls_structural
SS_OCCIDENTE,2,13,27.49,33.623,6.495,0.4446,0.9231,0.8,98.576,hibrido_3niveles_wls_structural
SS_OCCIDENTE,3,13,22.72,26.056,5.256,0.3675,0.9231,0.8,97.356,hibrido_3niveles_wls_structural
SS_OCCIDENTE,4,13,24.1,27.106,5.435,0.3898,0.8462,0.8,88.741,hibrido_3niveles_wls_structural
SS_OCCIDENTE,5,13,47.974,74.013,13.524,0.7759,0.6154,0.8,96.547,hibrido_3niveles_wls_structural
SS_OCCIDENTE,6,13,35.134,44.157,8.239,0.5682,0.7692,0.8,95.861,hibrido_3niveles_wls_structural
SS_OCCIDENTE,7,13,28.006,35.526,6.315,0.453,0.6154,0.8,104.753,hibrido_3niveles_wls_structural
SS_OCCIDENTE,8,13,22.607,28.243,5.317,0.3656,0.9231,0.8,97.034,hibrido_3niveles_wls_structural
SS_ORIENTE,1,13,22.177,31.867,16.517,0.6638,0.7692,0.8,54.92,hibrido_3niveles_wls_structural
SS_ORIENTE,2,13,16.589,19.101,10.057,0.4966,0.7692,0.8,52.777,hibrido_3niveles_wls_structural
SS_ORIENTE,3,13,8.943,11.581,5.587,0.2677,1.0,0.8,58.435,hibrido_3niveles_wls_structural
SS_ORIENTE,4,13,23.447,37.435,11.955,0.7018,0.6923,0.8,57.379,hibrido_3niveles_wls_structural
SS_ORIENTE,5,13,21.602,32.628,16.425,0.6466,0.7692,0.8,52.579,hibrido_3niveles_wls_structural
SS_ORIENTE,6,13,21.292,24.427,12.739,0.6373,0.5385,0.8,51.704,hibrido_3niveles_wls_structural
SS_ORIENTE,7,13,8.925,10.492,5.239,0.2671,0.9231,0.8,53.798,hibrido_3niveles_wls_structural
SS_ORIENTE,8,13,24.214,35.789,12.47,0.7248,0.5385,0.8,52.584,hibrido_3niveles_wls_structural
SS_SUR,1,13,25.934,51.159,9.971,0.64,0.8462,0.8,76.413,hibrido_3niveles_wls_structural
SS_SUR,2,13,24.284,30.4,7.914,0.5993,0.5385,0.8,68.961,hibrido_3niveles_wls_structural
SS_SUR,3,13,21.022,27.711,6.025,0.5188,0.6923,0.8,69.036,hibrido_3niveles_wls_structural
SS_SUR,4,13,19.704,30.217,5.469,0.4863,0.8462,0.8,71.23,hibrido_3niveles_wls_structural
SS_SUR,5,13,23.173,45.958,8.98,0.5719,0.8462,0.8,67.677,hibrido_3niveles_wls_structural
SS_SUR,6,13,31.009,37.353,10.104,0.7653,0.5385,0.8,65.445,hibrido_3niveles_wls_structural
SS_SUR,7,13,21.905,27.76,6.326,0.5406,0.6923,0.8,65.713,hibrido_3niveles_wls_structural
SS_SUR,8,13,12.446,17.03,3.812,0.3072,0.9231,0.8,62.6,hibrido_3niveles_wls_structural
SS_SUR_-_ORIENTE,1,13,40.689,57.617,14.656,0.8369,0.6923,0.8,90.83,hibrido_3niveles_wls_structural
SS_SUR_-_ORIENTE,2,13,29.12,34.007,8.1,0.599,0.8462,0.8,90.042,hibrido_3niveles_wls_structural
SS_SUR_-_ORIENTE,3,13,24.713,29.409,6.952,0.5083,0.9231,0.8,90.62,hibrido_3niveles_wls_structural
SS_SUR_-_ORIENTE,4,13,33.502,34.558,9.156,0.6891,0.8462,0.8,90.63,hibrido_3niveles_wls_structural
SS_SUR_-_ORIENTE,5,13,37.379,55.671,13.487,0.7688,0.6923,0.8,94.782,hibrido_3niveles_wls_structural
SS_SUR_-_ORIENTE,6,13,28.762,32.937,7.966,0.5916,0.7692,0.8,93.605,hibrido_3niveles_wls_structural
SS_SUR_-_ORIENTE,7,13,25.275,30.494,6.919,0.5199,0.8462,0.8,90.991,hibrido_3niveles_wls_structural
SS_SUR_-_ORIENTE,8,13,32.112,39.725,8.367,0.6605,0.8462,0.8,83.574,hibrido_3niveles_wls_structural
